Date,Adj Close,Close,High,Low,Open,Volume,Predicted_Close
12-08-2002,25.82840729,39.70000076,40,38.72499847,38.72499847,212976,39.16249847
13-08-2002,25.4787178,39.16249847,40.38750076,38.875,39.75,153576,36.46250153
14-08-2002,23.72211838,36.46250153,39.25,35.72499847,39.25,822776,36.46250153
15-08-2002,23.72211838,36.46250153,36.46250153,36.46250153,36.46250153,0,36.375
16-08-2002,23.66519547,36.375,38,35.75,36.27500153,811856,35.47499847
19-08-2002,23.07966423,35.47499847,36.67499924,35.13750076,36.67499924,205880,36.46250153
20-08-2002,23.72211838,36.46250153,38.72499847,35.48749924,35.72499847,3773624,38.25
21-08-2002,24.8850441,38.25,39.20000076,36.52500153,38.47499847,3011064,39.90000153
22-08-2002,25.95852661,39.90000153,41.57500076,39.3125,39.51250076,6732480,42.29999924
23-08-2002,27.51993561,42.29999924,43.625,39.76250076,40.25,4841672,42.15000153
26-08-2002,27.42233467,42.15000153,43.25,41.8125,42.97499847,2576912,41.09999847
27-08-2002,26.73922157,41.09999847,44.25,40.75,42.5,3694224,41.13750076
28-08-2002,26.76362419,41.13750076,41.59999847,40.28749847,40.97499847,1674960,41.13750076
29-08-2002,26.76362419,41.13750076,41.875,40.75,40.88750076,1236544,44.04999924
30-08-2002,28.65846252,44.04999924,45.125,41.25,41.26250076,3762384,44.5
02-09-2002,28.95123672,44.5,45.97499847,44.04999924,44.75,2389568,42.41249847
03-09-2002,27.59312248,42.41249847,44.9375,42,44.75,986784,43.33750153
04-09-2002,28.19491959,43.33750153,43.75,41.38750076,41.875,1449856,43.07500076
05-09-2002,28.02414322,43.07500076,44.86249924,42.5,44.66249847,1061360,41.47499847
06-09-2002,26.98319817,41.47499847,43.25,41.01250076,43.25,907472,40.9375
09-09-2002,26.63350677,40.9375,42.6875,39.5,39.5,880848,40.9375
10-09-2002,26.63350677,40.9375,40.9375,40.9375,40.9375,0,41.97499847
11-09-2002,27.30849648,41.97499847,42.70000076,41.16249847,41.16249847,635936,42.1875
12-09-2002,27.4467411,42.1875,43.22499847,41.90000153,42.48749924,781968,40.98749924
13-09-2002,26.66602135,40.98749924,42.22499847,40.63750076,40.71250153,338264,40.1875
16-09-2002,26.14555168,40.1875,41.59999847,39.875,41.375,288592,41.36249924
17-09-2002,26.91000175,41.36249924,41.625,40.77500153,40.91249847,462952,40.08750153
18-09-2002,26.08052063,40.08750153,41.25,39.75,41.125,315432,39.75
19-09-2002,25.86093521,39.75,41.07500076,39.25,39.75,490848,39.09999847
20-09-2002,25.43804169,39.09999847,39.67499924,38.16249847,38.32500076,501072,38.4375
23-09-2002,25.00702858,38.4375,39.47499847,38.27500153,39.375,248504,37.13750076
24-09-2002,24.16126251,37.13750076,38.29999924,36.72499847,38.29999924,267912,37.42499924
25-09-2002,24.34831619,37.42499924,37.75,36,36.27500153,379544,38.01250076
26-09-2002,24.73054123,38.01250076,38.61249924,37.75,38.20000076,178136,38.47499847
27-09-2002,25.03142929,38.47499847,39,37.88750076,37.88750076,206288,37.07500076
30-09-2002,24.12060547,37.07500076,38.47499847,36.27500153,37.88750076,202232,36.76250076
01-10-2002,23.91729164,36.76250076,37.75,36.125,37.25,240192,36.76250076
02-10-2002,23.91729164,36.76250076,36.76250076,36.76250076,36.76250076,0,37.75
03-10-2002,24.55975342,37.75,39.75,37.25,37.25,673264,37.51250076
04-10-2002,24.40523148,37.51250076,38.36249924,37.125,38.25,258296,37.34999847
07-10-2002,24.29951096,37.34999847,38,37.02500153,37.76250076,110976,38.36249924
08-10-2002,24.95825195,38.36249924,38.72499847,37.25,37.46250153,227352,37.38750076
09-10-2002,24.32391548,37.38750076,39.11249924,37.0625,38.5,277040,37.42499924
10-10-2002,24.34831619,37.42499924,38.5,36.63750076,38.5,173224,38.21250153
11-10-2002,24.86064148,38.21250153,38.9375,38.11249924,38.47499847,192536,37.9375
14-10-2002,24.68173981,37.9375,39,37.57500076,38.92499924,152744,37.9375
15-10-2002,24.68173981,37.9375,37.9375,37.9375,37.9375,0,38.01250076
16-10-2002,24.73054123,38.01250076,42.77500153,37.77500153,42.77500153,247760,38.01250076
17-10-2002,24.73054123,38.01250076,38.25,37.52500153,38.25,144512,38.8125
18-10-2002,25.25101089,38.8125,39.92499924,38.28749847,38.75,512312,39.41249847
21-10-2002,25.64134979,39.41249847,40.73749924,39.25,39.72499847,646296,37.98749924
22-10-2002,24.71426392,37.98749924,39.75,37.75,39.75,229384,37.8125
23-10-2002,24.60041046,37.8125,38.70000076,37.52500153,38.25,153320,37.15000153
24-10-2002,24.16939926,37.15000153,38.34999847,36.90000153,38.22499847,168744,36.38750076
25-10-2002,23.6733284,36.38750076,37.08750153,36.27500153,36.5,172296,35.84999847
28-10-2002,23.32363701,35.84999847,36.5,35.54999924,36.125,134504,36.16249847
29-10-2002,23.52693939,36.16249847,36.45000076,35.54999924,35.75,143024,36.77500153
30-10-2002,23.92542839,36.77500153,37.4375,36.25,36.5,164320,37.34999847
31-10-2002,24.29951096,37.34999847,37.5,36.79999924,37,118928,36.96250153
01-11-2002,24.04741287,36.96250153,38.15000153,36.76250076,37.52500153,108792,37.23749924
04-11-2002,24.22633553,37.23749924,37.5,36.95000076,37.5,56560,36.83750153
05-11-2002,23.96608925,36.83750153,37.32500076,36.59999847,36.88750076,70288,36.83750153
06-11-2002,23.96608925,36.83750153,36.83750153,36.83750153,36.83750153,0,37.97499847
07-11-2002,24.70614052,37.97499847,39.5,37.5,37.5,204880,37.3125
08-11-2002,24.2751236,37.3125,37.73749924,37.02500153,37.25,77664,36.75
11-11-2002,23.90916061,36.75,37.5,36.67499924,37.5,66568,36.9375
12-11-2002,24.03114891,36.9375,37.5,36.5,36.5,106864,36.625
13-11-2002,23.82783127,36.625,37.22499847,36.42499924,37.125,106264,37.125
14-11-2002,24.1531353,37.125,37.90000153,36.63750076,37.20000076,211856,37.92499924
15-11-2002,24.67360878,37.92499924,38.16249847,37.5,37.95000076,154144,38.3125
18-11-2002,24.92572021,38.3125,38.73749924,37.83750153,38.25,217672,38.3125
19-11-2002,24.92572021,38.3125,38.3125,38.3125,38.3125,0,39.57500076
20-11-2002,25.74708176,39.57500076,39.875,38.25,38.25,406128,43
21-11-2002,27.97536469,43,44.72499847,40.3125,40.3125,2664024,42.33750153
22-11-2002,27.54433441,42.33750153,45.17499924,41.38750076,41.38750076,1184016,42.26250076
25-11-2002,27.49554253,42.26250076,43.20000076,41.75,42.75,428920,42.01250076
26-11-2002,27.33289146,42.01250076,43.45000076,41.77500153,42.625,367496,41.125
27-11-2002,26.75549126,41.125,42.75,40.88750076,42.75,301128,42.79999924
28-11-2002,27.84523964,42.79999924,43.72499847,41.51250076,41.52500153,447680,42.79999924
29-11-2002,27.84523964,42.79999924,42.79999924,42.79999924,42.79999924,0,47.38750076
02-12-2002,30.82981682,47.38750076,49,44.47499847,44.875,1388680,50.09999847
03-12-2002,32.59454346,50.09999847,52.42499924,46.77500153,48.5,4082608,48.42499924
04-12-2002,31.5048008,48.42499924,51.1875,47.76250076,49.22499847,2594928,49.65000153
05-12-2002,32.30177689,49.65000153,51.11249924,48.125,48.125,1720264,50.95000076
06-12-2002,33.14754486,50.95000076,51.67499924,49.63750076,50.5,1139968,48.5
09-12-2002,31.55359077,48.5,51.72499847,48.02500153,50.75,975768,49.61249924
10-12-2002,32.27735901,49.61249924,50.5,47.27500153,47.625,837808,51.95000076
11-12-2002,33.79812241,51.95000076,53.98749924,50.75,51,3286400,52.375
12-12-2002,34.07463074,52.375,54,52,52,2568024,52.58750153
13-12-2002,34.21287537,52.58750153,53.67499924,52.27500153,53,1112288,50.32500076
16-12-2002,32.74092102,50.32500076,53.67499924,50.02500153,53.25,1231456,49.40000153
17-12-2002,32.13911438,49.40000153,51.27500153,48.90000153,51.27500153,855656,48.9375
18-12-2002,31.83823204,48.9375,50.72499847,48.59999847,49.95000076,618096,53.07500076
19-12-2002,34.530056,53.07500076,54.375,49.375,49.92499924,3770256,53.51250076
20-12-2002,34.8146553,53.51250076,54.95000076,52.5,53.75,2952072,51.61249924
23-12-2002,33.57855225,51.61249924,53.76250076,51.25,53.75,1277744,53.73749924
24-12-2002,34.96105576,53.73749924,54,51.5625,51.75,1729840,53.73749924
25-12-2002,34.96105576,53.73749924,53.73749924,53.73749924,53.73749924,0,55.26250076
26-12-2002,35.95321655,55.26250076,55.95000076,53.25,54.15000153,2894448,54.01250076
27-12-2002,35.13996887,54.01250076,55.875,53.78749847,55.65000153,956984,57.15000153
30-12-2002,37.18118286,57.15000153,57.72499847,52.76250076,54,4253744,60.11249924
31-12-2002,39.10856247,60.11249924,61.08750153,56,57.52500153,9998480,61.08750153
01-01-2003,39.74289703,61.08750153,61.97499847,59.98749924,59.98749924,6027072,58.29999924
02-01-2003,37.92937088,58.29999924,62.92499924,57.91249847,61.52500153,5325328,59.01250076
03-01-2003,38.39291763,59.01250076,61.04999924,58.5,60,4198040,57.26250076
06-01-2003,37.25438309,57.26250076,60.1875,56.875,59.92499924,4121520,56.59999847
07-01-2003,36.82336807,56.59999847,58.5,56.0625,58,2650800,58.625
08-01-2003,38.14081192,58.625,59.15000153,56.92499924,57.34999847,2648456,59.20000076
09-01-2003,38.51489639,59.20000076,60.15000153,58.45000076,59,2630400,55.57500076
10-01-2003,36.15652084,55.57500076,60,55.26250076,60,1702816,56.13750076
13-01-2003,36.52246475,56.13750076,56.75,54.25,56.22499847,2421496,56.88750076
14-01-2003,37.01041412,56.88750076,58.625,56.5,56.72499847,2239360,58.02500153
15-01-2003,37.75045395,58.02500153,58.625,57.02500153,57.34999847,2759760,58.84999847
16-01-2003,38.28720093,58.84999847,60.20000076,57.52500153,58.46250153,2842656,57.52500153
17-01-2003,37.42516327,57.52500153,59,57.27500153,58.125,1284144,55.6875
20-01-2003,36.22970963,55.6875,57.47499847,55.27500153,57.25,928872,54.23749924
21-01-2003,35.28635406,54.23749924,56.5625,54,55.76250076,1147240,54.47499847
22-01-2003,35.44086456,54.47499847,55.75,54.07500076,54.70000076,1081352,52.47499847
23-01-2003,34.13967514,52.47499847,54.47499847,51.77500153,53.75,1001872,50.59999847
24-01-2003,32.91982651,50.59999847,53.47499847,49.88750076,52.625,1436848,47.07500076
27-01-2003,30.62648964,47.07500076,49.97499847,46.27500153,48,916832,50.36249924
28-01-2003,32.76532364,50.36249924,50.75,46.25,48.13750076,2043224,48.9375
29-01-2003,31.83823204,48.9375,51.25,48.54999924,50.52500153,1370440,49.6875
30-01-2003,32.32616425,49.6875,51.09999847,48.77500153,48.77500153,1203464,48.48749924
31-01-2003,31.5454731,48.48749924,50.11249924,48.17499924,48.75,1083040,52.1875
03-02-2003,33.95264435,52.1875,52.47499847,48.625,48.8125,1566808,50.54999924
04-02-2003,32.88728714,50.54999924,53.47499847,50.01250076,52.25,1311144,49.61249924
05-02-2003,32.27735901,49.61249924,50.5,48.83750153,49.75,845080,50.61249924
06-02-2003,32.92796326,50.61249924,50.90000153,49.125,49.6875,946624,50.125
07-02-2003,32.61079025,50.125,51.91249847,49.5625,50.13750076,1023440,48.46250153
10-02-2003,31.52919769,48.46250153,50.22499847,48.29999924,49.5,449688,48.02500153
11-02-2003,31.24455261,48.02500153,49.73749924,47.75,48.5,701960,47.38750076
12-02-2003,30.82981682,47.38750076,48.75,47.02500153,48.52500153,459064,47.38750076
13-02-2003,30.82981682,47.38750076,47.38750076,47.38750076,47.38750076,0,44.98749924
14-02-2003,29.26839828,44.98749924,47.84999847,44.5625,45.63750076,790336,47.84999847
17-02-2003,31.13071442,47.84999847,48,45.78749847,46.25,795272,47.5625
18-02-2003,30.94366264,47.5625,49,47.32500076,48.59999847,819688,47.58750153
19-02-2003,30.95991325,47.58750153,48.46250153,47.41249847,48.25,455960,47.4375
20-02-2003,30.86234283,47.4375,47.73749924,45.82500076,46.40000153,542944,46.61249924
21-02-2003,30.32560158,46.61249924,47.95000076,46.42499924,47.5,494544,46.90000153
24-02-2003,30.51266098,46.90000153,47.73749924,46.5,47.73749924,326488,45.79999924
25-02-2003,29.7970047,45.79999924,47,45.38750076,45.38750076,264440,45
26-02-2003,29.27653503,45,46.95000076,44.65000153,46.27500153,422312,45.6875
27-02-2003,29.7238121,45.6875,46.45000076,44.70000076,44.75,280480,48.04999924
28-02-2003,31.26080894,48.04999924,48.5,46.04999924,47.38750076,694688,47.52500153
03-03-2003,30.9192791,47.52500153,48.98749924,46.27500153,46.27500153,500896,46.33750153
04-03-2003,30.14669037,46.33750153,47,46,47,255760,46.52500153
05-03-2003,30.26868629,46.52500153,47,44.9375,45.82500076,471552,45.26250076
06-03-2003,29.44730759,45.26250076,46.90000153,45,46.90000153,265080,44
07-03-2003,28.6259346,44,45.97499847,43.8125,45.97499847,518664,41.02500153
10-03-2003,26.69044304,41.02500153,44.25,40.375,43.83750153,346400,42.01250076
11-03-2003,27.33289146,42.01250076,43.45000076,39.57500076,40,497168,41.38750076
12-03-2003,26.92626762,41.38750076,43.17499924,41.20000076,43.17499924,481872,41.92499924
13-03-2003,27.27597427,41.92499924,42.72499847,41,42.21250153,390112,41.92499924
14-03-2003,27.27597427,41.92499924,41.92499924,41.92499924,41.92499924,0,41.79999924
17-03-2003,27.19464302,41.79999924,43,40.27500153,40.77500153,373856,41.79999924
18-03-2003,27.19464302,41.79999924,41.79999924,41.79999924,41.79999924,0,41.71250153
19-03-2003,27.13771629,41.71250153,43.25,41.3125,42.875,374256,42.72499847
20-03-2003,27.79643631,42.72499847,43,41,41.875,537616,42.72499847
21-03-2003,27.79643631,42.72499847,42.72499847,42.72499847,42.72499847,0,41.58750153
24-03-2003,27.05638504,41.58750153,43.75,41.25,43.375,328920,40.98749924
25-03-2003,26.66602135,40.98749924,42.47499847,40.125,42.47499847,351496,40.79999924
26-03-2003,26.54406357,40.79999924,42.25,40.125,42.25,260264,40.41249847
27-03-2003,26.29195213,40.41249847,41,40,40.47499847,241056,40.17499924
28-03-2003,26.1374321,40.17499924,41.5,40,41.5,218000,38.38750076
31-03-2003,24.97450066,38.38750076,39.71250153,32.47499847,32.47499847,230712,38.38750076
02-04-2003,24.97450066,38.38750076,38.38750076,38.38750076,38.38750076,0,38.38750076
03-04-2003,24.97450066,38.38750076,38.38750076,38.38750076,38.38750076,0,38.38750076
04-04-2003,24.97450066,38.38750076,38.38750076,38.38750076,38.38750076,0,38.38750076
07-04-2003,24.97450066,38.38750076,38.38750076,38.38750076,38.38750076,0,38.38750076
08-04-2003,24.97450066,38.38750076,38.38750076,38.38750076,38.38750076,0,38.38750076
09-04-2003,24.97450066,38.38750076,38.38750076,38.38750076,38.38750076,0,38.38750076
10-04-2003,24.97450066,38.38750076,38.38750076,38.38750076,38.38750076,0,38.38750076
11-04-2003,24.97450066,38.38750076,38.38750076,38.38750076,38.38750076,0,38.38750076
14-04-2003,24.97450066,38.38750076,38.38750076,38.38750076,38.38750076,0,38.38750076
15-04-2003,24.97450066,38.38750076,38.38750076,38.38750076,38.38750076,0,38.38750076
16-04-2003,24.97450066,38.38750076,38.38750076,38.38750076,38.38750076,0,38.38750076
17-04-2003,24.97450066,38.38750076,38.38750076,38.38750076,38.38750076,0,38.38750076
18-04-2003,24.97450066,38.38750076,38.38750076,38.38750076,38.38750076,0,38.38750076
21-04-2003,24.97450066,38.38750076,38.38750076,38.38750076,38.38750076,0,38.38750076
22-04-2003,24.97450066,38.38750076,38.38750076,38.38750076,38.38750076,0,38.38750076
23-04-2003,24.97450066,38.38750076,38.38750076,38.38750076,38.38750076,0,38.38750076
24-04-2003,24.97450066,38.38750076,38.38750076,38.38750076,38.38750076,0,38.38750076
25-04-2003,24.97450066,38.38750076,38.38750076,38.38750076,38.38750076,0,38.38750076
28-04-2003,24.97450066,38.38750076,38.38750076,38.38750076,38.38750076,0,38.38750076
29-04-2003,24.97450066,38.38750076,38.38750076,38.38750076,38.38750076,0,38.38750076
30-04-2003,24.97450066,38.38750076,38.38750076,38.38750076,38.38750076,0,38.38750076
01-05-2003,24.97450066,38.38750076,38.38750076,38.38750076,38.38750076,0,38.38750076
02-05-2003,24.97450066,38.38750076,38.38750076,38.38750076,38.38750076,0,38.38750076
05-05-2003,24.97450066,38.38750076,38.38750076,38.38750076,38.38750076,0,38.38750076
06-05-2003,24.97450066,38.38750076,38.38750076,38.38750076,38.38750076,0,38.38750076
07-05-2003,24.97450066,38.38750076,38.38750076,38.38750076,38.38750076,0,38.38750076
08-05-2003,24.97450066,38.38750076,38.38750076,38.38750076,38.38750076,0,38.38750076
09-05-2003,24.97450066,38.38750076,38.38750076,38.38750076,38.38750076,0,38.38750076
12-05-2003,24.97450066,38.38750076,38.38750076,38.38750076,38.38750076,0,38.38750076
13-05-2003,24.97450066,38.38750076,38.38750076,38.38750076,38.38750076,0,38.38750076
14-05-2003,24.97450066,38.38750076,38.38750076,38.38750076,38.38750076,0,38.38750076
15-05-2003,24.97450066,38.38750076,38.38750076,38.38750076,38.38750076,0,38.38750076
16-05-2003,24.97450066,38.38750076,38.38750076,38.38750076,38.38750076,0,38.38750076
19-05-2003,24.97450066,38.38750076,38.38750076,38.38750076,38.38750076,0,38.38750076
20-05-2003,24.97450066,38.38750076,38.38750076,38.38750076,38.38750076,0,38.38750076
21-05-2003,24.97450066,38.38750076,38.38750076,38.38750076,38.38750076,0,38.38750076
22-05-2003,24.97450066,38.38750076,38.38750076,38.38750076,38.38750076,0,38.38750076
23-05-2003,24.97450066,38.38750076,38.38750076,38.38750076,38.38750076,0,38.38750076
26-05-2003,24.97450066,38.38750076,38.38750076,38.38750076,38.38750076,0,38.38750076
27-05-2003,24.97450066,38.38750076,38.38750076,38.38750076,38.38750076,0,38.38750076
28-05-2003,24.97450066,38.38750076,38.38750076,38.38750076,38.38750076,0,38.38750076
29-05-2003,24.97450066,38.38750076,38.38750076,38.38750076,38.38750076,0,38.38750076
30-05-2003,24.97450066,38.38750076,38.38750076,38.38750076,38.38750076,0,38.38750076
02-06-2003,24.97450066,38.38750076,38.38750076,38.38750076,38.38750076,0,38.38750076
03-06-2003,24.97450066,38.38750076,38.38750076,38.38750076,38.38750076,0,38.38750076
04-06-2003,24.97450066,38.38750076,38.38750076,38.38750076,38.38750076,0,38.38750076
05-06-2003,24.97450066,38.38750076,38.38750076,38.38750076,38.38750076,0,38.38750076
06-06-2003,24.97450066,38.38750076,38.38750076,38.38750076,38.38750076,0,38.38750076
09-06-2003,24.97450066,38.38750076,38.38750076,38.38750076,38.38750076,0,38.38750076
10-06-2003,24.97450066,38.38750076,38.38750076,38.38750076,38.38750076,0,38.38750076
11-06-2003,24.97450066,38.38750076,38.38750076,38.38750076,38.38750076,0,38.38750076
12-06-2003,24.97450066,38.38750076,38.38750076,38.38750076,38.38750076,0,38.38750076
13-06-2003,24.97450066,38.38750076,38.38750076,38.38750076,38.38750076,0,38.38750076
16-06-2003,24.97450066,38.38750076,38.38750076,38.38750076,38.38750076,0,38.38750076
17-06-2003,24.97450066,38.38750076,38.38750076,38.38750076,38.38750076,0,38.38750076
18-06-2003,24.97450066,38.38750076,38.38750076,38.38750076,38.38750076,0,38.38750076
19-06-2003,24.97450066,38.38750076,38.38750076,38.38750076,38.38750076,0,38.38750076
20-06-2003,24.97450066,38.38750076,38.38750076,38.38750076,38.38750076,0,38.38750076
23-06-2003,24.97450066,38.38750076,38.38750076,38.38750076,38.38750076,0,38.38750076
24-06-2003,24.97450066,38.38750076,38.38750076,38.38750076,38.38750076,0,38.38750076
25-06-2003,24.97450066,38.38750076,38.38750076,38.38750076,38.38750076,0,38.38750076
26-06-2003,24.97450066,38.38750076,38.38750076,38.38750076,38.38750076,0,38.38750076
27-06-2003,24.97450066,38.38750076,38.38750076,38.38750076,38.38750076,0,38.38750076
30-06-2003,24.97450066,38.38750076,38.38750076,38.38750076,38.38750076,0,38.38750076
01-07-2003,24.97450066,38.38750076,38.38750076,38.38750076,38.38750076,0,38.38750076
02-07-2003,24.97450066,38.38750076,38.38750076,38.38750076,38.38750076,0,38.38750076
03-07-2003,24.97450066,38.38750076,38.38750076,38.38750076,38.38750076,0,38.38750076
04-07-2003,24.97450066,38.38750076,38.38750076,38.38750076,38.38750076,0,38.38750076
07-07-2003,24.97450066,38.38750076,38.38750076,38.38750076,38.38750076,0,38.38750076
08-07-2003,24.97450066,38.38750076,38.38750076,38.38750076,38.38750076,0,38.38750076
09-07-2003,24.97450066,38.38750076,38.38750076,38.38750076,38.38750076,0,38.38750076
10-07-2003,24.97450066,38.38750076,38.38750076,38.38750076,38.38750076,0,38.38750076
11-07-2003,24.97450066,38.38750076,38.38750076,38.38750076,38.38750076,0,38.38750076
14-07-2003,24.97450066,38.38750076,38.38750076,38.38750076,38.38750076,0,38.38750076
15-07-2003,24.97450066,38.38750076,38.38750076,38.38750076,38.38750076,0,38.38750076
16-07-2003,24.97450066,38.38750076,38.38750076,38.38750076,38.38750076,0,38.38750076
17-07-2003,24.97450066,38.38750076,38.38750076,38.38750076,38.38750076,0,38.38750076
18-07-2003,24.97450066,38.38750076,38.38750076,38.38750076,38.38750076,0,38.38750076
21-07-2003,24.97450066,38.38750076,38.38750076,38.38750076,38.38750076,0,38.38750076
22-07-2003,24.97450066,38.38750076,38.38750076,38.38750076,38.38750076,0,38.38750076
23-07-2003,24.97450066,38.38750076,38.38750076,38.38750076,38.38750076,0,38.38750076
24-07-2003,24.97450066,38.38750076,38.38750076,38.38750076,38.38750076,0,38.38750076
25-07-2003,24.97450066,38.38750076,38.38750076,38.38750076,38.38750076,0,38.38750076
28-07-2003,24.97450066,38.38750076,38.38750076,38.38750076,38.38750076,0,38.38750076
29-07-2003,24.97450066,38.38750076,38.38750076,38.38750076,38.38750076,0,38.38750076
30-07-2003,24.97450066,38.38750076,38.38750076,38.38750076,38.38750076,0,38.38750076
31-07-2003,24.97450066,38.38750076,38.38750076,38.38750076,38.38750076,0,38.38750076
01-08-2003,24.97450066,38.38750076,38.38750076,38.38750076,38.38750076,0,38.38750076
04-08-2003,24.97450066,38.38750076,38.38750076,38.38750076,38.38750076,0,38.38750076
05-08-2003,24.97450066,38.38750076,38.38750076,38.38750076,38.38750076,0,38.38750076
06-08-2003,24.97450066,38.38750076,38.38750076,38.38750076,38.38750076,0,38.38750076
07-08-2003,24.97450066,38.38750076,38.38750076,38.38750076,38.38750076,0,38.38750076
08-08-2003,24.97450066,38.38750076,38.38750076,38.38750076,38.38750076,0,38.38750076
11-08-2003,24.97450066,38.38750076,38.38750076,38.38750076,38.38750076,0,38.38750076
12-08-2003,24.97450066,38.38750076,38.38750076,38.38750076,38.38750076,0,38.38750076
13-08-2003,24.97450066,38.38750076,38.38750076,38.38750076,38.38750076,0,38.38750076
14-08-2003,24.97450066,38.38750076,38.38750076,38.38750076,38.38750076,0,38.38750076
15-08-2003,24.97450066,38.38750076,38.38750076,38.38750076,38.38750076,0,38.38750076
18-08-2003,24.97450066,38.38750076,38.38750076,38.38750076,38.38750076,0,38.38750076
19-08-2003,24.97450066,38.38750076,38.38750076,38.38750076,38.38750076,0,38.38750076
20-08-2003,24.97450066,38.38750076,38.38750076,38.38750076,38.38750076,0,38.38750076
21-08-2003,24.97450066,38.38750076,38.38750076,38.38750076,38.38750076,0,38.38750076
22-08-2003,24.97450066,38.38750076,38.38750076,38.38750076,38.38750076,0,38.38750076
25-08-2003,24.97450066,38.38750076,38.38750076,38.38750076,38.38750076,0,38.38750076
26-08-2003,24.97450066,38.38750076,38.38750076,38.38750076,38.38750076,0,38.38750076
27-08-2003,24.97450066,38.38750076,38.38750076,38.38750076,38.38750076,0,38.38750076
28-08-2003,24.97450066,38.38750076,38.38750076,38.38750076,38.38750076,0,38.38750076
29-08-2003,24.97450066,38.38750076,38.38750076,38.38750076,38.38750076,0,38.38750076
01-09-2003,24.97450066,38.38750076,38.38750076,38.38750076,38.38750076,0,38.38750076
02-09-2003,24.97450066,38.38750076,38.38750076,38.38750076,38.38750076,0,38.38750076
03-09-2003,24.97450066,38.38750076,38.38750076,38.38750076,38.38750076,0,38.38750076
04-09-2003,24.97450066,38.38750076,38.38750076,38.38750076,38.38750076,0,38.38750076
05-09-2003,24.97450066,38.38750076,38.38750076,38.38750076,38.38750076,0,38.38750076
08-09-2003,24.97450066,38.38750076,38.38750076,38.38750076,38.38750076,0,38.38750076
09-09-2003,24.97450066,38.38750076,38.38750076,38.38750076,38.38750076,0,38.38750076
10-09-2003,24.97450066,38.38750076,38.38750076,38.38750076,38.38750076,0,38.38750076
11-09-2003,24.97450066,38.38750076,38.38750076,38.38750076,38.38750076,0,38.38750076
12-09-2003,24.97450066,38.38750076,38.38750076,38.38750076,38.38750076,0,38.38750076
15-09-2003,24.97450066,38.38750076,38.38750076,38.38750076,38.38750076,0,38.38750076
16-09-2003,24.97450066,38.38750076,38.38750076,38.38750076,38.38750076,0,38.38750076
17-09-2003,24.97450066,38.38750076,38.38750076,38.38750076,38.38750076,0,38.38750076
18-09-2003,24.97450066,38.38750076,38.38750076,38.38750076,38.38750076,0,38.38750076
19-09-2003,24.97450066,38.38750076,38.38750076,38.38750076,38.38750076,0,38.38750076
22-09-2003,24.97450066,38.38750076,38.38750076,38.38750076,38.38750076,0,38.38750076
23-09-2003,24.97450066,38.38750076,38.38750076,38.38750076,38.38750076,0,38.38750076
24-09-2003,24.97450066,38.38750076,38.38750076,38.38750076,38.38750076,0,38.38750076
25-09-2003,24.97450066,38.38750076,38.38750076,38.38750076,38.38750076,0,38.38750076
26-09-2003,24.97450066,38.38750076,38.38750076,38.38750076,38.38750076,0,38.38750076
29-09-2003,24.97450066,38.38750076,38.38750076,38.38750076,38.38750076,0,38.38750076
30-09-2003,24.97450066,38.38750076,38.38750076,38.38750076,38.38750076,0,38.38750076
01-10-2003,24.97450066,38.38750076,38.38750076,38.38750076,38.38750076,0,38.38750076
02-10-2003,24.97450066,38.38750076,38.38750076,38.38750076,38.38750076,0,38.38750076
03-10-2003,24.97450066,38.38750076,38.38750076,38.38750076,38.38750076,0,38.38750076
06-10-2003,24.97450066,38.38750076,38.38750076,38.38750076,38.38750076,0,38.38750076
07-10-2003,24.97450066,38.38750076,38.38750076,38.38750076,38.38750076,0,38.38750076
08-10-2003,24.97450066,38.38750076,38.38750076,38.38750076,38.38750076,0,38.38750076
09-10-2003,24.97450066,38.38750076,38.38750076,38.38750076,38.38750076,0,38.38750076
10-10-2003,24.97450066,38.38750076,38.38750076,38.38750076,38.38750076,0,38.38750076
13-10-2003,24.97450066,38.38750076,38.38750076,38.38750076,38.38750076,0,38.38750076
14-10-2003,24.97450066,38.38750076,38.38750076,38.38750076,38.38750076,0,38.38750076
15-10-2003,24.97450066,38.38750076,38.38750076,38.38750076,38.38750076,0,38.38750076
16-10-2003,24.97450066,38.38750076,38.38750076,38.38750076,38.38750076,0,38.38750076
17-10-2003,24.97450066,38.38750076,38.38750076,38.38750076,38.38750076,0,38.38750076
20-10-2003,24.97450066,38.38750076,38.38750076,38.38750076,38.38750076,0,38.38750076
21-10-2003,24.97450066,38.38750076,38.38750076,38.38750076,38.38750076,0,38.38750076
22-10-2003,24.97450066,38.38750076,38.38750076,38.38750076,38.38750076,0,38.38750076
23-10-2003,24.97450066,38.38750076,38.38750076,38.38750076,38.38750076,0,38.38750076
24-10-2003,24.97450066,38.38750076,38.38750076,38.38750076,38.38750076,0,38.38750076
27-10-2003,24.97450066,38.38750076,38.38750076,38.38750076,38.38750076,0,38.38750076
28-10-2003,24.97450066,38.38750076,38.38750076,38.38750076,38.38750076,0,38.38750076
29-10-2003,24.97450066,38.38750076,38.38750076,38.38750076,38.38750076,0,38.38750076
30-10-2003,24.97450066,38.38750076,38.38750076,38.38750076,38.38750076,0,38.38750076
31-10-2003,24.97450066,38.38750076,38.38750076,38.38750076,38.38750076,0,38.38750076
03-11-2003,24.97450066,38.38750076,38.38750076,38.38750076,38.38750076,0,38.38750076
04-11-2003,24.97450066,38.38750076,38.38750076,38.38750076,38.38750076,0,38.38750076
05-11-2003,24.97450066,38.38750076,38.38750076,38.38750076,38.38750076,0,38.38750076
06-11-2003,24.97450066,38.38750076,38.38750076,38.38750076,38.38750076,0,38.38750076
07-11-2003,24.97450066,38.38750076,38.38750076,38.38750076,38.38750076,0,38.38750076
10-11-2003,24.97450066,38.38750076,38.38750076,38.38750076,38.38750076,0,38.38750076
11-11-2003,24.97450066,38.38750076,38.38750076,38.38750076,38.38750076,0,38.38750076
12-11-2003,24.97450066,38.38750076,38.38750076,38.38750076,38.38750076,0,38.38750076
13-11-2003,24.97450066,38.38750076,38.38750076,38.38750076,38.38750076,0,38.38750076
14-11-2003,24.97450066,38.38750076,38.38750076,38.38750076,38.38750076,0,38.38750076
17-11-2003,24.97450066,38.38750076,38.38750076,38.38750076,38.38750076,0,38.38750076
18-11-2003,24.97450066,38.38750076,38.38750076,38.38750076,38.38750076,0,38.38750076
19-11-2003,24.97450066,38.38750076,38.38750076,38.38750076,38.38750076,0,38.38750076
20-11-2003,24.97450066,38.38750076,38.38750076,38.38750076,38.38750076,0,38.38750076
21-11-2003,24.97450066,38.38750076,38.38750076,38.38750076,38.38750076,0,38.38750076
24-11-2003,24.97450066,38.38750076,38.38750076,38.38750076,38.38750076,0,38.38750076
25-11-2003,24.97450066,38.38750076,38.38750076,38.38750076,38.38750076,0,38.38750076
26-11-2003,24.97450066,38.38750076,38.38750076,38.38750076,38.38750076,0,38.38750076
27-11-2003,24.97450066,38.38750076,38.38750076,38.38750076,38.38750076,0,38.38750076
28-11-2003,24.97450066,38.38750076,38.38750076,38.38750076,38.38750076,0,38.38750076
01-12-2003,24.97450066,38.38750076,38.38750076,38.38750076,38.38750076,0,38.38750076
02-12-2003,24.97450066,38.38750076,38.38750076,38.38750076,38.38750076,0,38.38750076
03-12-2003,24.97450066,38.38750076,38.38750076,38.38750076,38.38750076,0,38.38750076
04-12-2003,24.97450066,38.38750076,38.38750076,38.38750076,38.38750076,0,38.38750076
05-12-2003,24.97450066,38.38750076,38.38750076,38.38750076,38.38750076,0,38.38750076
08-12-2003,24.97450066,38.38750076,38.38750076,38.38750076,38.38750076,0,38.38750076
09-12-2003,24.97450066,38.38750076,38.38750076,38.38750076,38.38750076,0,38.38750076
10-12-2003,24.97450066,38.38750076,38.38750076,38.38750076,38.38750076,0,38.38750076
11-12-2003,24.97450066,38.38750076,38.38750076,38.38750076,38.38750076,0,38.38750076
12-12-2003,24.97450066,38.38750076,38.38750076,38.38750076,38.38750076,0,38.38750076
15-12-2003,24.97450066,38.38750076,38.38750076,38.38750076,38.38750076,0,38.38750076
16-12-2003,24.97450066,38.38750076,38.38750076,38.38750076,38.38750076,0,38.38750076
17-12-2003,24.97450066,38.38750076,38.38750076,38.38750076,38.38750076,0,38.38750076
18-12-2003,24.97450066,38.38750076,38.38750076,38.38750076,38.38750076,0,38.38750076
19-12-2003,24.97450066,38.38750076,38.38750076,38.38750076,38.38750076,0,38.38750076
22-12-2003,24.97450066,38.38750076,38.38750076,38.38750076,38.38750076,0,38.38750076
23-12-2003,24.97450066,38.38750076,38.38750076,38.38750076,38.38750076,0,38.38750076
24-12-2003,24.97450066,38.38750076,38.38750076,38.38750076,38.38750076,0,38.38750076
25-12-2003,24.97450066,38.38750076,38.38750076,38.38750076,38.38750076,0,38.38750076
26-12-2003,24.97450066,38.38750076,38.38750076,38.38750076,38.38750076,0,38.38750076
29-12-2003,24.97450066,38.38750076,38.38750076,38.38750076,38.38750076,0,38.38750076
30-12-2003,24.97450066,38.38750076,38.38750076,38.38750076,38.38750076,0,38.38750076
31-12-2003,24.97450066,38.38750076,38.38750076,38.38750076,38.38750076,0,38.38750076
01-01-2004,24.97450066,38.38750076,38.38750076,38.38750076,38.38750076,0,38.38750076
02-01-2004,24.97450066,38.38750076,38.38750076,38.38750076,38.38750076,0,38.38750076
05-01-2004,24.97450066,38.38750076,38.38750076,38.38750076,38.38750076,0,38.38750076
06-01-2004,24.97450066,38.38750076,38.38750076,38.38750076,38.38750076,0,38.38750076
07-01-2004,24.97450066,38.38750076,38.38750076,38.38750076,38.38750076,0,38.38750076
08-01-2004,24.97450066,38.38750076,38.38750076,38.38750076,38.38750076,0,38.38750076
09-01-2004,24.97450066,38.38750076,38.38750076,38.38750076,38.38750076,0,38.38750076
12-01-2004,24.97450066,38.38750076,38.38750076,38.38750076,38.38750076,0,38.38750076
13-01-2004,24.97450066,38.38750076,38.38750076,38.38750076,38.38750076,0,38.38750076
14-01-2004,24.97450066,38.38750076,38.38750076,38.38750076,38.38750076,0,38.38750076
15-01-2004,24.97450066,38.38750076,38.38750076,38.38750076,38.38750076,0,38.38750076
16-01-2004,24.97450066,38.38750076,38.38750076,38.38750076,38.38750076,0,38.38750076
19-01-2004,24.97450066,38.38750076,38.38750076,38.38750076,38.38750076,0,38.38750076
20-01-2004,24.97450066,38.38750076,38.38750076,38.38750076,38.38750076,0,38.38750076
21-01-2004,24.97450066,38.38750076,38.38750076,38.38750076,38.38750076,0,38.38750076
22-01-2004,24.97450066,38.38750076,38.38750076,38.38750076,38.38750076,0,38.38750076
23-01-2004,24.97450066,38.38750076,38.38750076,38.38750076,38.38750076,0,38.38750076
26-01-2004,24.97450066,38.38750076,38.38750076,38.38750076,38.38750076,0,38.38750076
27-01-2004,24.97450066,38.38750076,38.38750076,38.38750076,38.38750076,0,38.38750076
28-01-2004,24.97450066,38.38750076,38.38750076,38.38750076,38.38750076,0,38.38750076
29-01-2004,24.97450066,38.38750076,38.38750076,38.38750076,38.38750076,0,38.38750076
30-01-2004,24.97450066,38.38750076,38.38750076,38.38750076,38.38750076,0,38.38750076
02-02-2004,24.97450066,38.38750076,38.38750076,38.38750076,38.38750076,0,38.38750076
03-02-2004,24.97450066,38.38750076,38.38750076,38.38750076,38.38750076,0,38.38750076
04-02-2004,24.97450066,38.38750076,38.38750076,38.38750076,38.38750076,0,38.38750076
05-02-2004,24.97450066,38.38750076,38.38750076,38.38750076,38.38750076,0,38.38750076
06-02-2004,24.97450066,38.38750076,38.38750076,38.38750076,38.38750076,0,38.38750076
09-02-2004,24.97450066,38.38750076,38.38750076,38.38750076,38.38750076,0,38.38750076
10-02-2004,24.97450066,38.38750076,38.38750076,38.38750076,38.38750076,0,38.38750076
11-02-2004,24.97450066,38.38750076,38.38750076,38.38750076,38.38750076,0,38.38750076
12-02-2004,24.97450066,38.38750076,38.38750076,38.38750076,38.38750076,0,38.38750076
13-02-2004,24.97450066,38.38750076,38.38750076,38.38750076,38.38750076,0,38.38750076
16-02-2004,24.97450066,38.38750076,38.38750076,38.38750076,38.38750076,0,38.38750076
17-02-2004,24.97450066,38.38750076,38.38750076,38.38750076,38.38750076,0,38.38750076
18-02-2004,24.97450066,38.38750076,38.38750076,38.38750076,38.38750076,0,38.38750076
19-02-2004,24.97450066,38.38750076,38.38750076,38.38750076,38.38750076,0,38.38750076
20-02-2004,24.97450066,38.38750076,38.38750076,38.38750076,38.38750076,0,38.38750076
23-02-2004,24.97450066,38.38750076,38.38750076,38.38750076,38.38750076,0,38.38750076
24-02-2004,24.97450066,38.38750076,38.38750076,38.38750076,38.38750076,0,38.38750076
25-02-2004,24.97450066,38.38750076,38.38750076,38.38750076,38.38750076,0,38.38750076
26-02-2004,24.97450066,38.38750076,38.38750076,38.38750076,38.38750076,0,38.38750076
27-02-2004,24.97450066,38.38750076,38.38750076,38.38750076,38.38750076,0,38.38750076
01-03-2004,24.97450066,38.38750076,38.38750076,38.38750076,38.38750076,0,38.38750076
02-03-2004,24.97450066,38.38750076,38.38750076,38.38750076,38.38750076,0,38.38750076
03-03-2004,24.97450066,38.38750076,38.38750076,38.38750076,38.38750076,0,38.38750076
04-03-2004,24.97450066,38.38750076,38.38750076,38.38750076,38.38750076,0,38.38750076
05-03-2004,24.97450066,38.38750076,38.38750076,38.38750076,38.38750076,0,38.38750076
08-03-2004,24.97450066,38.38750076,38.38750076,38.38750076,38.38750076,0,38.38750076
09-03-2004,24.97450066,38.38750076,38.38750076,38.38750076,38.38750076,0,38.38750076
10-03-2004,24.97450066,38.38750076,38.38750076,38.38750076,38.38750076,0,38.38750076
11-03-2004,24.97450066,38.38750076,38.38750076,38.38750076,38.38750076,0,38.38750076
12-03-2004,24.97450066,38.38750076,38.38750076,38.38750076,38.38750076,0,38.38750076
15-03-2004,24.97450066,38.38750076,38.38750076,38.38750076,38.38750076,0,38.38750076
16-03-2004,24.97450066,38.38750076,38.38750076,38.38750076,38.38750076,0,38.38750076
17-03-2004,24.97450066,38.38750076,38.38750076,38.38750076,38.38750076,0,38.38750076
18-03-2004,24.97450066,38.38750076,38.38750076,38.38750076,38.38750076,0,38.38750076
19-03-2004,24.97450066,38.38750076,38.38750076,38.38750076,38.38750076,0,38.38750076
22-03-2004,24.97450066,38.38750076,38.38750076,38.38750076,38.38750076,0,38.38750076
23-03-2004,24.97450066,38.38750076,38.38750076,38.38750076,38.38750076,0,38.38750076
24-03-2004,24.97450066,38.38750076,38.38750076,38.38750076,38.38750076,0,38.38750076
25-03-2004,24.97450066,38.38750076,38.38750076,38.38750076,38.38750076,0,38.38750076
26-03-2004,24.97450066,38.38750076,38.38750076,38.38750076,38.38750076,0,38.38750076
29-03-2004,24.97450066,38.38750076,38.38750076,38.38750076,38.38750076,0,38.38750076
30-03-2004,24.97450066,38.38750076,38.38750076,38.38750076,38.38750076,0,38.38750076
31-03-2004,24.97450066,38.38750076,38.38750076,38.38750076,38.38750076,0,38.38750076
01-04-2004,24.97450066,38.38750076,38.38750076,38.38750076,38.38750076,0,38.38750076
02-04-2004,24.97450066,38.38750076,38.38750076,38.38750076,38.38750076,0,38.38750076
05-04-2004,24.97450066,38.38750076,38.38750076,38.38750076,38.38750076,0,38.38750076
06-04-2004,24.97450066,38.38750076,38.38750076,38.38750076,38.38750076,0,38.38750076
07-04-2004,24.97450066,38.38750076,38.38750076,38.38750076,38.38750076,0,38.38750076
08-04-2004,24.97450066,38.38750076,38.38750076,38.38750076,38.38750076,0,38.38750076
09-04-2004,24.97450066,38.38750076,38.38750076,38.38750076,38.38750076,0,38.38750076
12-04-2004,24.97450066,38.38750076,38.38750076,38.38750076,38.38750076,0,38.38750076
13-04-2004,24.97450066,38.38750076,38.38750076,38.38750076,38.38750076,0,38.38750076
14-04-2004,24.97450066,38.38750076,38.38750076,38.38750076,38.38750076,0,38.38750076
15-04-2004,24.97450066,38.38750076,38.38750076,38.38750076,38.38750076,0,38.38750076
16-04-2004,24.97450066,38.38750076,38.38750076,38.38750076,38.38750076,0,38.38750076
19-04-2004,24.97450066,38.38750076,38.38750076,38.38750076,38.38750076,0,38.38750076
20-04-2004,24.97450066,38.38750076,38.38750076,38.38750076,38.38750076,0,38.38750076
21-04-2004,24.97450066,38.38750076,38.38750076,38.38750076,38.38750076,0,38.38750076
22-04-2004,24.97450066,38.38750076,38.38750076,38.38750076,38.38750076,0,38.38750076
23-04-2004,24.97450066,38.38750076,38.38750076,38.38750076,38.38750076,0,38.38750076
26-04-2004,24.97450066,38.38750076,38.38750076,38.38750076,38.38750076,0,38.38750076
27-04-2004,24.97450066,38.38750076,38.38750076,38.38750076,38.38750076,0,38.38750076
28-04-2004,24.97450066,38.38750076,38.38750076,38.38750076,38.38750076,0,38.38750076
29-04-2004,24.97450066,38.38750076,38.38750076,38.38750076,38.38750076,0,38.38750076
30-04-2004,24.97450066,38.38750076,38.38750076,38.38750076,38.38750076,0,38.38750076
03-05-2004,24.97450066,38.38750076,38.38750076,38.38750076,38.38750076,0,38.38750076
04-05-2004,24.97450066,38.38750076,38.38750076,38.38750076,38.38750076,0,38.38750076
05-05-2004,24.97450066,38.38750076,38.38750076,38.38750076,38.38750076,0,115.8874969
06-05-2004,75.39521027,115.8874969,122.5,113.8000031,118.625,19760,111.8249969
07-05-2004,72.75215912,111.8249969,116.25,111.0999985,116.25,31344,111.0999985
10-05-2004,72.28048706,111.0999985,112,109.5124969,111,4904,105.3125
11-05-2004,68.51524353,105.3125,114,103.75,114,21032,98.44999695
12-05-2004,64.05049896,98.44999695,108.75,91.5,102.25,134928,95.82499695
13-05-2004,62.34272003,95.82499695,100,88.75,90.01249695,55456,89.03749847
14-05-2004,57.92687225,89.03749847,98.75,87.5,97.5,31144,74.53749847
17-05-2004,48.49333572,74.53749847,85,71.52500153,85,33968,80.03749847
18-05-2004,52.07154846,80.03749847,82.5,75,80.25,29128,85.55000305
19-05-2004,55.6579361,85.55000305,88.5,82.125,84.5,39960,83.51249695
20-05-2004,54.3323555,83.51249695,86.25,82.5,86.25,32104,80.78749847
21-05-2004,52.55952072,80.78749847,82.5,79.02500153,81.27500153,31176,89.58750153
24-05-2004,58.28469849,89.58750153,89.98750305,80.75,80.75,54792,86
25-05-2004,55.95072937,86,87.75,83,87.75,32648,86.72499847
26-05-2004,56.42237473,86.72499847,90,86,88.75,18416,86.98750305
27-05-2004,56.59315109,86.98750305,89.36250305,86.44999695,87.5,14072,83.15000153
28-05-2004,54.09651566,83.15000153,87.5,82.5,87.5,17040,79.21250153
31-05-2004,51.53483582,79.21250153,81.22499847,77.69999695,79.125,11976,80.11250305
01-06-2004,52.1203537,80.11250305,84.75,79.38749695,82.46250153,29320,80
02-06-2004,52.04714203,80,82.125,79.77500153,82.125,4560,78.67500305
03-06-2004,51.18512344,78.67500305,83.34999847,78.30000305,82,13808,78.46250153
04-06-2004,51.04686356,78.46250153,81.25,77.25,81.23750305,23944,79.22499847
07-06-2004,51.54295731,79.22499847,80,78.25,80,9608,77.47499847
08-06-2004,50.40440369,77.47499847,79.22499847,76.61250305,78.40000153,10272,79.92500305
09-06-2004,51.99837875,79.92500305,81.22499847,77.375,77.5,31424,87.23750305
10-06-2004,56.7558136,87.23750305,91.25,80,81.25,54480,93.61250305
11-06-2004,60.90328217,93.61250305,102,91.26249695,91.26249695,1495680,86.34999847
14-06-2004,56.17838669,86.34999847,93.75,85.75,93.38749695,295448,86.8125
15-06-2004,56.47932434,86.8125,89.25,85.71250153,88,172688,85.91249847
16-06-2004,55.8937645,85.91249847,87.84999847,85.5,87.5,62312,86.16249847
17-06-2004,56.05643463,86.16249847,86.92500305,85.625,85.625,30208,88.97499847
18-06-2004,57.88621521,88.97499847,93.25,86.36250305,86.36250305,91440,88.02500153
21-06-2004,57.26812744,88.02500153,92,86.80000305,90,49328,85.97499847
22-06-2004,55.93441772,85.97499847,88.25,85.5,88,20064,84.30000305
23-06-2004,54.84466934,84.30000305,87.5,82.82499695,86.875,22912,85.69999695
24-06-2004,55.75551224,85.69999695,86.5,83.27500153,84.98750305,21592,85.69999695
25-06-2004,55.75551224,85.69999695,87.5,85,85,60280,89.84999847
28-06-2004,58.45547104,89.84999847,91.25,87.19999695,87.19999695,100536,89.23750305
29-06-2004,58.05696106,89.23750305,91.47499847,88.125,91.25,47952,87.25
30-06-2004,56.76395416,87.25,90.25,87,89,20576,88.34999847
01-07-2004,57.47956467,88.34999847,88.96250153,87.52500153,88.48750305,15168,91.4375
02-07-2004,59.48827362,91.4375,93,89.5,89.5,123232,88.375
05-07-2004,57.49583817,88.375,91.625,87.75,91,22040,89.21250153
06-07-2004,58.04067993,89.21250153,90,88.13749695,88.13749695,39312,88.11250305
07-07-2004,57.32505035,88.11250305,90.75,87.5,90,39640,84.4375
08-07-2004,54.93416595,84.4375,90.03749847,83.73750305,87.5,80424,85.625
09-07-2004,55.70674896,85.625,86.25,78.0625,78.77500153,29280,87.30000305
12-07-2004,56.79646301,87.30000305,88.21250153,85,86.25,22272,88.33750153
13-07-2004,57.47143936,88.33750153,90.25,88,88.76249695,48160,90.61250305
14-07-2004,58.95155716,90.61250305,92.5,88.875,89.98750305,74376,90.90000153
15-07-2004,59.13858414,90.90000153,91.94999695,90.5625,91.75,36024,93.97499847
16-07-2004,61.13916016,93.97499847,95.5,92.52500153,93.72499847,167704,95.41249847
19-07-2004,62.07435226,95.41249847,97.19999695,93.75,95.25,174480,97.1875
20-07-2004,63.22916412,97.1875,98.25,94.77500153,96,157816,96.32499695
21-07-2004,62.66799927,96.32499695,99.76249695,95.5,99.76249695,129968,95.82499695
22-07-2004,62.34272003,95.82499695,97.5,95.51249695,97.5,64272,96.86250305
23-07-2004,63.01770782,96.86250305,97.5,95.77500153,97.5,42576,96.9375
26-07-2004,63.06650543,96.9375,97.375,96.125,97,29512,96.9375
27-07-2004,63.06650543,96.9375,96.9375,96.9375,96.9375,0,101.0625
28-07-2004,65.75019836,101.0625,103,99,100.5,182768,100.2624969
29-07-2004,65.22973633,100.2624969,101.9625015,99,101.5,93344,100.1374969
30-07-2004,65.14841461,100.1374969,102.25,100,102.25,73272,100.0250015
02-08-2004,65.0752182,100.0250015,100.75,99.75,99.8125,99528,99.90000153
03-08-2004,64.9938736,99.90000153,100.6875,99.53749847,100.25,25104,99.94999695
04-08-2004,65.02639771,99.94999695,100.1750031,95,95,43656,98.84999847
05-08-2004,64.31076813,98.84999847,100.6999969,98.25,99.75,44048,97.5625
06-08-2004,63.4731369,97.5625,99.90000153,97.5,98.27500153,32392,98.47499847
09-08-2004,64.06678009,98.47499847,98.75,95.32499695,97.51249695,19040,101.1999969
10-08-2004,65.83965302,101.1999969,101.375,98.375,101.2249985,50656,106.3000031
11-08-2004,69.15766144,106.3000031,109,100.5,101.5625,271960,106.3000031
12-08-2004,69.15766144,106.3000031,106.3000031,106.3000031,106.3000031,0,106.875
13-08-2004,69.53175354,106.875,111.75,105,110,119976,102.4000015
16-08-2004,66.62034607,102.4000015,106.0749969,101.7874985,104.75,39776,102.4124985
17-08-2004,66.62850189,102.4124985,105.8625031,102,104,74976,102.4375
18-08-2004,66.64476013,102.4375,104.4749985,102,103.375,21432,104.0625
19-08-2004,67.70196533,104.0625,104.375,103.125,103.5,19856,102.7125015
20-08-2004,66.82366943,102.7125015,104.2249985,102.4000015,102.75,22184,107.0124969
23-08-2004,69.62120819,107.0124969,109.75,97.61250305,97.61250305,108624,115.1750031
24-08-2004,74.93161774,115.1750031,116.4375,108.5,109.9499969,455456,123.4937515
25-08-2004,80.34374237,123.4937515,149.8374939,122.375,149.8374939,136928,122.375
26-08-2004,79.61588287,122.375,124.625,121.9124985,124,40443200,120.3324966
27-08-2004,78.28707886,120.3324966,122.8000031,119.8199997,122.8000031,30646000,123.3450012
30-08-2004,80.24699402,123.3450012,123.75,120.625,121.2375031,24465208,123.5124969
31-08-2004,80.35593414,123.5124969,123.75,122,123.3125,21194656,123.4875031
01-09-2004,80.33966827,123.4875031,124.375,122.9499969,123.75,19935544,124.2074966
02-09-2004,80.80806732,124.2074966,125.5749969,123.25,123.7375031,21356352,124.7324982
03-09-2004,81.14967346,124.7324982,137.5,123.7949982,125.75,9869856,124.3574982
06-09-2004,80.90568542,124.3574982,129.9875031,124.1125031,129.9875031,9038672,124.4499969
07-09-2004,80.96585083,124.4499969,129.375,124.375,129.375,5772232,124.2125015
08-09-2004,80.81137848,124.2125015,125.0999985,123.8874969,124.5,6593984,122.4950027
09-09-2004,79.69398499,122.4950027,124.7375031,122.3075027,124.625,7947184,123.5999985
10-09-2004,80.41287231,123.5999985,123.75,122,123.75,6415072,125.4375
13-09-2004,81.60832977,125.4375,126.9375,123.875,123.875,20904912,126.9574966
14-09-2004,82.59722137,126.9574966,127.3499985,125.3700027,125.625,15335472,125.7624969
15-09-2004,81.81974792,125.7624969,127.5,125.1500015,127.25,11988288,126.0575027
16-09-2004,82.01169586,126.0575027,126.875,125.3125,125.875,7358224,128.0625
17-09-2004,83.3161087,128.0625,128.7375031,126.2874985,126.5,14627896,127.8625031
20-09-2004,83.18598938,127.8625031,129.6125031,127.5199966,129.0500031,8552224,130.7250061
21-09-2004,85.0483017,130.7250061,131.0625,127.75,128.1074982,13897080,131.5075073
22-09-2004,85.55740356,131.5075073,132,129.6374969,131.0500031,15371584,128.7825012
23-09-2004,83.78456116,128.7825012,131.125,128.375,131,15819680,128.6000061
24-09-2004,83.66579437,128.6000061,130,128.25,128.6374969,8083208,127.5950012
27-09-2004,83.01198578,127.5950012,129.0625,126.875,128.4375,8229512,126.9449997
28-09-2004,82.58908081,126.9449997,128.4250031,126.5625,127,6339416,128.875
29-09-2004,83.84470367,128.875,129.125,127.0199966,127.4075012,11737176,128.3874969
30-09-2004,83.527565,128.3874969,130.1125031,127.5824966,129.4499969,12521432,130.9624939
01-10-2004,85.20281982,130.9624939,132.0574951,128.2949982,128.625,10968888,134.5625
04-10-2004,87.54496765,134.5625,135.125,131.8074951,132.125,15129824,135.0874939
05-10-2004,87.88647461,135.0874939,136.125,134.4375,135.0375061,14341288,135.1999969
06-10-2004,87.95970154,135.1999969,137.8500061,134.3825073,135.125,17670664,137.1374969
07-10-2004,89.22019196,137.1374969,137.5,135.375,135.375,10080128,137.2575073
08-10-2004,89.29832458,137.2575073,138.875,136.875,137.25,8558920,136.1625061
11-10-2004,88.58589172,136.1625061,138.9375,135.625,137.5,9332056,135.5574951
12-10-2004,88.192276,135.5574951,139.375,134.7075043,138.75,15600512,139.5249939
14-10-2004,90.77349854,139.5249939,140.5,136.0075073,137.875,19225984,140.75
15-10-2004,91.57046509,140.75,142.625,139.6575012,140.2124939,17799744,142.1575012
18-10-2004,92.48616791,142.1575012,142.75,140.6575012,141.75,13693344,142.8999939
19-10-2004,92.96924591,142.8999939,143.5874939,142.0124969,142.5200043,11767128,141.6575012
20-10-2004,92.16087341,141.6575012,143.7375031,141.125,143.1000061,7206832,140.6950073
21-10-2004,91.534729,140.6950073,142.375,140.25,142.1575012,6413520,140.6950073
22-10-2004,91.534729,140.6950073,140.6950073,140.6950073,140.6950073,0,139.6699982
25-10-2004,90.86781311,139.6699982,140.875,138.8450012,140.625,9390272,142.1499939
26-10-2004,92.4812851,142.1499939,142.6199951,139.4499969,139.4499969,6932760,142.4875031
27-10-2004,92.70090485,142.4875031,143.5,141.8999939,142.7825012,7837656,145.7449951
28-10-2004,95.07033539,145.7449951,146.8500061,143.125,143.125,18591416,144.5325012
29-10-2004,94.27944946,144.5325012,145.9949951,143.1450043,145.9949951,8661776,146.3325043
01-11-2004,95.45360565,146.3325043,146.8074951,142.7875061,143.75,6137568,144.9624939
02-11-2004,94.55995941,144.9624939,147.4700012,140.625,141.25,8864040,146.8999939
03-11-2004,95.82380676,146.8999939,148,145.125,145.125,8978136,146.3000031
04-11-2004,95.43243408,146.3000031,148.4875031,145.9624939,147.7200012,6555808,145.6824951
05-11-2004,95.02957916,145.6824951,147.5,145,146.7449951,5023848,148.0200043
08-11-2004,96.55436707,148.0200043,148.6125031,144.5,145.625,10291728,148.5500031
09-11-2004,96.90011597,148.5500031,149.7375031,147.125,148.375,7338712,149.2949982
10-11-2004,97.38607788,149.2949982,149.875,148.7624969,148.875,5734392,149.5325012
11-11-2004,97.54093933,149.5325012,150.4250031,148.8874969,149.875,5235128,149.5950012
12-11-2004,97.58174896,149.5950012,151,148.7749939,150.5,1813408,149.5950012
15-11-2004,97.58174896,149.5950012,149.5950012,149.5950012,149.5950012,0,148.8625031
16-11-2004,97.10391998,148.8625031,149.75,148,149.75,4005504,150.6750031
17-11-2004,98.28626251,150.6750031,151.2375031,148.9375,148.9375,5467936,153.875
18-11-2004,100.3736572,153.875,154.3200073,150.8125,151.1824951,7472128,152.1374969
19-11-2004,99.24023438,152.1374969,154.625,151.3874969,154.125,6812760,152.8074951
22-11-2004,99.67723846,152.8074951,153.25,149.375,150.9750061,4738272,154.4450073
23-11-2004,100.7454376,154.4450073,155.25,153.0200043,153.8249969,4312792,154.2375031
24-11-2004,100.6100998,154.2375031,155.625,153.7700043,154.875,3223304,152.1074982
25-11-2004,99.22067261,152.1074982,155.5,151.0825043,154.25,6310872,152.1074982
26-11-2004,99.22067261,152.1074982,152.1074982,152.1074982,152.1074982,0,155.4875031
29-11-2004,101.4254532,155.4875031,155.9624939,150.6950073,152,5281488,159.3325043
30-11-2004,103.9335709,159.3325043,160.75,155.625,156.0200043,10508144,157.6950073
01-12-2004,102.8654556,157.6950073,160.125,157.125,160.125,8481864,155.3249969
02-12-2004,101.3194733,155.3249969,159.625,154.8874969,158.125,9657704,154.5950012
03-12-2004,100.8433228,154.5950012,156.9875031,152.6950073,156.1575012,9777216,151.8200073
06-12-2004,99.03313446,151.8200073,156.25,151.0625,155,11473872,152.2825012
07-12-2004,99.33479309,152.2825012,154.1125031,151.875,152,7863224,150.1000061
08-12-2004,97.91118622,150.1000061,153.3249969,149.5075073,152.25,7329408,151.4324951
09-12-2004,98.7803421,151.4324951,152.125,150.6074982,150.6199951,3801224,153.2075043
10-12-2004,99.93821716,153.2075043,154.4375,151.75,152.5,6216808,154.5200043
13-12-2004,100.7943802,154.5200043,155.2075043,153.1575012,153.25,4996232,154.1450043
14-12-2004,100.5497208,154.1450043,155.5874939,153.7875061,155.25,3083504,155.6875
15-12-2004,101.5559464,155.6875,156.8450012,154.75,155.5,5772672,157.8325043
16-12-2004,102.955101,157.8325043,158.125,154.75,156.0574951,4350464,157.0625
17-12-2004,102.4528427,157.0625,159.3500061,156.5124969,157.5,5509752,157.8200073
20-12-2004,102.9469757,157.8200073,158.5625,157.0625,157.5,2268424,159.0874939
21-12-2004,103.7737503,159.0874939,159.625,157.8950043,158.1199951,3458512,155.0200043
22-12-2004,101.1204834,155.0200043,159.3874969,153.75,159.3874969,6001712,153.4824982
23-12-2004,100.1175537,153.4824982,155.9624939,153.125,155.9624939,3948912,158.4949951
24-12-2004,103.3872757,158.4949951,159,152.6950073,154.1199951,6661856,158.8200073
27-12-2004,103.5993271,158.8200073,160.625,157.7749939,158.75,4400504,163.6699982
28-12-2004,106.7629318,163.6699982,164.25,158.2749939,159,9614448,165.0325012
29-12-2004,107.65168,165.0325012,167.1125031,164.1450043,164.6199951,6633224,162.0825043
30-12-2004,105.7274399,162.0825043,166,161.4824982,164.75,5626792,166.9324951
31-12-2004,108.8910904,166.9324951,167.3500061,162.0825043,162.5,4899312,169.1575012
03-01-2005,110.3424988,169.1575012,169.5874939,166.9324951,166.9324951,4734168,167.6575012
04-01-2005,109.3640366,167.6575012,169.25,166.6450043,168.75,4979104,165.625
05-01-2005,108.0382385,165.625,167.5249939,160.0375061,167.5249939,9604320,165.0574951
06-01-2005,107.6680298,165.0574951,168.25,161.5625,165,8006888,167.4949951
07-01-2005,109.2580338,167.4949951,168.125,164.0825043,166.25,7623136,165.9324951
10-01-2005,108.2387695,165.9324951,169.9250031,165.25,168.5825043,7521568,164.2200012
11-01-2005,107.121727,164.2200012,166.9125061,162.625,166.25,7986376,162.2575073
12-01-2005,105.8415909,162.2575073,170.9949951,160.8374939,165.7449951,20720032,161.6125031
13-01-2005,105.4208145,161.6125031,167.3374939,159.375,163.75,27757952,162.0500031
14-01-2005,105.7062454,162.0500031,164.7375031,159.625,163.0874939,15757776,157.9075012
17-01-2005,103.0040665,157.9075012,163.6999969,155.0249939,163.6999969,13651184,157.9824982
18-01-2005,103.052948,157.9824982,160.5,157.1875,159.3374939,6183264,156.9250031
19-01-2005,102.3631439,156.9250031,159.2124939,156.3874969,158.25,3538488,155.4624939
20-01-2005,101.4092026,155.4624939,156.875,153.75,156.875,4536200,152.5825043
24-01-2005,99.53051758,152.5825043,155.9199982,151.9199982,155.4624939,3628192,154.4324951
25-01-2005,100.7372818,154.4324951,154.9875031,150.8874969,151.8500061,4465928,155.0700073
27-01-2005,101.1531143,155.0700073,156.7250061,154.4125061,155.4075012,5455344,161.1499939
28-01-2005,105.1192017,161.1499939,161.8500061,155.3125,155.3574982,8393816,162.5500031
31-01-2005,106.0324097,162.5500031,163.9750061,161.2825012,162.25,5853384,164.4075012
01-02-2005,107.2440338,164.4075012,165,160.875,163.375,8019840,163.6199951
02-02-2005,106.7303696,163.6199951,165.4324951,162.875,164.875,4870456,163.8874969
03-02-2005,107.1914444,163.8874969,164.3450012,162.75,164,3327616,163.3074951
04-02-2005,106.8120804,163.3074951,165.25,162.5700073,163.75,2684040,164.2200012
07-02-2005,107.4089661,164.2200012,166.3374939,162.625,164.0749969,5944216,164.5
08-02-2005,107.5920868,164.5,165.375,163.5,164.2200012,3284432,166.6000061
09-02-2005,108.9655685,166.6000061,167.9499969,165.0950012,165.125,5537936,166.5825043
10-02-2005,108.954155,166.5825043,167.9375,165.375,166.25,4376648,172.7200012
11-02-2005,112.9684143,172.7200012,173.375,167.25,167.25,10367096,176.2075043
14-02-2005,115.2494049,176.2075043,177.25,173.8825073,173.8825073,8875264,172.6699982
15-02-2005,112.9356842,172.6699982,176.875,171.75,176.25,3976720,171.0200043
16-02-2005,111.8564835,171.0200043,174.875,170.125,174.875,3126832,172.7324982
17-02-2005,112.9766312,172.7324982,173.25,168.8249969,171.0200043,4124976,171.875
18-02-2005,112.4157181,171.875,174,169.375,172.5,2545144,170.6950073
21-02-2005,111.6439438,170.6950073,171.9750061,168.1374969,171.375,1777152,170.4324951
22-02-2005,111.4721985,170.4324951,171.2449951,168.875,170.5874939,2139040,171.8699951
23-02-2005,112.4124832,171.8699951,172.7624969,169.3950043,170.4324951,5166816,170.9949951
24-02-2005,111.8401794,170.9949951,174.4875031,170.1499939,171.8699951,10806440,170.5075073
25-02-2005,111.5212708,170.5075073,172.375,169.1450043,172.1000061,5070896,172.6125031
28-02-2005,112.8981171,172.6125031,173.125,167.5,172.375,6402408,169.6824951
01-03-2005,110.9816971,169.6824951,180,168.875,172.625,4958152,171
02-03-2005,111.8434067,171,171.875,170.1999969,171.875,2658112,173.6950073
03-03-2005,113.6061249,173.6950073,174.375,170.5,171.25,2891160,174.0325012
04-03-2005,113.8268051,174.0325012,175.4375,172.75,174.25,4017872,175.0249939
07-03-2005,114.4759521,175.0249939,176,174.25,174.375,3658032,176.7449951
08-03-2005,115.6009521,176.7449951,177.6125031,174.4199982,175.5,5027680,175.9375
09-03-2005,115.0728226,175.9375,178.3125,174.3825073,176.125,5422088,174.9450073
10-03-2005,114.4237061,174.9450073,176.25,173.7825012,176.25,2302280,178.4324951
11-03-2005,116.7046814,178.4324951,179.3625031,175.625,175.75,5205744,181.4824982
14-03-2005,118.6996155,181.4824982,182.5,177.5,178.5,6534032,180.3325043
15-03-2005,117.9473953,180.3325043,182.75,178.75,181.375,4146480,181.5075073
16-03-2005,118.7159119,181.5075073,183.4499969,180,180,5473416,182.6199951
17-03-2005,119.4435501,182.6199951,184.2124939,180,181,6805328,183.5874939
18-03-2005,120.0763016,183.5874939,184.0625,178.125,182.375,6123464,182.0574951
21-03-2005,119.075676,182.0574951,184.375,180.5749969,183.7700043,4354120,180.4450073
22-03-2005,118.0210571,180.4450073,182.1374969,180.0124969,181.8500061,2684432,177.6575012
23-03-2005,116.1977997,177.6575012,181,176.6699982,180,3439416,173.0449982
24-03-2005,113.1809769,173.0449982,179.75,172.2075043,178.75,5954576,174.0500031
28-03-2005,113.8383255,174.0500031,176.1074982,173,173.875,3699728,171.3625031
29-03-2005,112.0805664,171.3625031,174.75,170.2749939,174.375,3053400,173.8200073
30-03-2005,113.6878815,173.8200073,175,170,171.3874969,4115256,179.0075073
31-03-2005,117.0807571,179.0075073,180.6374969,174.6575012,175.5625,6914640,181.3699951
01-04-2005,118.6259613,181.3699951,182.125,176.75,179.125,5562672,178.4700012
04-04-2005,116.729187,178.4700012,182.1000061,177.9125061,181.5,5257360,178.1824951
05-04-2005,116.5411606,178.1824951,180.3125,177.0124969,178.625,3367832,180.1699982
06-04-2005,117.8410645,180.1699982,181,178.375,178.375,1953408,178.1499939
07-04-2005,116.5198441,178.1499939,181.25,177.75,180.125,2483216,174.1950073
08-04-2005,113.933197,174.1950073,179.3625031,173.7575073,178.8374939,4052280,170.4499969
11-04-2005,111.4836426,170.4499969,175,170.0124969,174.625,2822992,172.75
12-04-2005,112.9880142,172.75,174.875,170.625,174.875,4112696,175.1999969
13-04-2005,114.5904694,175.1999969,175.875,173.1950073,174.25,4638600,164.875
15-04-2005,107.8373413,164.875,174.375,164.375,174.375,9862480,164.8325043
18-04-2005,107.8095398,164.8325043,168.5874939,161.375,162.5,6024304,151.0874939
19-04-2005,98.81951904,151.0874939,168.6125031,147.2624969,166.25,27235152,139.5249939
20-04-2005,91.25704956,139.5249939,150,136.6625061,150,47498256,142.8000031
21-04-2005,93.39911652,142.8000031,143.5,138.75,140.625,13252336,145.8450012
22-04-2005,95.39068604,145.8450012,146.4575043,142.5325012,145,12958672,144.6199951
25-04-2005,94.58946228,144.6199951,145.9875031,143.5,145.6000061,6880584,142.0874939
26-04-2005,92.93302917,142.0874939,145.4750061,141.7624969,144.625,5539000,139.4575043
27-04-2005,91.21290588,139.4575043,142.6374969,138.875,142.6374969,6537368,139.3500061
28-04-2005,91.14258575,139.3500061,141.25,137.1450043,139.3874969,8728872,141.3874969
29-04-2005,92.4752121,141.3874969,143.0874939,139.6325073,141.1000061,11065704,141.1125031
02-05-2005,92.29532623,141.1125031,147.25,139.7624969,143.75,5129600,138.5749969
03-05-2005,90.63569641,138.5749969,141.875,138.1699982,141.25,5503048,140.1074982
04-05-2005,91.63802338,140.1074982,140.5625,138.3125,138.3125,4792144,142.1074982
05-05-2005,92.9461441,142.1074982,143.75,140.6950073,143.7449951,6495064,145.9375
06-05-2005,95.45115662,145.9375,146.4624939,141.5200043,142.5,8188664,146.9075012
09-05-2005,96.08562469,146.9075012,147.7825012,145.7825012,146.25,4739040,144.0625
10-05-2005,94.22480011,144.0625,147.25,143.2825012,147.25,7075952,143.6374969
11-05-2005,93.94682312,143.6374969,144.0749969,142.2449951,143.5,3213288,143.3450012
12-05-2005,93.75553131,143.3450012,145.2124939,142.8950043,144.875,3608944,143.5749969
13-05-2005,93.90592194,143.5749969,143.875,142.5200043,143.625,2388752,144.2875061
16-05-2005,94.37198639,144.2875061,144.8625031,142.7825012,143.125,5775200,143.8200073
17-05-2005,94.06622314,143.8200073,145.5874939,143.0500031,145.1374969,4666576,142.8374939
18-05-2005,93.42358398,142.8374939,144.25,140.375,144.25,4588224,145.3125
19-05-2005,95.0424118,145.3125,146.5,144.1499939,144.1824951,3659448,146.2075043
20-05-2005,95.62779999,146.2075043,146.8374939,143.3999939,145.625,3265616,152.9750061
23-05-2005,100.0540848,152.9750061,154.3625031,146.25,146.25,10362016,154.3574982
24-05-2005,100.9583054,154.3574982,155.5874939,150.6575012,155.5874939,6128856,157.5700073
25-05-2005,103.0594559,157.5700073,158.6750031,151.875,153.7124939,7894472,161.2575073
26-05-2005,105.471283,161.2575073,162,156.3950043,157.25,9782096,158.6499939
27-05-2005,103.76577,158.6499939,162.375,156.9075012,160.375,7363480,164.8874969
30-05-2005,107.8454666,164.8874969,166.6325073,158,158.6499939,17893184,166.7825012
31-05-2005,109.0849533,166.7825012,167.8625031,163.1950073,165,10365568,163.0625
01-06-2005,106.6518707,163.0625,166.25,162.1950073,166.25,7530088,158.5700073
02-06-2005,103.7135544,158.5700073,163.625,158.1374969,163.5,11076624,161.6450043
03-06-2005,105.7247086,161.6450043,162.0874939,157.6325073,158.5700073,6548528,160.0500031
06-06-2005,104.6815643,160.0500031,162.7124939,158.7875061,161.875,5792512,159.7075043
07-06-2005,104.4575043,159.7075043,161.1000061,158.6325073,161.1000061,3698192,161.5124969
08-06-2005,105.6380768,161.5124969,162,159.5124969,160,4832512,159.6625061
09-06-2005,104.4280701,159.6625061,162.375,158.9199982,161.75,3598336,158.2700043
10-06-2005,103.5173187,158.2700043,162.5,157.6374969,160,6642624,158.9575043
13-06-2005,103.9670105,158.9575043,160.375,157.5249939,159.375,2590032,158.2575073
14-06-2005,103.5091324,158.2575073,159.9875031,157.5249939,159.625,3452384,159.0200043
15-06-2005,104.0078964,159.0200043,159.7375031,158.2875061,158.7200012,2791072,159.7124939
16-06-2005,104.4607925,159.7124939,160.9875031,158.1074982,159.7250061,4593552,158.4575043
17-06-2005,103.6399536,158.4575043,160.8074951,157.8874969,160.3374939,3067992,161.9875031
20-06-2005,105.9487457,161.9875031,162.7449951,158.7875061,159.375,6412672,163.1374969
21-06-2005,106.700943,163.1374969,164.0500031,160.4125061,162.5,10463544,166.6699982
22-06-2005,109.0113373,166.6699982,167.375,163.625,163.625,11537376,163.4250031
23-06-2005,106.8889542,163.4250031,167.2200012,163.125,166.25,3676944,165.7200012
24-06-2005,108.3900146,165.7200012,167.2875061,161.875,162.5,6021320,164.5574951
27-06-2005,107.629631,164.5574951,166.625,163.5,164.9624939,3548128,165.4450073
28-06-2005,108.2101974,165.4450073,166,164.2575073,164.75,5776112,166.5700073
29-06-2005,108.9459457,166.5700073,169.7449951,165.2700043,165.625,6446640,169.7624969
30-06-2005,111.0340271,169.7624969,170.625,167.3500061,167.3500061,7189000,169.0500031
01-07-2005,110.5680008,169.0500031,169.5874939,167.5449982,168.75,4820568,169.8825073
04-07-2005,111.1124649,169.8825073,171.4875031,166.375,169.8500061,3951648,165.0249939
05-07-2005,107.9354324,165.0249939,171.2200012,164.0749969,171.2200012,5187376,165.3874969
06-07-2005,108.5838089,165.3874969,166.5749969,164.5200043,165.75,3057216,163.7075043
07-07-2005,107.4807816,163.7075043,167.5,162.9075012,165.3874969,3488888,163.8874969
08-07-2005,107.5989304,163.8874969,166.1750031,161.6950073,163.8249969,6088000,165.7575073
11-07-2005,108.8266754,165.7575073,166.25,163.8874969,163.8874969,3791264,160.7375031
12-07-2005,105.5308228,160.7375031,165.125,159.0375061,164.8249969,6150600,158.8450012
13-07-2005,104.288353,158.8450012,162.5,158.375,160.625,6469840,153.125
14-07-2005,100.5329361,153.125,160.9624939,152.0449982,159.8325043,8860408,156.0574951
15-07-2005,102.4582214,156.0574951,157.7375031,151.8825073,153.875,9341720,165.2749939
18-07-2005,108.5099487,165.2749939,184.875,156.5,156.5,14475608,164.8950043
19-07-2005,108.2604294,164.8950043,169.75,157.5,168.5500031,4677744,163.5325012
20-07-2005,107.3658752,163.5325012,166.875,163.1450043,166.875,3494304,161.2875061
21-07-2005,105.8919525,161.2875061,165.125,160,165.125,4198984,161.7449951
22-07-2005,106.1923676,161.7449951,162.2324982,158.8000031,160.625,5179296,160.5449982
25-07-2005,105.4044571,160.5449982,162.7949982,159.3999939,162.0749969,5433024,158.1575012
26-07-2005,103.8369904,158.1575012,161.5,157.5,160.7324982,5229680,160.5625
27-07-2005,105.4159546,160.5625,161,158.125,158.125,2597408,321.125
28-07-2005,210.8319092,321.125,321.125,321.125,321.125,0,158.6000061
29-07-2005,104.1275253,158.6000061,161.25,157.75,159.375,8358552,156.5249939
01-08-2005,102.765152,156.5249939,159.375,155.3325043,158.375,5430792,161.2875061
02-08-2005,105.8919525,161.2875061,162.25,157.25,161.5,4821520,162.5950012
03-08-2005,106.7503815,162.5950012,163.4250031,160.375,162.1875,7274320,161.9075012
04-08-2005,106.2990265,161.9075012,164.9750061,161,163.125,6346936,160.6750031
05-08-2005,105.4898529,160.6750031,163.5,159.6499939,162.5,3162848,160.3825073
08-08-2005,105.2977905,160.3825073,161.25,158.4075012,161.25,4109360,160.5500031
09-08-2005,105.4077454,160.5500031,160.875,158,159.375,4743752,164.1325073
10-08-2005,107.7598495,164.1325073,164.5825043,160.7075043,160.7075043,6958080,164.1074982
11-08-2005,107.7434158,164.1074982,166.125,163.3249969,164.5825043,3645312,160.3574982
12-08-2005,105.2813568,160.3574982,166.0500031,159.4499969,166.0500031,3821832,158.6325073
16-08-2005,104.1488342,158.6325073,161.25,158.125,161.25,3653408,162.3950043
17-08-2005,106.619072,162.3950043,162.75,157.6625061,160,5637488,164.2124939
18-08-2005,108.0618439,164.2124939,165.625,163.1625061,163.375,7813656,165.6699982
19-08-2005,109.0210114,165.6699982,166.5,163.8874969,164.375,4966272,164.7324982
22-08-2005,108.4040604,164.7324982,168.5500031,155.625,165.625,4492016,164.5075073
23-08-2005,108.2559662,164.5075073,166.3325043,164.125,165.875,4686416,161.9624939
24-08-2005,106.5811996,161.9624939,164.75,160.5,164.5075073,4036760,165.4575043
25-08-2005,108.8811569,165.4575043,166.25,162.5,163.125,6341224,170.5950012
26-08-2005,112.2619476,170.5950012,171.25,165.625,166.0574951,8198664,169.4199982
29-08-2005,111.4887466,169.4199982,172.25,166.25,171.25,4081336,173.0449982
30-08-2005,113.8741837,173.0449982,173.875,169.4575043,169.4575043,5807592,175.6074982
31-08-2005,115.5605164,175.6074982,176.9199982,172.5,172.6000061,7408896,178.0325012
01-09-2005,117.156311,178.0325012,179.25,176.125,176.2324982,7600184,178.3999939
02-09-2005,117.3981247,178.3999939,180,176.8825073,178.75,4920864,176.2825012
05-09-2005,116.0047073,176.2825012,183.3625031,175.7949982,180,7254784,174.8074951
06-09-2005,115.03405,174.8074951,177.4875031,173.5,176.875,5023440,175.7624969
08-09-2005,115.6625061,175.7624969,176.875,174.4075012,175,2878192,173.9949951
09-09-2005,114.4993591,173.9949951,176.75,168.875,168.875,3741776,178.7749939
12-09-2005,117.6448212,178.7749939,204.75,175.8125,178.625,6631072,177.8000031
13-09-2005,117.0032959,177.8000031,178.875,176.3249969,178.875,2244984,175.0200043
14-09-2005,115.1738205,175.0200043,178.375,173.375,177.5,3890080,181.2375031
15-09-2005,119.2652969,181.2375031,181.8450012,175.25,175.25,11040736,182.1999969
16-09-2005,119.8986969,182.1999969,184.7124939,179.5249939,181.8450012,5480184,181.7700043
19-09-2005,119.6158142,181.7700043,185,180.375,184.7124939,2877448,183.8074951
20-09-2005,120.9566269,183.8074951,185,177.5,181.875,6293424,181.7075043
21-09-2005,119.5746307,181.7075043,184.5,175,184.25,6215320,175.1824951
22-09-2005,115.2807541,175.1824951,185.875,174.625,184.5,6482408,176.5574951
23-09-2005,116.1856232,176.5574951,178.7250061,175.0449982,175.0449982,3815824,183.2375031
26-09-2005,120.5815125,183.2375031,184.125,177,177.5,2290048,182.7875061
27-09-2005,120.2853394,182.7875061,185.125,180.7875061,184.375,6404008,183.6875
28-09-2005,120.8775864,183.6875,184.3625031,180.875,183,5900064,184.1074982
29-09-2005,121.153923,184.1074982,186.8000031,183.125,185,8421888,185.2949982
30-09-2005,121.9354553,185.2949982,186.4750061,183.0325012,185,4982976,187.2375031
03-10-2005,123.2137222,187.2375031,188.1125031,181.9250031,181.9250031,4472520,186.2200012
04-10-2005,122.5442123,186.2200012,187.75,185.4125061,187.4750061,6350472,183.75
05-10-2005,120.9187851,183.75,186.125,183.125,185.5,6577720,178.0825043
06-10-2005,117.1892319,178.0825043,183.1325073,177.1450043,183.1325073,8233792,180.6000061
07-10-2005,118.8458328,180.6000061,181.75,176.8999939,178.125,6206624,181.0625
10-10-2005,119.150177,181.0625,184.375,180.4125061,181.2250061,5371728,183.4700012
11-10-2005,120.7344666,183.4700012,184.3500061,177.75,182.5,11565120,180.1625061
13-10-2005,118.5579605,180.1625061,185.625,178.7949982,183.75,13605792,178.0075073
14-10-2005,117.1398392,178.0075073,181.5,176.875,181.25,5226192,179.2700043
17-10-2005,117.9706497,179.2700043,180.25,177.9875031,178.75,4388816,180.1199951
18-10-2005,118.77845,180.1199951,183.1000061,178.8874969,180.25,10941600,175.1999969
19-10-2005,115.533989,175.1999969,182.5,171.5200043,182.4949951,10058832,177.0449982
20-10-2005,116.750618,177.0449982,179.375,173.8825073,176.8874969,6352952,178.5325012
21-10-2005,117.7315826,178.5325012,179.6000061,176.125,178.625,5923416,175.9375
24-10-2005,116.0203171,175.9375,180.5,175.1325073,179.0249939,3149632,180
25-10-2005,118.6993713,180,181.375,176.0625,177.2949982,5420312,177.7825012
26-10-2005,117.2369843,177.7825012,180.625,177.3874969,180,4142808,175.1625061
27-10-2005,115.5093002,175.1625061,178.6125031,173.75,177.875,6771944,170.2700043
28-10-2005,112.2829208,170.2700043,176.125,169.375,176.125,4501496,175.1575012
31-10-2005,115.5059662,175.1575012,176,170.0449982,170.625,2851968,178.625
02-11-2005,117.7925949,178.625,179.5,173.5500031,175.1625061,2852888,178.625
04-11-2005,117.7925949,178.625,178.625,178.625,178.625,0,183.0950012
07-11-2005,120.7403336,183.0950012,183.4624939,176,176,4188480,184.625
08-11-2005,121.7492371,184.625,185.5325012,183.8000031,184.25,5782184,182.1000061
09-11-2005,120.0841446,182.1000061,185.3825073,181.2825012,184.625,5000792,183.7200012
10-11-2005,121.1524811,183.7200012,184.6125031,182.125,182.125,3095696,185.3325043
11-11-2005,122.2157974,185.3325043,186,183.125,183.125,5919888,188.7875061
14-11-2005,124.494072,188.7875061,189.3325043,186.25,186.25,8040360,188.9624939
16-11-2005,124.6095123,188.9624939,189.625,187.7825012,188.9075012,6742576,188.4575043
17-11-2005,124.2764969,188.4575043,189.75,186.5574951,187.5,4878464,190.8699951
18-11-2005,125.8673782,190.8699951,191.375,189,189,8707720,189.8325043
21-11-2005,125.1832809,189.8325043,192.3374939,188.25,191.1750031,6597336,187.4824982
22-11-2005,123.6335449,187.4824982,190.6000061,186,189.25,4751000,189.5825043
23-11-2005,125.0184174,189.5825043,190.25,187.375,187.5,6054776,190.5325012
24-11-2005,125.6449203,190.5325012,191.6499939,189.5,189.5,4544088,191.7124939
25-11-2005,126.4229507,191.7124939,192.5,188.7949982,190.5325012,3344264,193.4575043
28-11-2005,127.5737457,193.4575043,193.75,192,192.3500061,2535248,193.1699982
29-11-2005,127.3841782,193.1699982,193.75,190.0700073,193.1000061,3303424,190.1374969
30-11-2005,125.3843689,190.1374969,194.0625,189.375,191.5,4023376,193.7624969
01-12-2005,127.7748947,193.7624969,194.3325043,189.8450012,190,4161968,193.75
02-12-2005,127.766571,193.75,196.8000031,192.6325073,194.3325043,4784360,191.4199982
05-12-2005,126.2301407,191.4199982,194.2624969,190.7825012,194,1913080,194.25
06-12-2005,128.0963287,194.25,196.25,190.7875061,191.875,3233064,199.4450073
07-12-2005,131.522171,199.4450073,200,195.0375061,195.25,5618952,202.0700073
08-12-2005,133.2531433,202.0700073,203.0874939,199.0325012,199.375,9585192,210.3374939
09-12-2005,138.7050934,210.3374939,211.8249969,201.4125061,202.25,6194224,206.2749939
12-12-2005,136.0261688,206.2749939,213.125,205.25,206.2949982,6191488,208.4499969
13-12-2005,137.4604492,208.4499969,209.75,205.625,206.5,6027072,210.4875031
14-12-2005,138.8040314,210.4875031,212.5,205,207.5,4819208,210.3500061
15-12-2005,138.7133331,210.3500061,212.3125,208.5500031,211.2375031,4249016,214.3000031
16-12-2005,141.3181458,214.3000031,215.75,210.375,211.25,7907432,216.8200073
19-12-2005,142.9799194,216.8200073,219.125,214.625,215.75,4701168,211.6875
20-12-2005,139.5953217,211.6875,218.75,210.875,218.75,4628568,210.7624969
21-12-2005,138.9853058,210.7624969,214.3249969,208.875,213.125,3282432,210.5874939
22-12-2005,138.8699188,210.5874939,212.4624939,209.8699951,211.25,2519208,208.9700012
23-12-2005,137.803299,208.9700012,213.125,208.125,210.875,2455032,207.8625031
26-12-2005,137.0729828,207.8625031,209.25,207.0325012,209.25,1625280,212.2700043
27-12-2005,139.9794617,212.2700043,212.875,205.375,207.8450012,1565208,210.7075043
28-12-2005,138.9490509,210.7075043,213.75,209.5825043,211.875,2582056,213.7575073
29-12-2005,140.9604492,213.7575073,214.9875031,210.2075043,211.25,3461784,212.8574982
30-12-2005,140.3669128,212.8574982,214.9875031,210,210,2380248,210.9499969
02-01-2006,139.1090393,210.9499969,213.8625031,210.1699982,213.5,1653504,216.6499939
03-01-2006,142.8677673,216.6499939,217.4949951,210.25,210.6575012,3396936,217.8874969
04-01-2006,143.6838684,217.8874969,218.7375031,215.2749939,217.5,3545616,216.5449982
05-01-2006,142.7985077,216.5449982,218.25,215.2375031,218.125,1431824,213.1999969
06-01-2006,140.5927887,213.1999969,217.4875031,211.5,216.875,2965744,211.1199951
09-01-2006,139.2210541,211.1199951,216.25,210.125,213.7700043,3883272,209.0625
10-01-2006,137.8643494,209.0625,212.4750061,207.625,211.25,3972648,209.2124939
12-01-2006,137.9631348,209.2124939,211.125,201.875,206.625,13919696,206.4700012
13-01-2006,136.1546936,206.4700012,211.25,205.5,210,3608568,201.0950012
16-01-2006,132.610199,201.0950012,206.375,200.3200073,206.375,4804912,202.9250031
17-01-2006,133.8169861,202.9250031,205,201.25,201.375,3753056,202.4450073
18-01-2006,133.7475739,202.4450073,202.9750061,200.2624969,202.2749939,3165120,206.2949982
19-01-2006,136.2911835,206.2949982,206.8374939,202.9750061,202.9750061,3574728,205.5
20-01-2006,135.7659454,205.5,208.7324982,204.375,206.875,3294240,202.7700043
23-01-2006,133.9622955,202.7700043,204.375,201.4125061,204.375,2280272,205.3249969
24-01-2006,135.6503754,205.3249969,206.125,203.8000031,204.375,1890064,206.3999939
25-01-2006,136.3605652,206.3999939,207.4949951,205.4375,206.125,6365736,207.3950043
27-01-2006,137.0179138,207.3950043,210,206.3249969,210,3003816,207.3625031
30-01-2006,136.99646,207.3625031,209.9499969,206.5124969,208.1750031,1383144,208.8000031
31-01-2006,137.9461212,208.8000031,209.9499969,206.5449982,209.9499969,1503160,208.3325043
01-02-2006,137.6372681,208.3325043,209.75,206.3000031,207,3896696,204.6000061
02-02-2006,135.1714172,204.6000061,209.5,203.7075043,208.75,3135736,203.8500061
03-02-2006,134.6759033,203.8500061,205.9750061,201.5500031,204.9875031,4357520,209.8825073
06-02-2006,138.6613159,209.8825073,210.375,203.2949982,203.7375031,2894976,209.2624969
07-02-2006,138.251709,209.2624969,211.6875,205.5325012,210,7002784,207.8125
08-02-2006,137.2937622,207.8125,209.0124969,206.5449982,208.25,3332648,208.6999969
10-02-2006,137.8800659,208.6999969,209.75,205.6325073,208.7700043,2728200,206.375
13-02-2006,136.3440094,206.375,208.75,206,208.6999969,2020544,202.3200073
14-02-2006,133.6650543,202.3200073,208.75,201.75,208.75,6962064,202.4199982
15-02-2006,133.7311096,202.4199982,205.9875031,200.625,205.9875031,4209320,203.6450043
16-02-2006,134.5404205,203.6450043,204.9750061,201.5,203.125,5284488,203.125
17-02-2006,134.1968842,203.125,207.0500031,202.5,206.25,2923448,206.2324982
20-02-2006,136.2498169,206.2324982,206.875,203.4250031,204.875,2643608,208.25
21-02-2006,137.5827637,208.25,208.875,206.3874969,206.875,2301240,207.7324982
22-02-2006,137.2408447,207.7324982,208.75,206.4125061,208.75,1156592,208.8200073
23-02-2006,137.9593048,208.8200073,211.2375031,207.5,207.5,4141584,208.7575073
24-02-2006,137.9180756,208.7575073,210,207.0375061,208.7825012,1097336,211.2949982
27-02-2006,139.5944977,211.2949982,211.875,208.3000031,208.375,2521112,212.6000061
28-02-2006,140.456665,212.6000061,213,208.75,211.875,2821744,217.5249939
01-03-2006,143.7103729,217.5249939,218.1750031,210.9075012,212.5,4506152,217.7250061
02-03-2006,143.842514,217.7250061,219.25,215.0449982,218.1750031,3277696,213.2200012
03-03-2006,140.8662567,213.2200012,217.75,212.1699982,217.75,2124440,218.0375061
06-03-2006,144.0489807,218.0375061,219.125,213.75,214.5,3631584,215.5874939
07-03-2006,142.4303436,215.5874939,218.75,215,217.5200043,1985168,215.3200073
08-03-2006,142.2536621,215.3200073,217.5,213.125,216.5,3813488,215.6074982
09-03-2006,142.4436035,215.6074982,216,211.25,215,4662712,220.4575043
10-03-2006,145.6478271,220.4575043,221.875,211.25,211.5,6434944,228.5749969
13-03-2006,151.0107422,228.5749969,230.9499969,221.7250061,221.7250061,7178552,225.3950043
14-03-2006,148.90979,225.3950043,228.4624939,223.8874969,228.1125031,3477456,229.4250031
16-03-2006,151.5722809,229.4250031,229.9875031,225.7875061,227.125,4600064,232.625
17-03-2006,153.6863861,232.625,235.0625,230,230,5932240,238.5
20-03-2006,157.567749,238.5,239.375,233.1875,234.25,7012872,239.3999939
21-03-2006,158.1624146,239.3999939,241.875,237.3325043,238.5,5301384,236.6699982
22-03-2006,156.3587494,236.6699982,240,235.1499939,240,5121168,234.2749939
23-03-2006,154.7764587,234.2749939,239.875,233.5325012,237.5,2644488,236.4324951
24-03-2006,156.2018585,236.4324951,238.125,233.6325073,235.875,2917384,236.3699951
27-03-2006,156.1605835,236.3699951,238.75,235.6950073,236.875,2928432,235.9499969
28-03-2006,155.8831329,235.9499969,238.875,235.125,237.5,3751272,237.2700043
29-03-2006,156.7551727,237.2700043,237.8625031,233.375,234.875,4284296,246.0124969
30-03-2006,162.5309753,246.0124969,251.25,237.8625031,237.8625031,5784168,239.4375
31-03-2006,158.1871338,239.4375,244.7375031,238.75,244.7375031,2920168,243.8450012
03-04-2006,161.0989838,243.8450012,244.5,240,240.875,3105672,243.5700073
04-04-2006,160.9173279,243.5700073,245,242.5075073,243.8000031,2971608,241.5075073
05-04-2006,159.5547485,241.5075073,245.6450043,240,243.7624969,2776928,236.1575012
07-04-2006,156.0201416,236.1575012,249.625,234.375,243.5,7385560,236.7624969
10-04-2006,156.4198761,236.7624969,239.9949951,235,237.5,7034440,222.6000061
12-04-2006,147.0633087,222.6000061,237.5,220.375,237.2749939,13157376,224.6450043
13-04-2006,148.4143372,224.6450043,228.7124939,221.25,225.625,8601672,238.3200073
17-04-2006,157.4488373,238.3200073,238.875,226.9075012,228.125,9688752,251.1875
18-04-2006,165.9499054,251.1875,261,247.25,247.25,14778488,251.5950012
19-04-2006,166.2191162,251.5950012,256.25,249.75,253.625,9803312,248.7375031
20-04-2006,164.3313141,248.7375031,253.1199951,246.875,252.4875031,6296944,249.8825073
21-04-2006,165.0877228,249.8825073,253.7449951,245.625,250,4973000,247.4075012
24-04-2006,163.452652,247.4075012,249.9575043,245.625,249.75,5234808,240.8699951
25-04-2006,159.1335449,240.8699951,247.4875031,237.375,247.4875031,5702208,242.7949982
26-04-2006,160.4053192,242.7949982,244.5,238.75,241,7071136,243.2324982
27-04-2006,160.6943665,243.2324982,250.375,241.25,242.7949982,7164848,247.2575073
28-04-2006,163.3535767,247.2575073,248.875,228.7949982,238.375,5292360,251.6450043
02-05-2006,166.2521515,251.6450043,253.0500031,247.5,248,6239280,253.9450073
03-05-2006,167.7716675,253.9450073,254.9875031,251.8825073,253,3148160,255.4624939
04-05-2006,168.774231,255.4624939,257.2374878,252.6625061,253.5,3929824,250.8325043
05-05-2006,165.715332,250.8325043,256.875,249.375,256.875,2710520,252.4324951
08-05-2006,166.7724457,252.4324951,261.5,251.25,252.625,1484712,253.1074982
09-05-2006,167.2183838,253.1074982,255.5500031,250.625,254,1800392,252.7124939
10-05-2006,166.9573975,252.7124939,255.875,250.2875061,255.5500031,1978192,252.3374939
11-05-2006,166.7096558,252.3374939,253.6625061,250.6750031,253.6625061,1964024,249.5200043
12-05-2006,164.8482819,249.5200043,253.1074982,246.2875061,251.375,2777136,245.1125031
15-05-2006,161.9364166,245.1125031,250.125,240,247.5,4034504,246.8374939
16-05-2006,163.0760193,246.8374939,249.375,239.9750061,244.9949951,2671568,252.0700073
17-05-2006,166.5329742,252.0700073,252.5,248.75,249.375,1343368,240.7075043
18-05-2006,159.0261993,240.7075043,249.9875031,237.5,248.75,4542360,236.5449982
19-05-2006,156.2761536,236.5449982,244.9750061,231.4375,243.75,4868216,222.5625
22-05-2006,147.0384827,222.5625,240,218,240,4699416,228.7749939
23-05-2006,151.142868,228.7749939,234.25,212.625,225,5388136,223.8325043
24-05-2006,147.877533,223.8325043,235,220,233.75,5705568,234.6199951
25-05-2006,155.0043945,234.6199951,237.3000031,218.125,222.5,5839048,233.2949982
26-05-2006,154.1290283,233.2949982,237.5,230.125,236.25,2208184,231.3200073
29-05-2006,152.8242493,231.3200073,233.125,230.0375061,233.125,2802688,232.5449982
30-05-2006,153.6334839,232.5449982,236.8874969,229.375,233.125,4516056,222.8625031
31-05-2006,147.2366943,222.8625031,230.1374969,216.25,230.1374969,5769856,213.6699982
01-06-2006,141.1635437,213.6699982,228.125,211.25,228.125,5942760,224.25
02-06-2006,148.1533356,224.25,225,211,214.3625031,4213560,220.9499969
05-06-2006,145.9731903,220.9499969,225.5500031,219.2825012,224.25,3211680,218.6125031
06-06-2006,144.4289246,218.6125031,223.4750061,211.25,218.1000061,2971136,212.9949951
07-06-2006,140.7176056,212.9949951,225,211.6575012,225,5410536,205.9875031
08-06-2006,136.088028,205.9875031,215.625,201.3999939,215.625,5360992,208.8950043
09-06-2006,138.0089111,208.8950043,211.5,203.125,209.3074951,4061912,204.8450012
12-06-2006,135.3331604,204.8450012,212.375,202.625,212.375,3591904,196.2949982
13-06-2006,129.6845703,196.2949982,203.6750031,195.125,202.625,2736984,185.4575043
14-06-2006,122.5246887,185.4575043,203.1199951,181.4075012,195.2449951,12786016,193.8200073
15-06-2006,128.0494385,193.8200073,198.25,187.625,198.25,5967360,210.625
16-06-2006,139.5569153,210.625,214.375,197.5500031,198.25,8390168,208.5449982
19-06-2006,138.1787262,208.5449982,210.625,204.5325012,210,4294088,200.9199982
20-06-2006,133.1265259,200.9199982,211,200,211,3687920,205.1625061
21-06-2006,135.9374847,205.1625061,205.875,199.375,202.5,5963496,209.5950012
22-06-2006,138.8743896,209.5950012,211.25,206.25,206.25,3668104,211.8574982
23-06-2006,140.3734283,211.8574982,212.5,203.125,206.25,3304720,204.1875
26-06-2006,135.2914886,204.1875,215,202.2575073,215,6575056,205.5700073
27-06-2006,136.20755,205.5700073,207.25,200,207.25,5002632,212.3249969
28-06-2006,140.6832733,212.3249969,214.0700073,200.75,202.5,4785400,210.1000061
29-06-2006,139.2089996,210.1000061,215,208.75,213.75,6318576,217.3450012
30-06-2006,144.0093689,217.3450012,220.875,213.2075043,216.875,5449760,225.0249939
03-07-2006,149.098053,225.0249939,225.9375,216.5500031,217.75,4285520,226.8874969
04-07-2006,150.3321533,226.8874969,228.875,225.625,226.375,3584768,230.3249969
05-07-2006,152.6097717,230.3249969,232.75,225,227.125,4245072,225.5375061
06-07-2006,149.4375763,225.5375061,229,224.0200043,228.5,2310920,218.3374939
07-07-2006,144.667038,218.3374939,228.9750061,217.5,227.4624939,2928672,224.7949982
10-07-2006,148.9457092,224.7949982,227.1999969,217.5,217.5,3859312,221.2449951
11-07-2006,146.5934906,221.2449951,226.875,220.3950043,225,3618984,236.2875061
12-07-2006,156.5604095,236.2875061,238.625,222.5,222.5,9521616,233.4199982
13-07-2006,154.6604309,233.4199982,237.3450012,231.2825012,236.5,5383576,234.2875061
14-07-2006,155.2352142,234.2875061,237,228.1374969,230,4949808,232.375
17-07-2006,153.9681244,232.375,239.25,231.375,235.6000061,8996832,229.3125
18-07-2006,151.9389038,229.3125,243.75,226.9375,232.5,11043936,219.6950073
19-07-2006,145.5665741,219.6950073,236.875,218.1950073,235.25,14046384,225.7700043
20-07-2006,149.5916443,225.7700043,227.5,221.25,221.9875031,6312720,220.9450073
21-07-2006,146.3946686,220.9450073,225.6000061,219.0749969,224.75,4391664,227.2575073
24-07-2006,150.5773621,227.2575073,229,216.875,224.375,6825088,230.9125061
25-07-2006,152.9990234,230.9125061,231.875,228.1325073,230,4636600,236.1000061
26-07-2006,156.436203,236.1000061,236.875,229.0625,232.25,5908720,237.4624939
27-07-2006,157.3389893,237.4624939,239.9949951,234.4375,236.875,7399848,232.1125031
28-07-2006,154.0374146,232.1125031,243.7375031,231,235.0249939,3019608,234.0375061
31-07-2006,155.3148193,234.0375061,241.25,232.5,233.75,1724700,233
01-08-2006,154.6263428,233,234.9375,215.75,215.75,1762508,235.0500031
02-08-2006,155.9867859,235.0500031,235.625,230,231.25,1784732,236.1750031
03-08-2006,156.7333679,236.1750031,238,234.2749939,235.625,3010272,237.1374969
04-08-2006,157.3721313,237.1374969,240.9499969,235.75,240,2674200,234.0249939
07-08-2006,155.3065796,234.0249939,238,232.75,237.75,1719964,238.6999969
08-08-2006,158.4090576,238.6999969,239.5,233.75,235,1178400,241.5249939
09-08-2006,160.2837982,241.5249939,243.75,235.875,237.5,2052120,241.4375
10-08-2006,160.2256775,241.4375,243.75,240,240.25,2279124,241.8999939
11-08-2006,160.5326843,241.8999939,243.4624939,239.25,242.4750061,1893972,241.1625061
14-08-2006,160.0432587,241.1625061,243.75,239.75,243.4375,1721428,243.0500031
16-08-2006,161.2958374,243.0500031,246.125,242,244.75,3804268,240.0375061
17-08-2006,159.2966919,240.0375061,245.75,239.5,243.75,2497168,242.4250031
18-08-2006,160.8810883,242.4250031,243.125,240,241.25,1803640,242.3249969
21-08-2006,160.8147278,242.3249969,244,239.25,244,2414088,243.8500061
22-08-2006,161.8267517,243.8500061,245.75,242.5,243,2178096,240.7749939
23-08-2006,159.786087,240.7749939,244.6875,240.0249939,244,2497736,242.6000061
24-08-2006,160.9972534,242.6000061,243.7250061,238.3125,242.5,2369852,243.6000061
25-08-2006,161.6608582,243.6000061,244.2250061,241.9125061,242.75,2611752,245.2749939
28-08-2006,162.7724304,245.2749939,246.3249969,242.0749969,243.75,2300316,247.5249939
29-08-2006,164.2656708,247.5249939,248,245.75,246.25,2679596,245.9499969
30-08-2006,163.2204437,245.9499969,248.75,245.2624969,247.7749939,2744772,249.5124969
31-08-2006,165.5846252,249.5124969,251,246,246,6076856,249.8125
01-09-2006,165.7836456,249.8125,250.25,247.7749939,249,1728728,254.2875061
04-09-2006,168.7534943,254.2875061,255,249.75,249.75,2010492,251.4499969
05-09-2006,166.8703766,251.4499969,257.5,250.25,255.75,3945288,248.3999939
06-09-2006,164.8463135,248.3999939,254.375,247.7749939,254.375,2800432,246.6750031
07-09-2006,163.7015076,246.6750031,248.75,245.0749969,245.0749969,1583584,247.75
08-09-2006,164.4149475,247.75,251.5,246.25,251.5,1570564,238.3625031
11-09-2006,158.1851044,238.3625031,249.75,237.25,249.75,4073480,244.4750061
12-09-2006,162.2415771,244.4750061,245,238,238.75,1835256,249.9875031
13-09-2006,165.899826,249.9875031,252,245.25,245.75,2307632,253.3500061
14-09-2006,168.1312714,253.3500061,254,250.4750061,252.25,2388728,250.6750031
15-09-2006,166.3561249,250.6750031,253.5,249.1750031,253.5,2359700,249.0375061
18-09-2006,165.2693481,249.0375061,252.75,248.0249939,251.75,1390388,252.5124969
19-09-2006,167.5754547,252.5124969,255,247.6000061,249.25,3973944,257.5125122
20-09-2006,170.8936615,257.5125122,258.5,248.5249939,252.75,2695896,263.25
21-09-2006,174.7012177,263.25,264.4750061,254.5,258,5107184,259.8875122
22-09-2006,172.4698334,259.8875122,263.4624939,257.5249939,261.25,2488644,256.3999939
25-09-2006,170.1553802,256.3999939,262.5,255.5625,261.75,1349580,261.0750122
26-09-2006,173.2578583,261.0750122,262.5,256.2250061,257.5,3717008,260.6625061
27-09-2006,172.9840851,260.6625061,263.75,259.0375061,262.5,3352740,255.1125031
28-09-2006,169.3009491,255.1125031,262.25,253.25,261.2625122,6121572,255.5124969
29-09-2006,169.566391,255.5124969,258.7749939,255,255.5249939,1752804,253.5749969
03-10-2006,168.2807007,253.5749969,258.75,252.25,258.75,1632712,246.8500061
04-10-2006,163.817627,246.8500061,254,245.8374939,254,6947628,249.9375
05-10-2006,165.8666229,249.9375,252.25,248.25,249.5,5849400,248.5500031
06-10-2006,164.9458923,248.5500031,251.75,247,250.25,2766944,250.5375061
09-10-2006,166.2648163,250.5375061,252.25,245.1374969,246.25,1546832,252.875
10-10-2006,167.8160858,252.875,254.4499969,250.75,250.75,2769780,261.1875
11-10-2006,173.3325195,261.1875,269.8500061,257.5,257.5,6773716,270.6375122
12-10-2006,179.6038361,270.6375122,271.25,260.25,262.5,5052848,275.8999939
13-10-2006,183.0961456,275.8999939,280,270.5249939,272.3500061,4874112,282.4249878
16-10-2006,187.4264069,282.4249878,287.5,278.75,281.25,9727060,279.2250061
17-10-2006,185.3027954,279.2250061,292.4375,277.5,285.5,8749216,276.5625
18-10-2006,183.5358887,276.5625,279.25,275.25,277.5249939,4995084,273.1000061
19-10-2006,181.2380524,273.1000061,278.1875,270.6625061,276.5,3103620,272.3999939
20-10-2006,180.7734528,272.3999939,275.5,271.5249939,275,2129404,270.0249939
23-10-2006,179.6921234,270.0249939,273.7250061,265.3500061,273.7250061,1327904,269.8125
26-10-2006,179.550705,269.8125,272.9750061,268.75,270.25,5140212,268.6625061
27-10-2006,178.7853546,268.6625061,272.5,265.6000061,270.2875061,3126408,269.8374939
30-10-2006,179.5673523,269.8374939,272,265.0499878,269,4154172,271.7749939
31-10-2006,180.8566284,271.7749939,274.7000122,268.7749939,270,3430936,270.7999878
01-11-2006,180.2078247,270.7999878,276.4750061,270.0750122,274.25,1910904,270.0125122
02-11-2006,179.6838074,270.0125122,272.5,268,272.5,2204376,266.7374878
03-11-2006,177.5043793,266.7374878,272,264.5,271.25,3144440,264.8500061
06-11-2006,176.248291,264.8500061,267.4750061,264,266.625,2536892,266.2875061
07-11-2006,177.2049255,266.2875061,271.2250061,265.0499878,268.5,3219180,265.8250122
08-11-2006,176.8971252,265.8250122,267.7250061,262.7875061,266.25,2436760,265.8999939
09-11-2006,176.9470367,265.8999939,268.75,263.3374939,267.25,3365420,267.1749878
10-11-2006,177.795639,267.1749878,273.6749878,266.2749939,267.5,3313476,268.9375
13-11-2006,178.9683533,268.9375,270,266.5249939,267.7000122,2023316,276.5625
14-11-2006,184.0425873,276.5625,277.5,270.25,270.25,6003860,274.2000122
15-11-2006,182.4703674,274.2000122,280.5,272.6375122,278.75,2698040,271.8374939
16-11-2006,180.8983154,271.8374939,276.5,270.875,275,2101688,273.7875061
17-11-2006,182.1959534,273.7875061,274.375,270.2999878,273.5,2221684,279.4624939
20-11-2006,185.9724426,279.4624939,280.25,266.3875122,271.2625122,5174936,287.1375122
21-11-2006,191.0798645,287.1375122,288,278.5,279.0499878,4158152,287.0249939
22-11-2006,191.0049896,287.0249939,292.75,283.8374939,288.5,5591464,286.0375061
23-11-2006,190.3479004,286.0375061,292.3500061,285,289,3870324,287.5
24-11-2006,191.3210907,287.5,289.2250061,284.0375061,287.5,3205304,290.2000122
27-11-2006,193.1178894,290.2000122,291,287.5,287.5,2933708,287.4624939
28-11-2006,191.2961426,287.4624939,289,277.7875061,287.5,2682960,291.1375122
29-11-2006,193.7416687,291.1375122,292.2000122,287.5,290,2603156,299.7000122
30-11-2006,199.4397583,299.7000122,301.25,291.5,293.2000122,6254552,297.3374939
01-12-2006,197.86763,297.3374939,300,295.3125,300,3762140,298.1000061
04-12-2006,198.3750153,298.1000061,302.75,297.5,300,2234092,297.9750061
05-12-2006,198.2918701,297.9750061,302.4249878,296.25,302.4249878,2116476,299.6499939
06-12-2006,199.4065247,299.6499939,301.75,293.0499878,293.0499878,3180856,298.5750122
07-12-2006,198.6911163,298.5750122,308.6124878,296.7749939,301.25,2872872,294.2250061
08-12-2006,195.7963257,294.2250061,299.75,293.3374939,299.75,1887268,293.3624878
11-12-2006,195.2224274,293.3624878,297.25,283.5,293.75,4279432,280.125
12-12-2006,186.4132843,280.125,295,276.25,292.5,5118300,280.2124939
13-12-2006,186.4714966,280.2124939,285.25,270.0874939,280.125,3617220,287.3999939
14-12-2006,191.2545929,287.3999939,290,276.2625122,276.2625122,2916024,290.0499878
15-12-2006,193.0179901,290.0499878,292.1000061,287,292.1000061,2305716,295.3125
18-12-2006,196.52005,295.3125,297.1000061,281,288.75,2351424,285.4624939
19-12-2006,189.9651184,285.4624939,295.9500122,281.25,295.25,3623628,282.1875
20-12-2006,187.7858582,282.1875,291.9624939,278.7625122,287.5,3755660,284.2374878
21-12-2006,189.1500244,284.2374878,287.5,277.75,284.25,2255816,288.4874878
22-12-2006,191.978241,288.4874878,290,282.0249939,283.75,1750016,297.8500061
26-12-2006,198.2087097,297.8500061,298.6000061,288.25,288.25,1797392,299
27-12-2006,198.9739685,299,301.5,295.2625122,298.75,2394400,302.9750061
28-12-2006,201.6191559,302.9750061,305,297,301.3500061,2418308,305.5
29-12-2006,203.2994995,305.5,307.3500061,300.625,303.3624878,1874468,312.125
02-01-2007,207.7080841,312.125,314.5,304,307.3500061,1545060,320.0375061
03-01-2007,212.9736481,320.0375061,322,309.7875061,313.25,4384972,314.7625122
04-01-2007,209.4633484,314.7625122,321.25,312.5249939,321.25,3970700,315.75
05-01-2007,210.1205292,315.75,317.1499939,313.2749939,316.25,2718740,310.9500122
08-01-2007,206.926239,310.9500122,314.75,303.75,314.75,4951892,314.1000061
09-01-2007,209.0224304,314.1000061,315.4624939,306.3125,311.9750061,4020568,308.8500061
10-01-2007,205.5288239,308.8500061,313.75,307.5,311.1375122,2931428,319.4125061
11-01-2007,212.5577393,319.4125061,324.5,299.7250061,299.7250061,7400664,330.9874878
12-01-2007,220.2605286,330.9874878,332.25,322.5375061,322.5375061,6175748,331.5874939
15-01-2007,220.659668,331.5874939,342,325.0125122,337.5,12255832,331.0249939
16-01-2007,220.2854462,331.0249939,347.2374878,329.75,347.2374878,7625964,326.1625061
17-01-2007,217.0496826,326.1625061,333.75,325,332.4750061,2633828,328.8624878
18-01-2007,218.846344,328.8624878,331.4874878,326.25,326.25,2719816,324.5375061
19-01-2007,215.9683075,324.5375061,331.625,323.0375061,328.8624878,2882056,328.3624878
22-01-2007,219.0197296,328.3624878,330.6000061,322.5125122,325.0249939,3180956,325.6749878
23-01-2007,217.2271729,325.6749878,328.4874878,325,328.2749939,3124152,326.7875061
24-01-2007,217.9692078,326.7875061,328.5,324.5375061,327.875,2355148,328.8624878
25-01-2007,219.3532867,328.8624878,342.25,325.7250061,331.25,5553976,324.4375
29-01-2007,216.4017944,324.4375,328.75,322.75,328.75,2982324,319.4750061
31-01-2007,213.0917816,319.4750061,328.4750061,318,324.2749939,4865928,323.0125122
01-02-2007,215.4512024,323.0125122,323.75,318.75,322.4874878,1859904,325.125
02-02-2007,216.8603973,325.125,326.75,323.7625122,324.75,4274616,326.4500122
05-02-2007,217.7441101,326.4500122,328.4750061,323.5,326.25,3010736,324.6000061
06-02-2007,216.5102081,324.6000061,328.4750061,322.5125122,328.25,3411964,326.5750122
07-02-2007,217.8275757,326.5750122,328.1000061,323.7999878,325,2599984,326.125
08-02-2007,217.527359,326.125,328.7250061,324.3374939,327.8500061,2650024,321.8500061
09-02-2007,214.6759033,321.8500061,329.3624878,320.7875061,327.3500061,1993360,313.9500122
12-02-2007,209.4065857,313.9500122,324.6749878,312.5,312.5,1786388,313.2250061
13-02-2007,208.9230042,313.2250061,321.2250061,308.75,314,4130352,315.1875
14-02-2007,210.2320099,315.1875,316.75,310,313.25,3137876,323.0625
15-02-2007,215.4846344,323.0625,325,306.2749939,316.25,3673556,327.4500122
19-02-2007,218.4111633,327.4500122,329.6749878,323.7999878,325.3500061,4738696,324.8875122
20-02-2007,216.7019806,324.8875122,330.9500122,323.75,328.4750061,5400148,320.9624939
21-02-2007,214.0838928,320.9624939,327.9375,320,325,3938188,323.5750122
22-02-2007,215.8265076,323.5750122,328.1000061,321.5,325,6939112,319.3374939
23-02-2007,213.0000305,319.3374939,324.875,318.25,323.75,3167688,321.5249939
26-02-2007,214.4590759,321.5249939,323.4624939,308.125,318,4677684,316.0375061
27-02-2007,210.7990417,316.0375061,323.5499878,313.5,313.5,4709968,298.3500061
28-02-2007,199.001297,298.3500061,311.2374878,293,308.25,9347956,313.6625061
01-03-2007,209.2148285,313.6625061,317,297.6000061,300,7858564,302.1375122
02-03-2007,201.5274658,302.1375122,315,300.25,313.7000122,5311752,288.8875122
05-03-2007,192.6897278,288.8875122,299.75,287.5,297.5,5120880,299.3125
06-03-2007,199.6431732,299.3125,333.75,290.2749939,302.5,3623920,297.9500122
07-03-2007,198.7345428,297.9500122,306.1749878,289.3500061,300.5,4440632,304.6000061
08-03-2007,203.1701355,304.6000061,307.4249878,297.5,297.5,2274988,303.0375061
09-03-2007,202.1279297,303.0375061,308.25,299.5,307.0750122,3232148,308.75
12-03-2007,205.9381409,308.75,313.4249878,302.75,306.1749878,3636936,316.3500061
13-03-2007,211.0074005,316.3500061,317.2250061,300.0249939,306.375,2032088,303.3875122
14-03-2007,202.3612061,303.3875122,310.4750061,301.25,306.25,3824948,308.5750122
15-03-2007,205.8213806,308.5750122,312.75,307,307.5,3823288,309.4125061
16-03-2007,206.3800201,309.4125061,314.4624939,303.7875061,310.3500061,4224284,315.2250061
19-03-2007,210.2570648,315.2250061,316.1875,300.4500122,304.0750122,1213696,313.25
20-03-2007,208.9397278,313.25,319.125,312,315,2775592,316.75
21-03-2007,211.2742004,316.75,317.3500061,310,315.25,1970036,325.7625122
22-03-2007,217.2855835,325.7625122,326.75,319.25,319.25,4125592,322.0499878
23-03-2007,214.8093109,322.0499878,330,320,328,5265296,315.3374939
26-03-2007,210.332016,315.3374939,324.6749878,313.8125,321.25,6098736,300.25
28-03-2007,200.2686615,300.25,317.4750061,298.5125122,317.4750061,8818048,312.0874939
29-03-2007,208.1642151,312.0874939,314.2000122,297.2374878,297.2374878,10266624,308.4624939
30-03-2007,205.7463837,308.4624939,313.7000122,305.0625,312.0874939,2807056,297.2999878
02-04-2007,198.3009644,297.2999878,305,296.25,302.5,3875896,300.6625061
03-04-2007,200.5437012,300.6625061,304.2000122,297,298.75,3256852,299.6000061
04-04-2007,199.8350372,299.6000061,306.1749878,297.6000061,304.5,2402496,298.5499878
05-04-2007,199.1347046,298.5499878,301.5,296.5249939,299.8624878,2533992,304.2999878
09-04-2007,202.9699249,304.2999878,306.6875,300.125,300.125,2284524,299.3374939
10-04-2007,199.6599121,299.3374939,306.25,298.8374939,304.2999878,3480240,297.6375122
11-04-2007,198.5260925,297.6375122,302.3624878,296.75,301.3500061,3826336,300.2374878
12-04-2007,200.2603455,300.2374878,302.25,293,297,3694956,315.5
13-04-2007,210.4404449,315.5,317.1000061,298.5,302.5,9778848,320.0625
16-04-2007,213.4836121,320.0625,326.4750061,317.5625,321,9986220,312.5625
17-04-2007,208.4811096,312.5625,328.75,309.5,321.4249878,10464964,311.875
18-04-2007,208.0225372,311.875,316.25,310.25,313.5,2853584,310.7250061
19-04-2007,207.2555084,310.7250061,312,301.2749939,307.5,3164652,314.4125061
20-04-2007,209.7150726,314.4125061,316.9874878,312.5249939,313,2870752,311.9500122
23-04-2007,208.0725708,311.9500122,317.4500122,311.25,313.75,2265224,306.2124939
24-04-2007,204.2456207,306.2124939,315.5,304.75,311,6922516,305.3374939
25-04-2007,203.6620026,305.3374939,306.7250061,302,306.25,21752404,310.1000061
26-04-2007,206.8386383,310.1000061,312.3999939,305,306.75,5941756,308.625
27-04-2007,205.8547516,308.625,309.125,304.3125,308.75,4805284,316.5
30-04-2007,211.1074066,316.5,317.4750061,301.25,310.2625122,3888052,322.5499878
03-05-2007,215.142868,322.5499878,323.7000122,318.1375122,318.7000122,6643028,318.2625122
04-05-2007,212.2830811,318.2625122,332.4750061,317.25,324.75,7101200,318.2250061
07-05-2007,212.2581177,318.2250061,321.2250061,316.2875061,320.5,5553328,316.6375122
08-05-2007,211.1992188,316.6375122,320,314.3125,317.5,8191004,309.875
09-05-2007,206.6885834,309.875,325,306.25,325,4699828,307.4249878
10-05-2007,205.0543823,307.4249878,322.4750061,306.5,311.25,3044200,313.1375122
11-05-2007,208.8646088,313.1375122,314.75,302.5,312.5,3867656,312.5625
14-05-2007,208.4811096,312.5625,319.625,311.5249939,319.625,1260376,309.5125122
15-05-2007,206.4468689,309.5125122,315,306.25,315,4203120,306.0499878
16-05-2007,204.1372375,306.0499878,316.25,302.6375122,316.25,6523616,312.5
17-05-2007,208.4393158,312.5,313.4249878,307.5,308.2749939,2931260,313.2124939
18-05-2007,208.914566,313.2124939,319,312.5,314.9874878,2921004,309.2625122
21-05-2007,206.2800293,309.2625122,317.5,307.5,317.5,2856844,307.6625061
22-05-2007,205.2127838,307.6625061,311,305.2625122,309.375,6160224,308.3500061
23-05-2007,205.6713257,308.3500061,310.375,306.2749939,310.375,1271812,306.1875
24-05-2007,204.2289276,306.1875,312.5,305.25,312.5,4552804,307.4874878
25-05-2007,205.0960541,307.4874878,308.75,302,305.2374878,5244168,306.375
28-05-2007,204.3539886,306.375,312.5,305.8875122,312.5,2585172,307.7875061
29-05-2007,205.2961578,307.7875061,308.75,305,306.2250061,2967280,303.9125061
30-05-2007,202.7115326,303.9125061,312.5,302.5499878,312.5,2600056,302.0874939
31-05-2007,201.4942474,302.0874939,307.25,300,307.25,5176492,304.6749878
01-06-2007,203.220108,304.6749878,307.2749939,302.7875061,307.2749939,1728988,302.0249939
04-06-2007,201.4525146,302.0249939,312.5,300.5,307,1853384,302.0125122
05-06-2007,201.4441833,302.0125122,304.4500122,300,304.4500122,1751600,300.0874939
06-06-2007,200.1602325,300.0874939,304.25,294.5499878,303.75,3832020,301.75
07-06-2007,201.2691193,301.75,303.6000061,291.3250122,300,2008940,305.0249939
08-06-2007,203.4535828,305.0249939,307.625,297.5,301.625,6019076,305.3374939
11-06-2007,203.6620026,305.3374939,309.8500061,304.5125122,309.1375122,2648136,304.3374939
12-06-2007,202.9949493,304.3374939,307.5,300,302.5,1402072,300.8125
13-06-2007,200.6438446,300.8125,305,298.3250122,304.75,1768488,301.1375122
14-06-2007,200.8606262,301.1375122,305,300.3250122,302.5,4176068,296.1000061
15-06-2007,198.1585999,296.1000061,305,295,305,4983152,290.6499939
18-06-2007,194.5113373,290.6499939,298.75,290,298.25,2874456,290
19-06-2007,194.0762482,290,291.375,285.8250122,291.2749939,3495436,286.75
20-06-2007,191.9012299,286.75,293.25,285.25,290.25,4024968,286.3999939
21-06-2007,191.667099,286.3999939,287.7000122,282.5,286.25,3043728,284.9874878
22-06-2007,190.7217712,284.9874878,288.75,283.625,286.25,2677304,281.4375
25-06-2007,188.3460388,281.4375,287.5,279.6875,284.9874878,2803776,280.4375
26-06-2007,187.6767426,280.4375,285,279.4624939,282.75,2832744,283.2875061
27-06-2007,189.5840607,283.2875061,284.6749878,281,282.4750061,2956696,284.2124939
28-06-2007,190.2030182,284.2124939,285.9874878,281.25,285.9874878,4342792,287.3374939
29-06-2007,192.2944946,287.3374939,289,285.0125122,285.25,3004456,283.6124878
02-07-2007,189.8015442,283.6124878,288.25,282.75,288.25,1477152,281.8999939
03-07-2007,188.6555176,281.8999939,287.5,281,287.5,1829368,279.4125061
04-07-2007,186.9907379,279.4125061,285,279,282,2415464,277.9125061
05-07-2007,185.9869995,277.9125061,282.0499878,275.2000122,282.0499878,3179204,289.6625061
06-07-2007,193.8504028,289.6625061,291.2250061,275.0249939,278.75,7605684,294.1875
09-07-2007,196.8785706,294.1875,295.6000061,291.25,292.1000061,5359768,295.7875061
10-07-2007,197.9495544,295.7875061,300,292,296.25,7492968,287.2250061
11-07-2007,192.2191467,287.2250061,296.25,275,295.5,6062124,290.6375122
12-07-2007,194.5028839,290.6375122,292.25,283.5,288.75,5763944,284
13-07-2007,190.0609589,284,315.375,282.5625,309.0249939,5784648,282.0750122
16-07-2007,188.7726135,282.0750122,284.5,278.5,283.75,3990240,288.9375
17-07-2007,193.3652496,288.9375,293.9500122,287.5,293.9500122,6164688,291.6625061
18-07-2007,195.1888885,291.6625061,292.5,286.8374939,289.25,4371180,295.5499878
19-07-2007,197.7905426,295.5499878,296.25,291.375,291.75,4075512,293.9750061
20-07-2007,196.7364655,293.9750061,297.4874878,291.8500061,297.25,3744932,297.7374878
23-07-2007,199.2544098,297.7374878,298.75,290.5249939,292.4500122,4716456,292.9750061
24-07-2007,196.0671997,292.9750061,298,291.75,297.4750061,3127176,287.0499878
25-07-2007,192.1021118,287.0499878,292.75,286.25,292,2670172,297.2749939
26-07-2007,198.944931,297.2749939,302.5,286.2749939,288.75,6002804,288.25
27-07-2007,193.3930511,288.25,293.75,281.5,290,3203236,284.1124878
30-07-2007,190.6170502,284.1124878,292.5,282.5625,287.5,1835848,289.0750122
31-07-2007,193.9464569,289.0750122,290.5,282.5,287.75,3218540,278.7875061
01-08-2007,187.0443878,278.7875061,286.25,277.75,286.25,4382172,273.7875061
02-08-2007,183.6898193,273.7875061,281.125,272.5,280,1912008,274.2250061
03-08-2007,183.983429,274.2250061,278.5,270.875,278.5,1993184,274.8624878
06-08-2007,184.411087,274.8624878,279.5,268.5,272.5,2737548,277.3250122
07-08-2007,186.0632324,277.3250122,279.4500122,273.5249939,278.2749939,2985212,288.1499939
08-08-2007,193.3259277,288.1499939,292.25,279.5,287.5,4055164,286.4249878
09-08-2007,192.1685791,286.4249878,297.2124939,283.7999878,290,5074436,286.125
10-08-2007,191.9673157,286.125,288.375,270.1000061,278.75,6290560,283.625
13-08-2007,190.2899933,283.625,287.5,281.2875061,287.5,1205524,282.5625
14-08-2007,189.5771179,282.5625,285,280,283.75,1222796,272
16-08-2007,182.4905396,272,279.8999939,271.25,275,6663120,264.0375061
17-08-2007,177.1483917,264.0375061,273.25,259.7999878,272,6901104,263.8875122
20-08-2007,177.0477142,263.8875122,274.8500061,262.7749939,270.875,4386844,253.8125
21-08-2007,170.2881317,253.8125,269.125,251.125,269.125,4363364,256.4750061
22-08-2007,172.0744934,256.4750061,258.1749878,249,255,3826620,251.9750061
23-08-2007,169.0553436,251.9750061,262,251,258,3113748,254.6000061
24-08-2007,170.8165741,254.6000061,256.625,249.875,253.75,1926972,256.625
27-08-2007,172.1751404,256.625,259.7000122,255.0124969,256.2374878,2666856,257.1875
28-08-2007,172.5525208,257.1875,259.75,252.75,259,2263504,257.8999939
29-08-2007,173.0306244,257.8999939,259.9500122,250.25,255,3196688,261.5
30-08-2007,175.4458923,261.5,264.75,256.25,260.5,7003172,266.0874939
31-08-2007,178.5237122,266.0874939,267.4249878,261.75,263,2377496,265.3125
03-09-2007,178.0037537,265.3125,268.75,263.3500061,267.5,2496264,266.5249939
04-09-2007,178.817215,266.5249939,271.9249878,265.25,266.25,2182756,268.0874939
05-09-2007,179.8655548,268.0874939,270.7374878,266.2749939,266.75,3516964,269.5
06-09-2007,180.8132629,269.5,270.25,265.25,266.25,1871860,269.0625
07-09-2007,180.5196991,269.0625,271.125,267.5,269.25,1691576,261.8125
10-09-2007,175.6555939,261.8125,269.0625,261,269.0625,2201060,255.8374939
11-09-2007,171.6468658,255.8374939,273.6124878,255,273.6124878,3386556,253.8999939
12-09-2007,170.3468933,253.8999939,259.4375,253.375,257.5,2344104,257.7000122
13-09-2007,172.8963776,257.7000122,258.75,252.6000061,256.2250061,2153072,255.6125031
14-09-2007,171.4958496,255.6125031,262.5,254.5249939,262.5,1900228,249.4125061
17-09-2007,167.3361053,249.4125061,257.9500122,248.9250031,256.25,5086176,250.6125031
18-09-2007,168.1412048,250.6125031,251.9250031,248.25,249.25,4942808,255.7624969
19-09-2007,171.5965118,255.7624969,258.4249878,254.3000031,256.25,4642668,250.5124969
20-09-2007,168.0741425,250.5124969,255.5249939,249.3000031,255,2355156,254.4499969
21-09-2007,170.7158813,254.4499969,256.25,244.5,247.75,7928660,251.8125
24-09-2007,168.9463196,251.8125,257.5,250.0500031,255,3595068,250.4250031
25-09-2007,168.0154572,250.4250031,253.5,249.0500031,252.5,5400496,260.1875
26-09-2007,174.5652771,260.1875,262.2000122,251.25,252.5,8340892,265.625
27-09-2007,178.2134399,265.625,266.875,261.75,262.5,8602140,265.0375061
28-09-2007,177.8193207,265.0375061,270,256.25,256.25,6249532,260.4125061
01-10-2007,174.7162476,260.4125061,265.25,255.75,265.25,2176580,269.7999878
03-10-2007,181.0145416,269.7999878,273.75,262.4750061,262.5,5122872,269.8250122
04-10-2007,181.0314026,269.8250122,271.25,263.5,271.25,4359804,268.2000122
05-10-2007,179.9410553,268.2000122,269.8250122,264.3250122,269.8250122,1744048,269.5874939
08-10-2007,180.8720093,269.5874939,274.7000122,265.5499878,270.2625122,2662144,273.7374878
09-10-2007,183.6562347,273.7374878,276.2000122,268.8250122,270,3707640,281.375
10-10-2007,188.7805023,281.375,282.5625,274.6000061,276.1749878,3983236,268
11-10-2007,179.8068695,268,283.8500061,265,283.75,5598340,265.875
12-10-2007,178.3811646,265.875,268.75,257.5750122,263,4912920,268.5375061
15-10-2007,180.1674957,268.5375061,272.9125061,264.9375,267.5,6871600,267.1000061
16-10-2007,179.203064,267.1000061,278.75,265.25,275,7060528,273.6749878
17-10-2007,183.6143188,273.6749878,278.75,250,265,6924440,280.9624939
18-10-2007,188.5036316,280.9624939,287.4750061,269.3250122,283.75,13645436,277.2124939
19-10-2007,185.9877777,277.2124939,287.5,270.6000061,286.9624939,8094132,267.9874878
22-10-2007,180.2863007,267.9874878,279.25,266.2749939,279.25,3836808,265.8999939
23-10-2007,178.881897,265.8999939,275,264.75,267,5862364,262
24-10-2007,176.2582245,262,275,260.8250122,275,4100988,262.3999939
25-10-2007,176.5273285,262.3999939,265,259.5375061,264.75,4925272,267.8250122
26-10-2007,180.1769409,267.8250122,271,260.5499878,262.5,2960060,267
29-10-2007,179.621933,267,272.5,265.3500061,272.25,3536052,262.125
30-10-2007,176.3423309,262.125,268.75,260.0750122,268,3145804,259.5
31-10-2007,174.5763855,259.5,265.9249878,254.25,261.75,47216528,255.7624969
01-11-2007,172.0620422,255.7624969,263.75,254.875,263.75,5518404,255.3000031
02-11-2007,171.7508698,255.3000031,257.5,250.75,252.5,3494680,252.8249969
05-11-2007,170.0858154,252.8249969,257.7000122,251.3125,255.25,1876468,251.0749969
06-11-2007,168.9085388,251.0749969,254.9499969,250,253.75,2198988,249.2624969
07-11-2007,167.6891937,249.2624969,252.2875061,246.5249939,251.2749939,3504016,247.4125061
08-11-2007,166.4445801,247.4125061,249.9499969,245,247.5249939,2686964,240.9624939
12-11-2007,162.105423,240.9624939,246.3125,240,246.3125,5280988,236.8374939
13-11-2007,159.3304291,236.8374939,243.1750031,231.6625061,240.9624939,4697988,246.6750031
14-11-2007,165.9484863,246.6750031,261.2749939,240,240,3588368,245.0500031
15-11-2007,164.8552856,245.0500031,249.4750061,242.5,247.75,2295396,245.7250061
16-11-2007,165.3093567,245.7250061,249.5,241.7875061,245,3666816,248.375
19-11-2007,167.0920563,248.375,251.75,240.0249939,240.0249939,2943548,240.3249969
20-11-2007,161.6764984,240.3249969,247.25,239.5249939,247.25,4111392,236.1999969
21-11-2007,158.9015198,236.1999969,245,234,240.3249969,3337028,237.5500031
22-11-2007,159.8097229,237.5500031,242.4250031,233.75,242.4250031,2402356,240.2375031
23-11-2007,161.6177368,240.2375031,241.5,237.4375,238.125,2273540,246.2749939
26-11-2007,165.6793823,246.2749939,248.5,242.5,245,2234300,248.9875031
27-11-2007,167.5041809,248.9875031,249.7250061,242.5249939,247.625,1503964,244.125
28-11-2007,164.2330322,244.125,250.9499969,242.5,250,2927688,241.5124969
29-11-2007,162.4754639,241.5124969,250.125,238.75,250,5029688,253.0500031
30-11-2007,170.2372284,253.0500031,254.5,241.5124969,241.5124969,5334612,262.4750061
03-12-2007,176.5777893,262.4750061,266.5,252.6000061,254,6516348,257.4249878
04-12-2007,173.1804199,257.4249878,262.5,256.2625122,262.4750061,1783824,258.2999878
05-12-2007,173.7690582,258.2999878,261.25,255.125,257.5,2069240,258.8875122
06-12-2007,174.1642609,258.8875122,262.9249878,257.7999878,260,4163452,265.6499939
07-12-2007,178.7137299,265.6499939,268.0125122,256.5625,260,4805808,258.8999939
10-12-2007,174.1726837,258.8999939,268.5,257.5,267.5249939,3864020,260.3250122
11-12-2007,175.1313477,260.3250122,262.25,256.3125,262.25,2907456,263.3500061
12-12-2007,177.1664429,263.3500061,265,256.5249939,257.0499878,3718608,257.3999939
13-12-2007,173.1635895,257.3999939,265.5249939,256.9249878,262.4249878,4645736,260.1000061
14-12-2007,174.9799194,260.1000061,263.75,253.8249969,253.8249969,2720436,253.1000061
17-12-2007,170.2707977,253.1000061,268.1000061,251.25,268.1000061,3203328,251.2250061
18-12-2007,169.0094147,251.2250061,260,250.8249969,252.5,3845860,256.125
19-12-2007,172.3058777,256.125,257.2000122,252,253,2671020,261.3374939
20-12-2007,175.8125305,261.3374939,263.4874878,255.75,257.375,3036020,277.4249878
24-12-2007,186.6352539,277.4249878,280,262.5,270,4655664,275.0750122
26-12-2007,185.0542908,275.0750122,279.9249878,271.5375061,278.75,2905996,277.6875
27-12-2007,186.8118134,277.6875,280,271.6375122,276.2749939,4008568,270.5375061
28-12-2007,182.0017548,270.5375061,275,265,275,2196596,269.3500061
31-12-2007,181.2028351,269.3500061,274.0125122,263,270.75,2156168,263.6375122
01-01-2008,177.3598785,263.6375122,269.25,263,269.25,928388,262.5
02-01-2008,176.594635,262.5,265.25,257.875,265,2864924,252.7624969
03-01-2008,170.0437927,252.7624969,261.25,251.3374939,257.5249939,5168280,251.3000031
04-01-2008,169.0598145,251.3000031,255.7250061,250.5749969,252.7624969,2318868,243.8999939
07-01-2008,164.081604,243.8999939,252.1999969,243.125,250,3647344,246.9624939
08-01-2008,166.1418457,246.9624939,248,242.3249969,245,3207732,249.0749969
09-01-2008,167.5630493,249.0749969,251.5,247.4750061,248.6999969,2450128,245.4125061
10-01-2008,165.0991974,245.4125061,252.375,240.5,249.5,3342376,247.4375
11-01-2008,166.461441,247.4375,251,228.8374939,228.8374939,2149188,240.2875061
14-01-2008,161.6513367,240.2875061,249.9499969,238.8999939,249.9499969,4158864,235
15-01-2008,158.0942078,235,242,233.5,241.25,2935588,236.2375031
16-01-2008,158.926712,236.2375031,241.6750031,231.25,235,3131956,230.6750031
17-01-2008,155.1846466,230.6750031,241.5,229.75,241.4499969,6302096,225.8000031
18-01-2008,151.9049683,225.8000031,235,224.2749939,232.375,4333816,207.7624969
21-01-2008,139.7704163,207.7624969,226.1750031,201.3125,226,4840032,200.0625
22-01-2008,134.5902863,200.0625,247.5,181.25,203.6750031,6376872,217.9875031
23-01-2008,147.2010345,217.9875031,222.5,201.25,214.75,5359120,210.8125
24-01-2008,142.3559113,210.8125,222,206.4375,217.5,2013336,221.1499939
25-01-2008,149.3365936,221.1499939,224.4250031,212.5249939,213.25,2243116,213.5749969
28-01-2008,144.2213898,213.5749969,217.5,206.25,217.5,2485660,216.9250031
29-01-2008,146.4835663,216.9250031,221.1499939,213.75,214,3258712,217.4624939
30-01-2008,146.8465271,217.4624939,223,215,220.5,3032856,218.4375
31-01-2008,147.5049133,218.4375,222.5,208.8374939,217.5,5966956,232.375
01-02-2008,156.9165649,232.375,235.2749939,218.3249969,221.25,4169520,243.9125061
04-02-2008,164.7074738,243.9125061,247.25,234.75,236.25,3730520,238.7624969
05-02-2008,161.2298279,238.7624969,243.75,233.9125061,240,1722872,226.5249939
06-02-2008,152.966156,226.5249939,232.5,223.625,232.5,4007952,219.7624969
07-02-2008,148.3996429,219.7624969,226.5249939,217.7624969,226.5249939,2574652,224.6000061
08-02-2008,151.6662292,224.6000061,231.25,220,221,2576820,226.5249939
11-02-2008,152.966156,226.5249939,233,215.0249939,224.6000061,3200988,216.1625061
12-02-2008,145.9686584,216.1625061,231.25,215,226.25,5161328,217.2375031
13-02-2008,146.6946106,217.2375031,224.25,212.8249969,218.75,2185376,218.4499969
14-02-2008,147.5133209,218.4499969,225,215.25,221.25,2246480,218.1750031
15-02-2008,147.3276215,218.1750031,221.7624969,215,215,2213044,213.3000031
18-02-2008,144.035675,213.3000031,218.75,212.5,218.1750031,1723160,218.8625031
19-02-2008,147.7918549,218.8625031,221,213.75,214,1947288,221.5249939
20-02-2008,149.589798,221.5249939,223.6625061,218.3125,219.9750061,3060624,228.6625061
21-02-2008,154.4095306,228.6625061,232.75,220.5,224.5,3562052,225.1374969
22-02-2008,152.0292206,225.1374969,230.2250061,221.25,230,2401516,225.1875
25-02-2008,152.0630035,225.1875,232.25,222.5625,232,3255460,224.6000061
26-02-2008,151.6662292,224.6000061,231,223.75,231,4999584,219.3874969
27-02-2008,148.146347,219.3874969,228.7124939,218.5124969,227,2364056,220.2250061
28-02-2008,148.7119751,220.2250061,222.5,218,221.25,5579004,219.3500061
29-02-2008,148.1210785,219.3500061,222.9250031,215.875,220,3416480,212.1499939
03-03-2008,143.2591248,212.1499939,217.1750031,210,216.5,3141328,214.6999969
04-03-2008,144.9810486,214.6999969,217.5,211.7749939,214.5,3010532,218.8249969
05-03-2008,147.7665863,218.8249969,220.6999969,211.25,211.25,2209348,211.5375061
07-03-2008,142.84552,211.5375061,216.5249939,210.5625,215.6499939,1996828,208.4125061
10-03-2008,140.7353363,208.4125061,213.5,207.5,211.5375061,2494168,205.875
11-03-2008,139.0218048,205.875,210,205,210,4043520,205.8874969
12-03-2008,139.0301971,205.8874969,212.5,202.5625,209.75,1884412,194.9250031
13-03-2008,131.6275177,194.9250031,203.75,190.25,203.75,3408600,200.9624939
14-03-2008,135.7044983,200.9624939,203.2250061,187.5,195,2216056,197.9624939
17-03-2008,133.6786957,197.9624939,199.4250031,192.1875,193.75,1958904,204.4250031
18-03-2008,138.0426025,204.4250031,207.1999969,192.5,197.5,3596080,202.8625031
19-03-2008,136.9875488,202.8625031,210,201.3874969,207,4361924,205.9250031
24-03-2008,139.0555573,205.9250031,209.375,202.8625031,202.8625031,3301984,219.125
25-03-2008,147.9691772,219.125,224.9624939,208.75,210,2928896,219.5874939
26-03-2008,148.2814636,219.5874939,235,212.8874969,235,2171768,213.125
27-03-2008,143.91745,213.125,219,210.2749939,218,6151152,217.7624969
28-03-2008,147.0490875,217.7624969,218.6750031,213,213.25,3633696,202.6125031
31-03-2008,136.8187408,202.6125031,217.7624969,199.25,217.7624969,4051860,208.0874939
01-04-2008,140.5157928,208.0874939,213.2250061,202.5,205,2086728,212.8125
02-04-2008,143.7064514,212.8125,217.25,212.3125,212.5,1428844,221.3500061
03-04-2008,149.4715881,221.3500061,223,212.5,212.5,3287172,218.2250061
04-04-2008,147.3614044,218.2250061,222.4750061,215.0124969,221.5,2020844,226.0249939
07-04-2008,152.6285553,226.0249939,230.0249939,219.5500031,223.75,3659528,221.8374939
08-04-2008,149.800827,221.8374939,226.75,218.75,226.25,4055352,219.0625
09-04-2008,147.9268951,219.0625,223,217.25,220,1482600,224.8874969
10-04-2008,151.8604279,224.8874969,229.9125061,219.25,220,2925932,227
11-04-2008,153.2868958,227,231.25,223.3125,225.7624969,2189264,243.5375061
15-04-2008,164.4542542,243.5375061,246.25,220.1000061,230.5,5703772,242.9750061
16-04-2008,164.0743866,242.9750061,250.5,240.5,246.25,6438768,250.2250061
17-04-2008,168.9701538,250.2250061,252.5,244.8874969,249.9250031,3999556,248.3500061
21-04-2008,167.70401,248.3500061,258.75,246.6499939,252.25,3399296,221.8000031
22-04-2008,149.775528,221.8000031,246.2375031,220.5,246.2375031,13785196,222.2875061
23-04-2008,150.1046753,222.2875061,226.4250031,220.0124969,221.75,6326156,222.6875
24-04-2008,150.3747711,222.6875,226.2250061,216,226,15290096,222.3249969
25-04-2008,150.1300964,222.3249969,228,221.25,228,6828568,220.4250031
28-04-2008,148.8470306,220.4250031,224,180,202.25,6598136,227.6374969
29-04-2008,153.7174225,227.6374969,232.5,217.5375061,220.5124969,16209848,230.25
30-04-2008,155.4815826,230.25,233.9375,226.625,229.0249939,9487980,235.9375
02-05-2008,159.3221893,235.9375,240.5,231,231.25,5298780,231.8625031
05-05-2008,156.5704193,231.8625031,237.375,230.2875061,236.25,3613764,234.2624969
06-05-2008,158.1911163,234.2624969,237.5,218.1499939,227.5,3982796,241.6875
07-05-2008,163.2049561,241.6875,244.9750061,237.5,237.5,12585540,236.75
08-05-2008,159.8709259,236.75,241.25,229.5,241.2250061,10845832,229.25
09-05-2008,154.8062744,229.25,239.75,227.5,239.75,4492296,231.7250061
12-05-2008,156.4776001,231.7250061,233.7124939,227.5749969,229.25,3898508,226.2624969
13-05-2008,152.7889099,226.2624969,235.3500061,222.25,232.5,4462876,242.7875061
14-05-2008,163.9477692,242.7875061,244.7375031,222.7875061,226.25,9373188,246.1875
15-05-2008,166.2437134,246.1875,250.5,240.0249939,243.25,7177896,245.2624969
16-05-2008,165.6190491,245.2624969,248.5,242.125,248.5,3838648,239.0249939
20-05-2008,161.4070435,239.0249939,247.5,236.8125,243.75,4946904,241.2749939
21-05-2008,162.9264069,241.2749939,242,228.75,232,3140184,240.2875061
22-05-2008,162.2595673,240.2875061,246.375,237.75,239.125,5445200,233.1000061
23-05-2008,157.4060974,233.1000061,244.9250031,231.5249939,243.7250061,5401384,238.8625031
26-05-2008,161.297348,238.8625031,240.7250061,229,230,5457272,242.2250061
27-05-2008,163.5679016,242.2250061,248.5,236.5,245,5682072,252.3625031
28-05-2008,170.4135132,252.3625031,253.8125,242.5249939,242.5249939,5469588,248.6625061
29-05-2008,167.9150238,248.6625061,257.0874939,246,252.25,8258940,259.7875061
30-05-2008,175.4273834,259.7875061,262.25,244.5,247.75,15485284,245.9624939
02-06-2008,166.0917664,245.9624939,264.3500061,241.25,253.75,7054764,243.7875061
03-06-2008,164.6230621,243.7875061,247.5,234.5375061,240,4900256,239.1875
04-06-2008,161.516861,239.1875,247.4499969,236.5874939,247.4499969,3787856,245.4624939
05-06-2008,165.7541962,245.4624939,249.1999969,241,241.0249939,5905256,241.5500031
06-06-2008,163.1121216,241.5500031,249.6625061,239.4499969,247.5,4137784,228.5249939
09-06-2008,154.3167114,228.5249939,241.2250061,222.5,225.5625,6140140,219.75
10-06-2008,148.3911591,219.75,229.75,216.75,227.5,6155372,222.5874939
11-06-2008,150.3072357,222.5874939,227.5,220,222.5,4113368,222.0625
12-06-2008,149.9528046,222.0625,225.6000061,214.25,223.5,2464004,227.3999939
13-06-2008,153.5570374,227.3999939,230.4750061,220,220,6732432,227.6999969
16-06-2008,153.7596436,227.6999969,232,225.8125,229.75,6541784,230.3249969
17-06-2008,155.5321503,230.3249969,231.75,226.25,226.25,3504824,225.2250061
18-06-2008,152.9182892,225.2250061,230.25,222.75,230.1999969,6431336,222
19-06-2008,150.7285767,222,224.5,220,220.0625,3289068,215.9624939
20-06-2008,146.6293335,215.9624939,224.9750061,210.3874969,224.9750061,8157760,214.6125031
23-06-2008,145.7128296,214.6125031,219.8625031,210.75,215.9624939,3572312,211.1000061
24-06-2008,143.3279572,211.1000061,216.9250031,205.8500061,212.5,9287176,219.1999969
25-06-2008,148.8274841,219.1999969,221.25,207.8249969,210,5914196,220.3374939
26-06-2008,149.5998688,220.3374939,224.5,215.1000061,221,7028316,216.375
27-06-2008,146.9094238,216.375,220.3374939,212.7875061,220.3374939,6260948,214.5500031
30-06-2008,145.6703491,214.5500031,219.5,212.5,217.75,3258044,211.9250031
01-07-2008,143.8880768,211.9250031,218,208.7624969,216.25,5059616,219.125
02-07-2008,148.7766113,219.125,222,210,212.5,8141112,214.1625061
03-07-2008,145.4072571,214.1625061,220.25,205.1374969,220.25,4172528,211.125
04-07-2008,143.3449097,211.125,217.5124969,208.875,217.4750061,3939584,213.0625
07-07-2008,144.6603088,213.0625,216,208,211.25,1794132,207.5500031
08-07-2008,140.9176025,207.5500031,211.25,204.5,207.5375061,3947624,219.1875
09-07-2008,148.8190155,219.1875,222.4875031,212.5,212.5,3578548,217.1000061
10-07-2008,147.4016418,217.1000061,222.25,213.0874939,217.5,3504368,199.6499939
11-07-2008,135.553894,199.6499939,235.75,196.3500061,229.25,5523784,191.9624939
14-07-2008,130.3344269,191.9624939,200,190.25,200,4559896,187.6625061
15-07-2008,127.4148712,187.6625061,196.6125031,184.2875061,191.9624939,4509844,182.0249939
16-07-2008,123.587265,182.0249939,193.4125061,178.9750061,188.6625061,5739900,195.8125
17-07-2008,132.9483643,195.8125,196.7250061,182.5124969,183.75,10350716,198.4624939
18-07-2008,134.7476349,198.4624939,200.5,187.25,195,8339496,203.1999969
21-07-2008,137.9642181,203.1999969,203.75,195.75,199.75,3582068,207.9624939
22-07-2008,141.1977081,207.9624939,210.9875031,201.5124969,204,4241164,215.1374969
23-07-2008,146.0692139,215.1374969,217.5,204.7250061,207.5,5971420,200.6374969
24-07-2008,136.2243195,200.6374969,218.625,198.0874939,218.625,11742336,199.8000031
25-07-2008,135.6556854,199.8000031,212.375,195.5,199.8000031,8842536,201.5625
28-07-2008,136.852417,201.5625,204.2375031,196.25,200,1969372,202.2375031
29-07-2008,137.3106537,202.2375031,203.4499969,198,201.6750031,2472192,209.7375031
30-07-2008,142.402832,209.7375031,211.5,200,211.5,4420076,208.4375
31-07-2008,142.0280914,208.4375,210.5,205.375,210,5195580,210.1625061
01-08-2008,143.2035065,210.1625061,214.2375031,202.8125,206.25,4011724,203.8374939
04-08-2008,138.8937073,203.8374939,210,202.75,203.75,5238928,207.4250031
05-08-2008,141.3381653,207.4250031,208.75,201.3125,203.8500061,4768200,215.1374969
06-08-2008,146.5934143,215.1374969,217.4875031,209.1000061,209.9750061,5009932,213.3374939
07-08-2008,145.3669281,213.3374939,217.4750061,211.25,214.75,3072320,211.2749939
08-08-2008,143.9615784,211.2749939,214.25,208.3500061,211.2375031,2086672,208.4875031
11-08-2008,142.0621796,208.4875031,214.4499969,206.125,213,3405100,204.8125
12-08-2008,139.5580597,204.8125,210.9250031,203.75,208.75,3323504,207.0749969
13-08-2008,141.0997162,207.0749969,209.4250031,200,200,3697968,208.3000031
14-08-2008,141.9344177,208.3000031,211.1625061,202.75,207.25,3741508,210.3874969
18-08-2008,143.3567657,210.3874969,213.1000061,208.75,210,1956648,210.3125
19-08-2008,143.3056641,210.3125,212.75,208.7749939,211.125,1953300,210.3999939
20-08-2008,143.3653412,210.3999939,212.25,208.75,210.6750031,1127256,204.4624939
21-08-2008,139.3195496,204.4624939,210.5,203.8000031,209,1976516,204.75
22-08-2008,139.5153656,204.75,206.1875,200.875,204.75,2645284,204.5500031
25-08-2008,139.3791962,204.5500031,208.75,204,206,942244,208.5124969
26-08-2008,142.0791931,208.5124969,209.2375031,202.4875031,202.4875031,2205004,204.6125031
27-08-2008,139.4217987,204.6125031,209,203.2749939,205.0249939,2131788,198.0874939
28-08-2008,134.9756165,198.0874939,206.0625,195.6625061,205,6580688,203.0500031
29-08-2008,138.3570709,203.0500031,204.9875031,200,200,1998500,203.7375031
01-09-2008,138.8255768,203.7375031,205,201.75,203.75,1527432,212.1999969
02-09-2008,144.5918884,212.1999969,213.25,203.7375031,203.7375031,2647848,211.0500031
04-09-2008,143.8082733,211.0500031,213.6999969,208.0874939,211.25,2461676,209.6000061
05-09-2008,142.8202057,209.6000061,212.5,206.25,212.5,2445368,214.1750031
08-09-2008,145.9376068,214.1750031,218.6000061,210.5,215,5170432,216.1999969
09-09-2008,147.3174133,216.1999969,217.9250031,210,213.75,2815328,212.7250061
10-09-2008,144.949585,212.7250061,217.5500031,212.0249939,215.2875061,3063456,209.1750031
11-09-2008,142.5306702,209.1750031,217,207.25,212.7250061,1908976,202.6374969
12-09-2008,138.0760651,202.6374969,216.25,200.2375031,216.25,3573964,190.1499939
15-09-2008,129.5671234,190.1499939,199.75,186.25,195,8550948,187.2124939
16-09-2008,127.565506,187.2124939,187.75,181.25,187.375,5072364,182.5249939
17-09-2008,124.3714981,182.5249939,191.1625061,182,187,4200868,180.2875061
18-09-2008,122.8468628,180.2875061,187.25,167.75,182,6357104,191.7124939
19-09-2008,130.6317749,191.7124939,194.9250031,182.5249939,194.9250031,9544368,191.6999969
22-09-2008,130.6233368,191.6999969,217,188.25,217,4472944,180.25
23-09-2008,122.821312,180.25,191.9250031,178.8374939,178.8374939,2966120,178.2624969
24-09-2008,121.4670258,178.2624969,187,172.5749969,181.1374969,7380724,172.1000061
25-09-2008,117.2679596,172.1000061,179.9624939,167.7624969,178.2749939,15122632,169.0500031
26-09-2008,115.1896896,169.0500031,175,166.5500031,175,4217244,155
29-09-2008,105.616066,155,169.6999969,153,169.6999969,5578636,166.3999939
30-09-2008,113.3839645,166.3999939,169.1750031,147.5,148,8391372,167.9375
01-10-2008,114.4316101,167.9375,171.2250061,161.3374939,167.3999939,6017916,164.375
03-10-2008,112.0041351,164.375,166.2375031,160.5874939,166.2375031,4172404,154.75
06-10-2008,105.4457703,154.75,162.8125,150,162.8125,5882984,143.9750061
07-10-2008,98.10372162,143.9750061,166.25,141.5,157.7875061,8884604,136.6499939
08-10-2008,93.11249542,136.6499939,140.7375031,127,138.75,8301380,131.1999969
10-10-2008,89.39891052,131.1999969,137.5,120.0999985,135,13742076,143.2124939
13-10-2008,97.58414459,143.2124939,150.7250061,131.1999969,131.9875031,13866024,148.1750031
14-10-2008,100.9655991,148.1750031,154.8500061,145.3374939,149.75,7424624,135.7749939
15-10-2008,92.51626587,135.7749939,147.1625061,133.8249969,146.25,5308752,123.75
16-10-2008,84.32253265,123.75,132.1750031,116.9749985,131.25,8031800,113.4625015
17-10-2008,77.31269073,113.4625015,132.25,111.25,125,9743540,122.8375015
20-10-2008,83.70075226,122.8375015,126.25,113.8125,124.1624985,12413060,139.7749939
21-10-2008,95.24186707,139.7749939,141.9750061,123.3375015,134.6000061,11804900,136.6625061
22-10-2008,93.12101746,136.6625061,138.75,127.7750015,138.75,6020668,136.8249969
23-10-2008,93.23175812,136.8249969,147,125.3125,131.1625061,10501016,124.7125015
24-10-2008,84.9783783,124.7125015,134.1000061,110,125.9250031,8479936,124.1875
27-10-2008,84.6206131,124.1875,129.5,103.8375015,120.25,8972576,135.1999969
29-10-2008,92.68419647,135.1999969,143.75,132.5625,140.5,10955572,134.375
31-10-2008,92.11868286,134.375,148.75,132.4375,142.25,10375980,136.8500061
03-11-2008,93.81536865,136.8500061,145.75,131.7624969,139.9875031,7532020,127.125
04-11-2008,87.14853668,127.125,149.1499939,122.5,149.1499939,9422540,126.5999985
05-11-2008,86.78865814,126.5999985,137.2250061,125,128.75,9233164,125.0500031
06-11-2008,85.72606659,125.0500031,132.125,120.5250015,132.125,7861916,131.2875061
07-11-2008,90.00209045,131.2875061,133.75,121.4375,125,5877720,136.6125031
10-11-2008,93.65257263,136.6125031,138.125,128.7624969,137.4750061,4099016,132.2124939
11-11-2008,90.63620758,132.2124939,136.9375,130,135.5,6498776,133.7250061
12-11-2008,91.67306519,133.7250061,138.6125031,128.7624969,132.2124939,7742044,132.7124939
14-11-2008,90.97894287,132.7124939,137.125,130.875,136.25,6617464,129.75
17-11-2008,88.94806671,129.75,134.25,126.375,132.25,8090972,120.7874985
18-11-2008,82.80395508,120.7874985,130,120,130,9755152,120.6624985
19-11-2008,82.7183075,120.6624985,124,117.9250031,122.5,8175088,118.25
20-11-2008,81.06445313,118.25,120,115,120,5016448,126.6125031
21-11-2008,86.79720306,126.6125031,129.25,115,117.4250031,6845692,129.9750061
24-11-2008,89.10230255,129.9750061,132.9125061,122.5625,126,8370556,126
25-11-2008,86.37731171,126,134.9875031,125.0124969,129.7749939,5774020,131.8625031
26-11-2008,90.39627838,131.8625031,132.5,124.2874985,125.8125,6135556,131.8625031
27-11-2008,90.39627838,131.8625031,131.8625031,131.8625031,131.8625031,0,139.8500061
28-11-2008,95.87197876,139.8500061,142,129.5,129.5,12138064,141.0375061
01-12-2008,96.68606567,141.0375061,148.4375,139.0874939,139.8500061,11958704,133.2124939
02-12-2008,91.32172394,133.2124939,142.5,130.7624969,142.5,6658808,133.6999969
03-12-2008,91.65594482,133.6999969,137.9250031,130.3999939,134.0874939,9997992,137.3500061
04-12-2008,94.15812683,137.3500061,138.4250031,125.8375015,133.75,8256508,130.4499969
05-12-2008,89.42796326,130.4499969,136.3249969,129.5625,134.6000061,7105448,130.5625
08-12-2008,89.50508118,130.5625,136.5625,128.1000061,133.75,7621404,135.2624969
10-12-2008,92.72705078,135.2624969,139.1999969,132.375,137.4499969,8088380,126.9124985
11-12-2008,87.00286865,126.9124985,137.4250031,125.5,137.4250031,7300252,120.3249969
12-12-2008,82.48690796,120.3249969,127.4875031,118.8125,127.4875031,7121036,117.4124985
15-12-2008,80.49029541,117.4124985,125.5,116.8125,125.5,5997716,119.8375015
16-12-2008,82.15271759,119.8375015,121.2249985,116.25,117.5,5847868,119.3249969
17-12-2008,81.80136108,119.3249969,123,118,121.3375015,6476068,127.625
18-12-2008,87.49131775,127.625,128.5249939,118,118.7249985,5723936,128.3874969
19-12-2008,88.01403046,128.3874969,133.5,123.5250015,125.75,4943988,127.6374969
22-12-2008,87.4998703,127.6374969,129.875,125.8499985,129.875,4106852,125.1500015
23-12-2008,85.79463196,125.1500015,127.9000015,123.0625,123.8000031,3567120,119.5374985
24-12-2008,81.94707489,119.5374985,126.1875,118.0625,124.1750031,9148436,117.9124985
26-12-2008,80.83306885,117.9124985,123.75,116.3000031,116.3000031,3154564,119.1999969
29-12-2008,81.7156601,119.1999969,119.875,115,119,4875608,120.6374969
30-12-2008,82.70117188,120.6374969,123.375,117.5,121.25,3522528,119.4749985
31-12-2008,81.90419769,119.4749985,123.0749969,118.0625,123.0749969,2543696,124.5749969
02-01-2009,85.40044403,124.5749969,127.1750031,123.5374985,124.2624969,5375740,128.8125
05-01-2009,88.30540466,128.8125,130.75,124.5,125.5,4829776,126.5999985
06-01-2009,86.78865814,126.5999985,130.5,124.5625,128.75,5918992,126.1999969
07-01-2009,86.51442719,126.1999969,129.9499969,116.1500015,129.75,9013828,134.2375031
09-01-2009,92.02441406,134.2375031,137.4499969,121.25,124.9749985,14219980,128.1374969
12-01-2009,87.84262085,128.1374969,132.5,126.2750015,127.9124985,7595416,131.4125061
13-01-2009,90.08774567,131.4125061,134.25,122.0500031,124.9000015,13359808,134.7375031
14-01-2009,92.36715698,134.7375031,139.3999939,132,132,5958904,127.6125031
15-01-2009,87.48274994,127.6125031,130.75,124.5875015,130,7171524,125.75
16-01-2009,86.20594025,125.75,129.75,121.625,127.1750031,9790076,125.1875
19-01-2009,85.82032776,125.1875,129.4750061,121.8249969,129.4750061,6868376,124.1125031
20-01-2009,85.08336639,124.1125031,126.9749985,122.5,123.6750031,4635196,123.0749969
21-01-2009,84.37213135,123.0749969,125.25,121.25,122.75,3669860,124.1500015
22-01-2009,85.10909271,124.1500015,126.0124969,120.7874985,123.75,4848136,121.5374985
23-01-2009,83.31813812,121.5374985,124.7249985,120.8249969,122.5250015,3031220,124.7750015
27-01-2009,85.53752136,124.7750015,128.75,122.75,122.75,5243956,126.8625031
28-01-2009,87.49449921,126.8625031,127.5,118.8000031,118.8000031,4789396,128.5
29-01-2009,88.62385559,128.5,129.5,124.0250015,128.0124969,10017036,127.9000015
30-01-2009,88.21007538,127.9000015,128.75,124.5749969,126.25,8707524,122.8249969
02-02-2009,84.70991516,122.8249969,127.1999969,121.7874985,127.1999969,3234692,124.9625015
03-02-2009,86.18411255,124.9625015,127.4499969,123.25,123.25,3808560,124.6624985
04-02-2009,85.97720337,124.6624985,128.2250061,123.25,125.75,2484756,120.7249985
05-02-2009,83.26159668,120.7249985,125.6500015,119.5625,125,4341548,125.6999969
06-02-2009,86.69274902,125.6999969,126.9749985,121.75,122.5,6840388,128.75
09-02-2009,88.79627991,128.75,130.9125061,124.1624985,125,4595224,131.1499939
10-02-2009,90.45149231,131.1499939,132,127.75,129.25,6790772,128.6875
11-02-2009,88.7531662,128.6875,130.75,128,129.5,4502732,127.4749985
12-02-2009,87.9169693,127.4749985,128.9250031,126.0250015,128,2844372,127.8000031
13-02-2009,88.1410675,127.8000031,130,126.75,127.5,3257208,125.1875
16-02-2009,86.3392868,125.1875,128.7375031,124.5,126.9000015,2501996,121.3125
17-02-2009,83.66680145,121.3125,124.9499969,120,124,2950388,120.1875
18-02-2009,82.89090729,120.1875,122.7249985,119.25,120.3375015,2629412,122.375
19-02-2009,84.39958191,122.375,123.1999969,119.75,120.5,3477072,118.5124969
20-02-2009,81.73565674,118.5124969,121.875,116.0749969,121.625,4771388,117.2249985
24-02-2009,80.84772491,117.2249985,118.9250031,115.125,117.5,4495532,120.1875
25-02-2009,82.89090729,120.1875,121.1999969,117.5,117.5,5517928,120.5500031
26-02-2009,83.14090729,120.5500031,122.6500015,119.25,120.25,8808288,120.7750015
27-02-2009,83.29608917,120.7750015,122.25,113.8125,120.5,6750148,114.9625015
02-03-2009,79.28733826,114.9625015,120.5,113.6999969,118.5250015,3988944,111.5500031
03-03-2009,76.93380737,111.5500031,116.5,109.8375015,113,3560896,115.1374969
04-03-2009,79.40800476,115.1374969,116.1125031,111.5500031,112,3258300,115.8000031
05-03-2009,79.86495972,115.8000031,117.7249985,114.5,116.2375031,4284496,120.4250031
06-03-2009,83.05470276,120.4250031,121.2125015,114.4124985,115,5805604,115.75
09-03-2009,79.83043671,115.75,120,114.75,117.7750015,4535184,119.3499985
12-03-2009,82.31330109,119.3499985,121.25,115.4124985,115.4124985,8617456,126.7125015
13-03-2009,87.39105225,126.7125015,127.5,118.3375015,118.3375015,10199700,129.9499969
16-03-2009,89.62390137,129.9499969,130.6999969,125.5999985,127.5,4672896,124.3874969
17-03-2009,85.78757477,124.3874969,129.5,123.2624969,128.75,6946172,126.2874985
18-03-2009,87.09797668,126.2874985,128.625,125,125,6413800,128.7375031
19-03-2009,88.78766632,128.7375031,129.5,125.4000015,126.375,7382584,127.4499969
20-03-2009,87.89968872,127.4499969,132.2250061,126.375,132.2250061,4139380,129.9125061
23-03-2009,89.59805298,129.9125061,132.3999939,127.75,131.125,4587312,130.4125061
24-03-2009,89.94287109,130.4125061,133.125,128.0500031,130.5500031,6681544,131.5
25-03-2009,90.69291687,131.5,132.4750061,125.9124985,125.9124985,3831616,139.6125031
26-03-2009,96.28794861,139.6125031,144.4875031,128.1625061,128.1625061,15230328,143.7124939
27-03-2009,99.11558533,143.7124939,146.25,134.1625061,134.1625061,7079424,130.8125
30-03-2009,90.21873474,130.8125,142.5,129.5,133.4375,5148188,134.6374969
31-03-2009,92.85677338,134.6374969,135.9750061,131.25,131.25,4777672,136.125
01-04-2009,93.88270569,136.125,138.4499969,130.125,134,6724568,144.6875
02-04-2009,99.78805542,144.6875,146.75,136.4125061,136.4125061,8503764,144.8874969
06-04-2009,99.9260025,144.8874969,148.5,143.9250031,146.1999969,5414580,151.0375061
08-04-2009,104.1675186,151.0375061,153.4250031,140.25,146.2749939,10193512,150.6374969
09-04-2009,103.8915939,150.6374969,154.9750061,148.5625,153,6586724,148.0625
13-04-2009,102.1157455,148.0625,152.25,143.8000031,151.125,4121008,144.4250031
15-04-2009,99.60704041,144.4250031,145.4499969,137.5124969,137.8874969,9767236,143.0124969
16-04-2009,98.63284302,143.0124969,147.25,141.8000031,145,8868964,143.2749939
17-04-2009,98.81387329,143.2749939,149.875,141.2749939,144.1999969,6664024,140.3500061
20-04-2009,96.79655457,140.3500061,145.4499969,138.1875,138.1875,5330200,137.6875
21-04-2009,94.960289,137.6875,147.125,136.25,144.8999939,11488980,135.7375031
22-04-2009,93.615448,135.7375031,141.1499939,134.2875061,140,6584924,142.0249939
23-04-2009,97.95175934,142.0249939,143.2124939,136.3000031,137.375,7373712,145.9750061
24-04-2009,100.6760178,145.9750061,146.75,139.9875031,139.9875031,5377524,150.4750061
27-04-2009,103.7795715,150.4750061,152.1999969,143.125,145.9624939,8141124,149.625
28-04-2009,103.1933517,149.625,151.9624939,144.0874939,149.7749939,8388692,155.8999939
29-04-2009,107.52108,155.8999939,157.25,150.5,150.5,10531292,155.5249939
30-04-2009,107.262413,155.5249939,155.5249939,155.5249939,155.5249939,0,166.6000061
04-05-2009,114.9006882,166.6000061,174.8999939,157.5375061,157.75,11142936,162.75
05-05-2009,112.24543,162.75,168.7375031,159.0249939,167.25,8822316,158.8374939
06-05-2009,109.5470123,158.8374939,162.4250031,153.75,159.5625,52522096,157.9250031
07-05-2009,108.9176941,157.9250031,161.25,154.8249969,159,7738864,157.7375031
08-05-2009,108.7883606,157.7375031,160.5,154.625,157,9001752,153.8125
11-05-2009,106.0814056,153.8125,159.9125061,152.25,159.625,5298612,160.2749939
12-05-2009,110.5384903,160.2749939,161.4499969,152.5,152.5,9487452,155.4250031
13-05-2009,107.1934738,155.4250031,161.2250061,153.75,160.5,7324800,154.9499969
14-05-2009,106.8659134,154.9499969,156.75,151.3249969,154.5,9443176,161.0124969
15-05-2009,111.0470657,161.0124969,163.7124939,156,156,10942472,185.9624939
18-05-2009,128.2545624,185.9624939,197.8999939,173.75,191.6499939,73380,167.4375
19-05-2009,115.4782715,167.4375,187.5,163.8999939,187.5,13015576,169.1625061
20-05-2009,116.667984,169.1625061,175.4875031,165.75,167.5,8507664,161.8625031
21-05-2009,111.6333008,161.8625031,171.25,161,167.5,4459324,158.5124969
22-05-2009,109.3228607,158.5124969,161.25,157.5,157.5,5861456,157.8374939
25-05-2009,108.8573303,157.8374939,161,155.6625061,159,5673644,156.1125031
26-05-2009,107.6676407,156.1125031,159.9125061,155.125,158.7375031,6058900,162.1374969
27-05-2009,111.8229904,162.1374969,163,157.6999969,157.6999969,9222868,165.8000031
28-05-2009,114.3489532,165.8000031,168.4750061,155.8500061,155.8500061,16863676,176.1499939
29-05-2009,121.4871063,176.1499939,177.5,163.1625061,167.1875,13871224,174.4125061
01-06-2009,120.2887878,174.4125061,177.4624939,168.3374939,168.3374939,7905804,173.6875
02-06-2009,119.7887573,173.6875,177.5,172.5,175,4118172,174.2124939
03-06-2009,120.1509018,174.2124939,176.1875,170.7749939,172.5,3914944,176.8000031
04-06-2009,121.9353714,176.8000031,177.25,171.5874939,171.75,7020704,180.3374939
05-06-2009,124.3751984,180.3374939,182.1750031,174.0874939,177.25,13220132,185.5249939
08-06-2009,127.952858,185.5249939,187.4375,180,181.1750031,9267824,195.5375061
09-06-2009,134.8582764,195.5375061,198.75,182.7749939,182.7749939,9690708,195.4499969
10-06-2009,134.7979431,195.4499969,201.25,191.8125,196.25,9383796,193.7749939
11-06-2009,133.6427155,193.7749939,198.1125031,192.5,197,3883200,191.1374969
12-06-2009,131.8236847,191.1374969,198.6999969,190.3000031,196.25,6358660,194.5
15-06-2009,134.1427155,194.5,196.25,188.75,191.1750031,6595868,194.5749969
16-06-2009,135.0624695,194.5749969,196.75,185.6000061,191.6499939,4344006,189.375
17-06-2009,131.4529114,189.375,197.5,187.5,196,3741568,188.1999969
18-06-2009,130.6373138,188.1999969,196.5,186.0249939,189,4753108,189.8999939
19-06-2009,131.8173676,189.8999939,196,187.5,188.5,7727732,184.8249969
22-06-2009,128.2945557,184.8249969,193.8999939,184,192.1999969,4106208,183.3249969
23-06-2009,127.2533646,183.3249969,188.875,179,180,5135694,190.875
24-06-2009,132.4941559,190.875,194.25,180.1000061,186.4750061,7303954,190.25
25-06-2009,132.0603333,190.25,196,185.1499939,191,9694662,198.6999969
26-06-2009,137.9258423,198.6999969,202.1999969,188.2749939,191.25,6099700,193.1000061
29-06-2009,134.03862,193.1000061,201,191.6750031,199.9250031,4745206,194.9250031
30-06-2009,135.3053436,194.9250031,199,191.5749969,193.75,5923948,196.4750061
01-07-2009,136.3813782,196.4750061,197.5,191.2250061,193.5500031,3684738,195
02-07-2009,135.3574677,195,197.6499939,190.6000061,195,3715428,195.4750061
03-07-2009,135.6871033,195.4750061,196.1999969,192.5,192.5,2919844,190.3500061
06-07-2009,132.1297302,190.3500061,199.2250061,189.1750031,198.5,4488916,194.5749969
07-07-2009,135.0624695,194.5749969,196.625,190,192,3804568,190.5749969
08-07-2009,132.2858734,190.5749969,194.4499969,184.125,194.3500061,6694766,194.0749969
09-07-2009,134.7154694,194.0749969,195.5500031,185.5,191.0500031,3964808,197.5749969
10-07-2009,137.1449127,197.5749969,200.7250061,195,195.5,7468748,198.75
13-07-2009,137.9605408,198.75,200.5,194.125,195,5119832,203.4750061
14-07-2009,141.2403564,203.4750061,205.5500031,200.1999969,202.5,4464136,211.5749969
15-07-2009,146.8628387,211.5749969,213.6499939,205,205.4499969,4470094,209.8999939
16-07-2009,145.7002106,209.8999939,217.3999939,206.6000061,214,7596876,217.0500031
17-07-2009,150.663269,217.0500031,222.875,210.5,210.6999969,9094956,250.2749939
20-07-2009,173.72612,250.2749939,257.4500122,222.5,222.5,34539536,238.8000031
21-07-2009,165.760788,238.8000031,256.5750122,237.0249939,251.5,13005820,233.1499939
22-07-2009,161.838974,233.1499939,242.5,226.1499939,241.8500061,10674690,237.8249969
23-07-2009,165.0840149,237.8249969,241.4499969,235,235.5,7662678,242.2749939
24-07-2009,168.1729736,242.2749939,245,238,245,7909322,240.1499939
27-07-2009,167.388855,240.1499939,244.4750061,238.5500031,241,4652338,240.3249969
28-07-2009,167.5108337,240.3249969,242.4750061,235.6499939,242.1750031,6334984,249.8999939
29-07-2009,174.1847992,249.8999939,252.3500061,237.5,240,11072150,266.5499878
30-07-2009,185.7901459,266.5499878,272.5,245.125,252.625,15672482,262.9750061
31-07-2009,183.2982483,262.9750061,270,260.7000122,269.5,5634966,265.8250122
03-08-2009,185.2848206,265.8250122,267.4249878,260.5499878,265,3520548,265.0750122
04-08-2009,184.7620239,265.0750122,270.6000061,260.25,260.25,5481292,264.5
05-08-2009,184.3612061,264.5,268.4750061,253.7749939,264.75,6424010,258.7000122
06-08-2009,180.3184814,258.7000122,267.2000122,257.1000061,264.5,4178748,254.5500031
07-08-2009,177.4259033,254.5500031,260.9750061,253.0500031,258.2999878,4552666,269.5249939
10-08-2009,187.8637543,269.5249939,275.875,257,257.5750122,10623976,270.9500122
11-08-2009,188.8570404,270.9500122,279,267.0499878,268.75,8843480,259.8250122
12-08-2009,181.1026764,259.8250122,268,255.5,267.5,11326536,263.375
13-08-2009,183.5771179,263.375,267.2000122,259.7999878,267.2000122,10033928,260.75
14-08-2009,181.7473907,260.75,265,259,265,5151814,255.0749969
17-08-2009,177.7918091,255.0749969,258.75,252.625,258.3999939,5962820,254.4250031
18-08-2009,177.3388519,254.4250031,257.4249878,249.75,252.5,8149844,249.0249939
19-08-2009,173.5748749,249.0249939,257.3500061,247,256.3999939,5603370,250.5
20-08-2009,174.6029816,250.5,254.1999969,249.0500031,252.4499969,3660960,254.625
21-08-2009,177.4781952,254.625,256.25,247.5,251,6929022,260.7749939
24-08-2009,181.764801,260.7749939,262.9249878,256.7749939,257.9750061,4207204,264.1499939
25-08-2009,184.1173096,264.1499939,265.5,257.0499878,259,5529298,274.25
26-08-2009,191.1572113,274.25,277.5,263.2749939,263.3500061,8852624,273.875
27-08-2009,190.8958282,273.875,283,270.5,275,10230928,270.3999939
28-08-2009,188.4736328,270.3999939,275,265.5499878,272.875,4563136,263.5249939
31-08-2009,183.6816711,263.5249939,266.8999939,260.6499939,265.5,7170352,263.4500122
01-09-2009,183.6293945,263.4500122,268.1749878,259.5499878,267.5,9862194,267.2999878
02-09-2009,186.3128967,267.2999878,271.4500122,260.5,260.5,8161418,266.8250122
03-09-2009,185.9818115,266.8250122,272.2000122,265.2250061,269.9500122,7796744,265.9500122
04-09-2009,185.371933,265.9500122,272,263.6000061,270,6263446,275.4750061
07-09-2009,192.0110321,275.4750061,276.7749939,266.7999878,267.8999939,5925720,277.3250122
08-09-2009,193.3005371,277.3250122,285.25,274.8250122,275.9500122,9892042,280.2250061
09-09-2009,195.3219147,280.2250061,282.3999939,271.5750122,278,7532186,278.2749939
10-09-2009,193.9626923,278.2749939,284.5,276.0249939,282,4898914,280.1749878
11-09-2009,195.2870331,280.1749878,284.5,277.75,280.5,9130296,279.5499878
14-09-2009,194.8513641,279.5499878,281.9500122,266.8250122,266.8250122,3200972,285.9500122
15-09-2009,199.3123016,285.9500122,287.8500061,281,282,4308186,285.25
16-09-2009,198.8243103,285.25,289.9750061,282.6000061,289.5,5816522,291.4750061
17-09-2009,203.1632538,291.4750061,294,286.5,287.5,5283220,292
18-09-2009,203.5291748,292,295,289.5,292.5,3925348,301.3250122
22-09-2009,210.0289917,301.3250122,303,291.125,294.9750061,3763280,295.4500122
23-09-2009,205.934021,295.4500122,305.8250122,293.625,304,4522410,301.2749939
24-09-2009,209.993988,301.2749939,304.6499939,291,294,6803348,293.7000122
25-09-2009,204.7141571,293.7000122,299,277.5,277.5,3068206,305.2000122
29-09-2009,212.7298584,305.2000122,307.2250061,295.5,297.4750061,7146124,310.5
30-09-2009,216.4240723,310.5,311.3999939,306.1000061,307.4750061,4373424,314.9249878
01-10-2009,219.5084076,314.9249878,324.9500122,307.5249939,309,5686944,307.6499939
05-10-2009,214.4375763,307.6499939,319.5,305.5,309.3500061,6259596,307.1000061
06-10-2009,214.0542755,307.1000061,314.2000122,302.5,312.4750061,7448054,295.8500061
07-10-2009,206.2127533,295.8500061,309.4500122,294.3250122,309.4500122,10075972,285.7000122
08-10-2009,199.1380005,285.7000122,299.375,284.25,297.5,10162172,280.875
09-10-2009,195.7748871,280.875,295.2000122,278.3250122,287.5249939,10032478,289.9249878
12-10-2009,202.0828857,289.9249878,292.125,281.7749939,283.5,5174220,290.5
13-10-2009,202.4836884,290.5,290.5,290.5,290.5,0,296.4750061
14-10-2009,206.6484833,296.4750061,299,290.3500061,292.4750061,3979580,290.8999939
15-10-2009,202.7625122,290.8999939,298.9500122,287.5,297,4232380,299.1499939
16-10-2009,208.5128632,299.1499939,302.2000122,283,283,7189942,310.5249939
20-10-2009,216.4414673,310.5249939,312.8999939,306.0249939,307,7840584,316.3999939
21-10-2009,220.536438,316.3999939,319.7000122,309,310,5731638,312.9249878
22-10-2009,218.1143646,312.9249878,321.9750061,307.6749878,316,4292924,319.8999939
23-10-2009,222.9760437,319.8999939,322.9500122,314.7999878,315.0499878,7494460,322.2749939
26-10-2009,224.6313629,322.2749939,328.8250122,317.5,321.5,4071746,321.375
27-10-2009,224.0041809,321.375,328.9500122,317.2749939,328.9500122,3940880,321.4249878
28-10-2009,224.7383118,321.4249878,324.4500122,317.5,321.2000122,3582314,317.0249939
29-10-2009,221.6618042,317.0249939,322.75,315.6000061,318,4882712,314.1499939
30-10-2009,219.6516724,314.1499939,324.375,310,321,2876124,303.0249939
03-11-2009,211.8731079,303.0249939,318,300.5,318,2768288,312.8500061
04-11-2009,218.7427063,312.8500061,314,305,305.5499878,4555798,312.25
05-11-2009,218.3232117,312.25,315,302.7999878,315,2731302,311.0750122
06-11-2009,217.5016327,311.0750122,317.4750061,306.8250122,310,4179484,311.375
09-11-2009,217.7114563,311.375,314,307.5,312.5,3432086,313.3250122
10-11-2009,219.0747681,313.3250122,314.5,310,313,4610406,322.625
11-11-2009,225.5772858,322.625,323.5,309.25,313.5249939,4049412,327.6749878
12-11-2009,229.1082001,327.6749878,330.75,321.7749939,322.5,4727766,335.0750122
13-11-2009,234.2822723,335.0750122,337.4500122,323.7749939,327.4750061,4597896,332.875
16-11-2009,232.7440033,332.875,338.5,330,335,3523808,345.2250061
17-11-2009,241.3791656,345.2250061,346.4500122,329.6499939,334,5344330,343.4500122
18-11-2009,240.138092,343.4500122,352.8500061,341.75,345.5,5582914,339.9500122
19-11-2009,237.6909332,339.9500122,346.2000122,334.75,344.9500122,3464664,346.5750122
20-11-2009,242.3230133,346.5750122,348,335.0499878,339,2800774,347.0499878
23-11-2009,242.6551056,347.0499878,350,343,347.5,2543474,349.5249939
24-11-2009,244.3855896,349.5249939,352,341,352,2721872,351.3999939
25-11-2009,245.6966095,351.3999939,355.8250122,346,349.5249939,3893254,343.9500122
26-11-2009,240.4875336,343.9500122,353.6749878,342.5,352.4750061,4409118,335.2250061
27-11-2009,234.3871918,335.2250061,343.2000122,327.5,338.2749939,3769058,344.2000122
30-11-2009,240.6624756,344.2000122,346.4750061,337,337,3882888,342.875
01-12-2009,239.7360229,342.875,351.7000122,340.125,351.7000122,3229964,342.1499939
02-12-2009,239.2288666,342.1499939,347.4750061,338.5249939,347.4750061,2161954,345.0249939
03-12-2009,241.2393036,345.0249939,347.9500122,339.625,343.875,2978706,347.6000061
04-12-2009,243.0396729,347.6000061,350.5,340.5,340.5,3933408,349.7000122
07-12-2009,244.5080261,349.7000122,352.9500122,347.5,349,2207652,349.1499939
08-12-2009,244.1234131,349.1499939,350.4249878,345.125,349.9249878,4226172,353.3500061
09-12-2009,247.059967,353.3500061,355.4500122,346.6000061,349,4708848,352.8250122
10-12-2009,246.6929474,352.8250122,355,350.9750061,352.5,1659484,353.0499878
11-12-2009,246.8502045,353.0499878,357.2000122,350,353.5750122,2688312,352.5499878
14-12-2009,246.5006256,352.5499878,355.9750061,350.4249878,350.5,3008842,350.4750061
15-12-2009,245.0500183,350.4750061,356,348.6000061,354,2087152,356.5750122
16-12-2009,249.3148956,356.5750122,358.875,347.5,350.8500061,3565378,361.375
17-12-2009,252.6711121,361.375,364,357.5,359,3782302,363.75
18-12-2009,254.3316803,363.75,365.75,359.7749939,361.375,2795290,367.0249939
21-12-2009,256.6215515,367.0249939,374.5,363.25,365.0499878,9326994,362.0249939
22-12-2009,253.1253815,362.0249939,371.25,359.6000061,370,3189142,373.2749939
23-12-2009,260.9914551,373.2749939,374.75,362.7749939,364.2250061,4470686,374.6499939
24-12-2009,261.9526978,374.6499939,378.5,370.5249939,375,3057686,370.7000122
29-12-2009,259.1911011,370.7000122,375.8999939,368.3250122,375,2256278,371.375
30-12-2009,259.6629639,371.375,374.375,357.625,371,1472110,375.125
31-12-2009,262.2849426,375.125,377.5,371.8999939,373.125,2853462,375.8250122
04-01-2010,262.7744446,375.8250122,379.4500122,374.5249939,377.3999939,1963682,375.9249878
05-01-2010,262.8443909,375.9249878,379.7749939,373.2749939,377.5,2014488,367.4249878
06-01-2010,256.901123,367.4249878,376.1000061,366.5,375.9249878,3349176,357.2000122
07-01-2010,249.7519531,357.2000122,369.7000122,355.5,367.75,6474892,349.8999939
08-01-2010,244.6477814,349.8999939,359.25,348.25,358,6048178,357.1000061
11-01-2010,249.6820068,357.1000061,360.0499878,350.2000122,352,4318408,375.0249939
12-01-2010,262.2149963,375.0249939,377,363.5,366,9027690,394.2749939
13-01-2010,275.674469,394.2749939,398.2000122,372.3250122,372.5,10910272,389.9249878
14-01-2010,272.6329041,389.9249878,399.2250061,384.6749878,399.2250061,10327614,395.7000122
15-01-2010,276.6708984,395.7000122,399.7999878,386.125,398,7945008,401.1000061
18-01-2010,280.4464722,401.1000061,414.5,396.5,400,7261084,390.3500061
19-01-2010,272.9301453,390.3500061,401.1000061,389.3250122,401.1000061,5154850,389.7000122
20-01-2010,272.475647,389.7000122,396.1000061,385.4500122,396.1000061,4347054,385.3250122
21-01-2010,269.4168091,385.3250122,395.9750061,383.9500122,386.125,5089504,378.9249878
22-01-2010,264.941864,378.9249878,382.5,372.3500061,380.5,7574990,378.1000061
25-01-2010,264.3649597,378.1000061,382.75,370.5750122,378.75,3008286,371.6499939
27-01-2010,260.5444641,371.6499939,379.8500061,370.0750122,375,4844398,370.875
28-01-2010,260.0010071,370.875,378.9750061,363.8500061,374.75,6537196,368.1000061
29-01-2010,258.0556335,368.1000061,369.8999939,356.0750122,367,5473326,373.0750122
01-02-2010,261.5433655,373.0750122,381.3999939,360,367.1749878,3378012,369.2000122
02-02-2010,258.8267517,369.2000122,381.3250122,367.5,377.5,4739188,376.4750061
03-02-2010,263.927002,376.4750061,378.4500122,367.75,372,2977676,369.3500061
04-02-2010,258.9319153,369.3500061,376.9500122,366.25,376.4750061,2716612,361.75
05-02-2010,253.6038971,361.75,367.5,358.2999878,367.5,4607118,362.0750122
08-02-2010,253.8319397,362.0750122,367.375,354.0750122,364.5,4170344,367.5750122
09-02-2010,257.6875916,367.5750122,370.9750061,360.5249939,362.5,3005894,366.1499939
10-02-2010,256.6885681,366.1499939,371.8500061,364.0499878,369.9500122,2337374,371.3500061
11-02-2010,260.3340149,371.3500061,373.9750061,367.5,368.9750061,2413156,373.0750122
15-02-2010,261.5433655,373.0750122,375,369.2749939,375,1956482,379.0750122
16-02-2010,265.7496643,379.0750122,382.4750061,371.1000061,373.625,1660490,379.3250122
17-02-2010,265.9248962,379.3250122,383.9750061,376.2749939,382.4500122,2528290,379.3999939
18-02-2010,265.9775391,379.3999939,383.4750061,377.75,380,1814806,375.2749939
19-02-2010,263.0856934,375.2749939,379.75,372.8999939,377.4500122,2215880,378.625
22-02-2010,265.4341736,378.625,381.8500061,376.8999939,378.5,2143460,381.0499878
23-02-2010,267.1342773,381.0499878,382.5,375.625,379.5,1853052,382.6749878
24-02-2010,268.2733765,382.6749878,385.3500061,376.0499878,378,4076058,383.125
25-02-2010,268.5888672,383.125,384.8999939,380.625,384.8999939,2672984,380.8999939
26-02-2010,267.0290222,380.8999939,389.2749939,373.0750122,383.5499878,3015934,381.6000061
02-03-2010,267.5198059,381.6000061,384.5,377.5,381,4053352,384.375
03-03-2010,269.4650879,384.375,387,382.0750122,384.5,2754742,381.9500122
04-03-2010,267.7651062,381.9500122,385,378.5,384,2053606,381.2999878
05-03-2010,267.3095093,381.2999878,383.4750061,380.0750122,382.5,1287312,381.3500061
08-03-2010,267.3444824,381.3500061,385,380.1499939,383.7999878,3015740,384.3500061
09-03-2010,269.4476013,384.3500061,389.25,381.5,381.5,3457732,390.0249939
10-03-2010,273.4260254,390.0249939,392.2250061,380,381.8500061,4587874,395.7999878
11-03-2010,277.474762,395.7999878,397.4500122,385.9750061,390.0249939,3214030,398.4750061
12-03-2010,279.3499451,398.4750061,400,396,400,2510976,409
15-03-2010,286.7284851,409,410,395.5750122,398.4750061,6054434,414.5
16-03-2010,290.5843201,414.5,415.9750061,407.8999939,410.75,3088856,420.3500061
17-03-2010,294.6853943,420.3500061,422.9500122,415,417,4174794,412.9249878
18-03-2010,289.4801025,412.9249878,422.5,410.25,422.5,3724554,410.4500122
19-03-2010,287.7450867,410.4500122,417.2250061,402.625,402.625,4716624,413.7999878
22-03-2010,290.0936584,413.7999878,416.8999939,403.0750122,407.4500122,3310110,414.3250122
23-03-2010,290.4615784,414.3250122,416.5,411.0499878,415,1694964,414.8999939
25-03-2010,290.8645935,414.8999939,418.3999939,409,412.0499878,5517582,412.5249939
26-03-2010,289.199585,412.5249939,418,411.1499939,415,1997806,405.9750061
29-03-2010,284.6079102,405.9750061,414.6499939,404.2749939,412,3443266,400
30-03-2010,280.4190979,400,408.0499878,398.5750122,404.2999878,3097160,390.3250122
31-03-2010,273.6364136,390.3250122,403.625,388.6499939,400,7083046,403.8999939
01-04-2010,283.1531677,403.8999939,404.8999939,391.0499878,393.1749878,5781432,401.6749878
05-04-2010,281.5933838,401.6749878,408.5,399.625,408.5,3001836,398.0249939
06-04-2010,279.0344543,398.0249939,404.4500122,396.0750122,404.4500122,3702366,399.0249939
07-04-2010,279.7355347,399.0249939,404.5,390.5750122,395,3024558,399.7250061
08-04-2010,280.2262878,399.7250061,403.75,395,398,4494438,395.7999878
09-04-2010,277.474762,395.7999878,403.9500122,394.125,401,3018012,399.0499878
12-04-2010,279.7530518,399.0499878,400,395.0499878,395.5,2869882,410.4249878
13-04-2010,287.7274475,410.4249878,411.8999939,393.625,400,8404916,410.8500061
15-04-2010,288.0255737,410.8500061,417.4500122,409.5249939,411,4290952,407.5499878
16-04-2010,285.7120056,407.5499878,414,405.9249878,409.5,3810958,405.9750061
19-04-2010,284.6079102,405.9750061,412.5,400.375,405,6947704,394.75
20-04-2010,276.7385254,394.75,416.3250122,393.5,412.5,12016986,392.5
21-04-2010,275.1611938,392.5,399.5,390.125,397.5,7107490,392.9750061
22-04-2010,275.4941711,392.9750061,396.8250122,390.5,394.5499878,4751116,390.1000061
23-04-2010,273.4787292,390.1000061,396,388.75,394.0249939,4306068,392.5499878
26-04-2010,275.1962891,392.5499878,395.5,390.1000061,393,2512548,393.6499939
27-04-2010,275.9675293,393.6499939,394.9500122,390.5249939,392.9750061,2621234,385.1499939
28-04-2010,270.0084534,385.1499939,391.9750061,382.5,390,2400382,379.875
29-04-2010,266.3104553,379.875,387.625,377.7999878,387.5499878,4622964,382.7000122
30-04-2010,268.2908936,382.7000122,386.3999939,381.2749939,382.5,3690224,383.3999939
03-05-2010,268.7816162,383.3999939,385.7000122,377.0499878,380.625,2416560,380.5
04-05-2010,266.7485352,380.5,387.4249878,378.3999939,387.4249878,2896028,382.875
05-05-2010,268.4136353,382.875,384,370.0750122,375,4371230,383.5499878
06-05-2010,268.8869019,383.5499878,385.4500122,379.6000061,383.9750061,2580872,370.7000122
07-05-2010,259.8784485,370.7000122,381.2999878,367.5,378.5,4267152,385.125
10-05-2010,269.9909668,385.125,421.5,372.5,380,2327814,378.1499939
11-05-2010,265.1011963,378.1499939,389.5,376.9500122,387.5,1351288,379.7250061
12-05-2010,266.2054443,379.7250061,383.9750061,375.5499878,378.5,2740076,382.7999878
13-05-2010,268.3609314,382.7999878,386.6000061,380.7250061,382.5499878,1321452,381.9249878
14-05-2010,267.7476807,381.9249878,388.5,377.5,383,2026996,372.875
17-05-2010,261.4030151,372.875,387.4750061,367.0499878,387.4750061,3722050,367.5499878
18-05-2010,257.6699219,367.5499878,373,363.1499939,373,3199180,360.75
19-05-2010,252.9029388,360.75,366.5,358.1499939,365,3929266,365
20-05-2010,255.8823853,365,366.1499939,358.0750122,364.5,2398092,359.3500061
21-05-2010,251.9214783,359.3500061,362.9500122,342.625,355,2675092,358.7999878
24-05-2010,251.5358734,358.7999878,365,356.3500061,362.5,2885428,349.7749939
25-05-2010,245.2089996,349.7749939,357,345.7749939,354,2297366,369
26-05-2010,258.6865845,369,372.3999939,352.0499878,354,3689464,370.9249878
27-05-2010,260.0360718,370.9249878,374.9750061,363.6000061,367.5,6883872,375.3999939
28-05-2010,263.1733093,375.3999939,376.75,367.75,374.8999939,2479374,371.5249939
31-05-2010,260.4566956,371.5249939,376.4500122,369,374.25,3327660,369.6000061
01-06-2010,259.1072083,369.6000061,375.9750061,367.3500061,371.5249939,3136912,377.125
02-06-2010,264.3826294,377.125,379.75,368.1499939,368.8999939,2769330,382.7250061
03-06-2010,268.3085327,382.7250061,384.5,372.5499878,380,1684434,382.6749878
04-06-2010,268.2733765,382.6749878,384.8500061,377.6000061,382.7250061,1368210,376.625
07-06-2010,264.0320435,376.625,378.8999939,368,374.9500122,1734922,375.1000061
08-06-2010,262.9630127,375.1000061,381,373.5,377,2242222,366.5249939
09-06-2010,256.9515686,366.5249939,379.2749939,365.5,376,4867400,375.25
10-06-2010,263.0682678,375.25,376.5,365,365,1796036,379.5499878
11-06-2010,266.0826721,379.5499878,381.6499939,375.5,380.8999939,3237024,390.5
14-06-2010,273.7591248,390.5,393.5499878,379,381.6749878,3550492,383.0499878
15-06-2010,273.4378967,383.0499878,388.8500061,378.3250122,378.3250122,2642976,387.3999939
16-06-2010,276.5430908,387.3999939,389.9750061,383.6499939,388.5499878,2328816,387.6499939
17-06-2010,276.7214966,387.6499939,392.3999939,381.8500061,388.5,1528920,391.6000061
18-06-2010,279.5411987,391.6000061,394.4500122,386.125,387.6499939,2225672,393.8500061
21-06-2010,281.1473999,393.8500061,397,392.2999878,396.4500122,1907428,389.3250122
22-06-2010,277.9172974,389.3250122,393.25,386.6499939,392.5,1468324,393.1499939
23-06-2010,280.6476746,393.1499939,394.4750061,384.9249878,385,2959524,386.7250061
24-06-2010,276.0612793,386.7250061,394.25,383.8500061,393.1499939,3777510,379.25
25-06-2010,270.7253113,379.25,387.8999939,378.0499878,387.8999939,2037322,382.375
28-06-2010,272.9561462,382.375,383.5750122,378.7999878,379.2250061,1153124,376.8999939
29-06-2010,269.0477295,376.8999939,382.5,374.5,382.5,2614662,375.5
30-06-2010,268.0483398,375.5,379.9500122,370.625,377.5,3316516,366
01-07-2010,261.2669067,366,375,362.875,375,3407744,371.8999939
02-07-2010,265.4785461,371.8999939,373,365.4249878,367.3999939,2943550,369.5
05-07-2010,263.7653198,369.5,374.4500122,368.5499878,374.3999939,2165596,379.5750122
06-07-2010,270.9573975,379.5750122,380.9500122,367.9249878,368.25,2760904,382.2999878
07-07-2010,272.9024658,382.2999878,383.7000122,374.4750061,380.7000122,2152934,388.3999939
08-07-2010,277.2569275,388.3999939,389.5,384.8250122,386,2187564,387.2250061
09-07-2010,276.4180908,387.2250061,392,385.375,390,1836666,395.8500061
12-07-2010,282.5750122,395.8500061,397,389.8999939,389.8999939,2725776,387.3250122
13-07-2010,276.489563,387.3250122,396,384.7749939,396,5545886,387.3250122
14-07-2010,276.489563,387.3250122,392.3500061,385.125,389,2833842,391.0499878
15-07-2010,279.1484985,391.0499878,392.4500122,382.625,385.5,3795536,416.8250122
16-07-2010,297.5481262,416.8250122,419.25,397.5,397.5,19135452,413.3500061
19-07-2010,295.0673523,413.3500061,417.3500061,411.625,415.7250061,3027924,413.625
20-07-2010,295.2637634,413.625,417.2749939,412.5,413.3500061,2342062,421.5
21-07-2010,300.8851624,421.5,422.3999939,414.7999878,416,2943720,421.8500061
22-07-2010,301.1349792,421.8500061,423,416.25,421.5,1362882,419.6499939
23-07-2010,299.5646057,419.6499939,425,417.5499878,425,1894472,424.625
26-07-2010,303.1159668,424.625,425.7999878,420.2000122,421.2000122,2766490,424.5750122
27-07-2010,303.0803223,424.5750122,429.8999939,423.1000061,427.5,2106602,427.2250061
28-07-2010,304.9719543,427.2250061,428.9750061,423.5,425.5,4359228,425
29-07-2010,304.0952759,425,427.5,424.5,427.5,5331904,419.8999939
30-07-2010,300.4462891,419.8999939,425,417.5,424.5,1283426,419.1499939
02-08-2010,299.9095459,419.1499939,424.2250061,418.5,421.5,2827762,416.0249939
03-08-2010,297.673584,416.0249939,422.25,414.2749939,420.5,1281552,434.3999939
04-08-2010,310.8212585,434.3999939,436,417.9249878,418,5583934,438.9249878
05-08-2010,314.059021,438.9249878,441.2000122,432.8250122,436,2912950,432.3500061
06-08-2010,309.3545837,432.3500061,441.75,430.3250122,440,2437734,439.9249878
09-08-2010,314.7745056,439.9249878,441.8500061,423.0499878,430.5750122,4259986,432.25
10-08-2010,309.2829285,432.25,442.5,430.7000122,442.5,1545194,429.0750122
11-08-2010,307.0112,429.0750122,436.5,427.3999939,431,4020248,426.7250061
12-08-2010,305.3297119,426.7250061,428.4500122,423.1000061,428.4500122,2278092,427.2000122
13-08-2010,305.6695862,427.2000122,431.4500122,419,428.5,2589906,427.0499878
16-08-2010,305.5621948,427.0499878,431.2749939,424.3999939,428.5,1319098,425.1000061
17-08-2010,304.1669006,425.1000061,430.5,422,425.0499878,1733196,435.5499878
18-08-2010,311.644165,435.5499878,437.8999939,425,426.5,2888916,436.0249939
19-08-2010,311.9840088,436.0249939,440.4500122,433.6499939,437,2148534,434.4750061
20-08-2010,310.8750305,434.4750061,439.9500122,431.5,434.5,1746396,435.2000122
23-08-2010,311.3936462,435.2000122,437.7250061,428.5249939,430,1049830,435.3500061
24-08-2010,311.5010376,435.3500061,440.9500122,432.5,435,2650474,435.6000061
25-08-2010,311.6799622,435.6000061,440.75,433.1499939,436,2379968,438.25
26-08-2010,313.5760498,438.25,439.5,430.125,437,4204428,428.0249939
27-08-2010,306.2598267,428.0249939,436.5,425.5,436.0499878,1276514,422.8250122
30-08-2010,302.5392151,422.8250122,431.3999939,420.0499878,431.3999939,1558570,421.875
31-08-2010,301.8594666,421.875,423.8500061,415.1000061,420,2447874,429.2000122
01-09-2010,307.1006775,429.2000122,430.5,420,421,2745484,422.0499878
02-09-2010,301.9846497,422.0499878,433.75,420.75,433.75,2758800,418.6499939
03-09-2010,299.5517578,418.6499939,425.75,417.5499878,425,2777970,427.6749878
06-09-2010,306.0093689,427.6749878,428.75,419,419,2287978,435.6749878
07-09-2010,311.7335815,435.6749878,437.4500122,428,429,2484236,439.5249939
08-09-2010,314.4883118,439.5249939,441.4500122,429.4500122,432,4189478,437.3500061
09-09-2010,312.9320374,437.3500061,441.25,435.6749878,441,2938158,439.875
13-09-2010,314.7387695,439.875,444.5,435.3500061,435.6749878,2349410,447.6749878
14-09-2010,320.3198242,447.6749878,449.5,440.1499939,441.5,3071038,457.3999939
15-09-2010,327.2782288,457.3999939,459.7000122,449.5,450,5560394,447.7000122
16-09-2010,320.3377686,447.7000122,456.7250061,432.25,454,2334264,456.8999939
17-09-2010,326.9204407,456.8999939,459.375,450.0499878,450.0499878,3007978,456.125
20-09-2010,326.3659973,456.125,460.9500122,453.3500061,458.5,2419108,476.9750061
21-09-2010,341.2844849,476.9750061,479,455.1499939,456,4997184,467.625
22-09-2010,334.5943604,467.625,480,465,478,4031066,465.6749878
23-09-2010,333.1991882,465.6749878,472.6499939,463.8999939,470,3327236,465.9750061
24-09-2010,333.4138184,465.9750061,468.9500122,462.5,466.5499878,2738784,463.7999878
27-09-2010,331.8575134,463.7999878,470.7250061,461,467.5,3423290,459.8250122
28-09-2010,329.0133057,459.8250122,465.1499939,457.0499878,462.625,2521714,460.1749878
29-09-2010,329.2637939,460.1749878,468.625,457.4500122,462.5,3370194,463.4750061
30-09-2010,331.625061,463.4750061,465,457.5750122,462.5,7560924,480.7999878
01-10-2010,344.0213928,480.7999878,483,461,463.5,3326156,477.8999939
04-10-2010,341.9463196,477.8999939,487.5,476.5,483.375,2140956,475.125
05-10-2010,339.9607544,475.125,482.9750061,473.0750122,475,2211664,479.8250122
06-10-2010,343.3236084,479.8250122,483.9500122,475,475,1838960,474.3999939
07-10-2010,339.4419861,474.3999939,483,469.2000122,480,1972940,471.2999878
08-10-2010,337.2238464,471.2999878,477.3500061,434.5,472.0249939,2695996,470.4500122
11-10-2010,336.6157837,470.4500122,476.9750061,464.5249939,471.2999878,3065370,475.3500061
12-10-2010,340.1218262,475.3500061,477.8999939,469.5499878,471.3250122,2608902,496.4249878
13-10-2010,355.2012939,496.4249878,498.8500061,474.5499878,477.9750061,5350604,493.0249939
14-10-2010,352.7685242,493.0249939,502,491.1749878,498.4500122,2949086,475.1499939
15-10-2010,339.9785767,475.1499939,505.5,472.5,499.5,5717798,490.625
18-10-2010,351.0512695,490.625,492,465,485,4480734,483.875
19-10-2010,346.2216492,483.875,493.7000122,482.0499878,491,2200912,481.625
20-10-2010,344.6117249,481.625,490.25,478.1000061,482.25,2206638,493.1000061
21-10-2010,352.8221436,493.1000061,496.9249878,485,487.0249939,3752354,520.0999756
22-10-2010,372.1411133,520.0999756,524.7000122,511,511,9610404,533.4749756
25-10-2010,381.7112122,533.4749756,536.4749756,518.5999756,521.5,5156316,531.2999878
26-10-2010,380.1550598,531.2999878,533.875,520.7750244,531.75,3507024,524.0999756
27-10-2010,375.0033264,524.0999756,533.4000244,521.7750244,530,2141382,526.4500122
28-10-2010,376.6848145,526.4500122,533.7750244,520,525,5255690,526.4500122
29-10-2010,376.6848145,526.4500122,530,515.5,530,2212398,526.7000122
01-11-2010,377.5809326,526.7000122,533.2000122,524.5499878,526.0250244,1147948,524.7249756
02-11-2010,376.1651611,524.7249756,530,521.8499756,527.5,1565778,526.4000244
03-11-2010,377.3658142,526.4000244,539.5,524.2000122,525.4500122,2217878,534.5750122
04-11-2010,383.2263489,534.5750122,539.2999878,530.75,531,1717440,534.0750122
08-11-2010,382.8678894,534.0750122,541.2000122,531.0499878,540,2248586,545.5499878
09-11-2010,391.0940552,545.5499878,549.3499756,534.25,536.9500122,3504086,546.1500244
10-11-2010,391.5244141,546.1500244,554,543.0499878,546.125,1540224,532.375
11-11-2010,381.6492004,532.375,545,529.125,545,1926096,527.9500122
12-11-2010,378.4769592,527.9500122,534.9500122,524.0999756,530,1802330,533
15-11-2010,382.097168,533,539.9249878,526.5,532.5,1389396,524.4500122
16-11-2010,375.967804,524.4500122,533.2000122,521.0999756,533,2178076,521.4000244
18-11-2010,373.7815247,521.4000244,536,520,536,2765160,507.7000122
19-11-2010,363.960144,507.7000122,524.5,503,522.4500122,2172652,519.5499878
22-11-2010,372.4551392,519.5499878,521.5,505.75,508,2221236,515.0250244
23-11-2010,369.2113647,515.0250244,522.5,506.2000122,517,1684448,502.375
24-11-2010,360.1428223,502.375,517.25,499.4750061,512.5,3008608,510.8999939
25-11-2010,366.2541809,510.8999939,520.9500122,503.5499878,505.0249939,5855006,523.625
26-11-2010,375.3765259,523.625,527,512.5,512.5,3617826,535.6500244
29-11-2010,383.9971008,535.6500244,539.25,525.125,527.5,4518892,538
30-11-2010,385.6816711,538,543.0250244,526.5499878,530.25,4808408,540.9500122
01-12-2010,387.7962952,540.9500122,546.5999756,532,532,3776032,547.9000244
02-12-2010,392.7787476,547.9000244,549.5999756,537.5250244,545.5,4095716,548.6749878
03-12-2010,393.3343201,548.6749878,556.5,545.5750122,546.5250244,2030112,550.8499756
06-12-2010,394.8935547,550.8499756,555,547.6500244,550,1930954,543.75
07-12-2010,389.8037415,543.75,550,541.0499878,550,2158324,539.5750122
08-12-2010,386.81073,539.5750122,546.4749756,535.625,545.4749756,1984132,536.2999878
09-12-2010,384.4628906,536.2999878,548.6500244,534.0499878,541.8499756,2579902,537.4500122
10-12-2010,385.2874146,537.4500122,541.9249878,528.5,533.5,2245624,538.0499878
13-12-2010,385.7174683,538.0499878,540.3499756,524.2000122,535.5,2115066,540.4749756
14-12-2010,387.4559631,540.4749756,544.7999878,532.0750122,536.5999756,2615340,551.8250122
15-12-2010,395.5924377,551.8250122,554.2000122,540.75,542.5499878,2572034,570.3499756
16-12-2010,408.8728027,570.3499756,572,552.0750122,554.5,4515704,583.3499756
20-12-2010,418.1922913,583.3499756,588.5,557.4249878,567.4000244,4514046,580.4000244
21-12-2010,416.0773926,580.4000244,586.125,577,584.5,2810642,574.875
22-12-2010,412.1165161,574.875,584.5,568.875,583.5,3186836,570
23-12-2010,408.6219177,570,579.7750244,566.0499878,575,2850924,570.5499878
24-12-2010,409.0159607,570.5499878,574.4000244,562.875,567,1624640,570.5999756
27-12-2010,409.0519104,570.5999756,579.7249756,569.0999756,572.5,1664936,573.1749878
28-12-2010,410.8977051,573.1749878,575.4500122,570.0250244,570.5999756,1012876,578.4749756
29-12-2010,414.6972961,578.4749756,581,573.5250244,574.5,1042370,585.0999756
30-12-2010,419.4467163,585.0999756,587.4000244,576.25,576.25,3845552,582.8250122
31-12-2010,417.8158569,582.8250122,590,580.9000244,586.25,1532980,579.0250244
03-01-2011,415.0915527,579.0250244,588.4749756,577.2750244,583.5,1405042,572.375
04-01-2011,410.3244324,572.375,583.0750122,569.0499878,581.9500122,2502868,579.4749756
05-01-2011,415.4142456,579.4749756,582.9500122,570.875,572.625,3069674,585.8499756
06-01-2011,419.9842834,585.8499756,591,576.5499878,584,2846720,571.3250122
07-01-2011,409.5717773,571.3250122,593.4249878,569.0750122,588,2532724,565.4500122
10-01-2011,405.3599854,565.4500122,574.5,560.5,573.75,3952426,549.25
11-01-2011,393.7465515,549.25,567.7750244,543.9000244,561.5,3768730,567.9749756
12-01-2011,407.1700134,567.9749756,575.7999878,554,554.9500122,3160874,562.125
13-01-2011,402.9763489,562.125,577.9749756,558.0999756,564.4749756,5589198,560.0750122
14-01-2011,401.5067749,560.0750122,575,560,564.9500122,3151692,568.7000122
17-01-2011,407.6897583,568.7000122,573.2750244,560,560.5999756,3000212,601.2750244
18-01-2011,431.0422363,601.2750244,604.4500122,582.1749878,587,8481370,596.5
19-01-2011,427.6190796,596.5,604.5,592.5,601.7249756,2952040,606.0999756
20-01-2011,434.5011902,606.0999756,609.375,590,590,4545208,605.8250122
21-01-2011,434.3039246,605.8250122,610,602,605,2597404,604.5999756
24-01-2011,433.4259644,604.5999756,610,599.125,600,2016678,594.2750244
25-01-2011,426.0239258,594.2750244,609.6500244,590,607.4000244,2467094,599.7000122
27-01-2011,430.6377563,599.7000122,604.9749756,590.7999878,593.7750244,4714118,590.6749878
28-01-2011,424.1568604,590.6749878,601.7999878,582.625,597.5,3014578,579.75
31-01-2011,416.3119812,579.75,584.5,564.2750244,584.5,5940816,575.0750122
01-02-2011,412.9550171,575.0750122,582.5,566.5,582.5,4212708,591.2249756
02-02-2011,424.5519409,591.2249756,599.4500122,581.1749878,585,3937618,591.8499756
03-02-2011,425.0007629,591.8499756,597.8499756,585.3250122,592.3499756,1883412,574.4000244
04-02-2011,412.4701538,574.4000244,591.5499878,570.125,588,3457600,565.5750122
07-02-2011,406.1331177,565.5750122,586.75,563.25,586.75,2578382,562.5499878
08-02-2011,403.9608154,562.5499878,574.9500122,559.25,566,5288638,549.1500244
09-02-2011,394.3384094,549.1500244,564.7999878,541.8499756,561.25,6012732,545.375
10-02-2011,391.6276855,545.375,557.25,536,550,4551822,544.7999878
11-02-2011,391.2146912,544.7999878,552.0999756,527.9500122,542.0499878,2945056,556.1500244
14-02-2011,399.3649902,556.1500244,560,543.5,545.5,2462548,548.8499756
15-02-2011,394.1230469,548.8499756,559.5,538.2750244,559.5,3625426,548.25
16-02-2011,393.6921997,548.25,554.8499756,540.5,552.5,2464592,554.5999756
17-02-2011,398.2519836,554.5999756,557.2249756,546.2000122,552.5,1477760,544.8499756
18-02-2011,391.2504578,544.8499756,566.2000122,541.0499878,555.125,4076928,569.2999878
21-02-2011,408.8080139,569.2999878,574,529.0999756,545,5657800,569.375
22-02-2011,408.8616638,569.375,573.8499756,560,561.3250122,3305400,562.7750244
23-02-2011,404.1225891,562.7750244,572.4749756,561.5499878,564.0750122,1879344,555.9000244
24-02-2011,399.1853638,555.9000244,569.375,545.6500244,559.5,5378830,555.0250244
25-02-2011,398.5571594,555.0250244,558.5,544.125,552.6500244,3070474,555.125
28-02-2011,398.6289978,555.125,574.125,550,550.5999756,3229396,562.25
01-03-2011,403.7452698,562.25,566,548.7999878,556.5,3167804,575.0999756
03-03-2011,412.9728394,575.0999756,577.5,553.5,559.9500122,3452600,567.7750244
04-03-2011,407.7127075,567.7750244,581.6749878,566.25,581.6749878,2061198,554.125
07-03-2011,397.9108887,554.125,562.5,547.2249756,562,4184588,558.8499756
08-03-2011,401.3038025,558.8499756,564.4000244,552.5750122,552.5750122,3947902,563.3499756
09-03-2011,404.5352478,563.3499756,569,559.25,561.2750244,2424486,554.2750244
10-03-2011,398.0185852,554.2750244,561,550,561,1871324,538.5250244
11-03-2011,386.7086792,538.5250244,551.2000122,531.6500244,550,5012882,548.7750244
14-03-2011,394.0692139,548.7750244,551,529.2000122,535.5,3248618,544.9000244
15-03-2011,391.2865906,544.9000244,547.7249756,532.8250122,537.5,3411868,557.4249878
16-03-2011,400.2806396,557.4249878,561.7249756,545.5750122,546,2677874,549
17-03-2011,394.2306824,549,559.4500122,546.3250122,552.5,2056102,541.375
18-03-2011,388.755188,541.375,554.5,538.0499878,546.75,2211348,535.4000244
21-03-2011,384.4646912,535.4000244,545.75,533.25,545.75,2619090,534.75
22-03-2011,383.9980164,534.75,540,531.5,537.5499878,2657774,532.1749878
23-03-2011,382.1489258,532.1749878,535.5,528.625,535.5,4352248,546.7000122
24-03-2011,392.5790405,546.7000122,547.7750244,535,535.5,3094834,559.8250122
25-03-2011,402.0039673,559.8250122,564.25,551.875,558.4249878,4146434,559.9500122
28-03-2011,402.09375,559.9500122,563.3499756,554,561.9249878,2248642,569.3499756
29-03-2011,408.8437805,569.3499756,575.9500122,559.5750122,560,3159588,575.9749756
30-03-2011,413.6011353,575.9749756,582,572.4500122,574,2294770,591.9500122
31-03-2011,425.0726929,591.9500122,599,576,576,7394126,590.0750122
01-04-2011,423.7262573,590.0750122,599.375,586.2750244,592.5,1799624,606.5999756
04-04-2011,435.5925598,606.5999756,608,592,592.5,2311616,619.9249878
05-04-2011,445.1609802,619.9249878,621.9749756,601.875,607.5250244,2891014,610.9249878
06-04-2011,438.6981812,610.9249878,623.4749756,607.0750122,619.5,2422352,599.5999756
07-04-2011,430.565918,599.5999756,610,597.5750122,610,2149016,598
08-04-2011,429.4169922,598,607,592.375,598.4500122,1983768,589.2000122
11-04-2011,423.0978699,589.2000122,597.5,587.6500244,590.0750122,2256232,605.0499878
13-04-2011,434.4795227,605.0499878,610.7000122,587.1500244,587.5,3757530,595.7000122
15-04-2011,427.7655945,595.7000122,609.9500122,590,608.4500122,7566770,572.2999878
18-04-2011,410.9620667,572.2999878,606.25,570.0250244,599,7765454,582.3499756
19-04-2011,418.1790771,582.3499756,584.7000122,570,572.2999878,3120224,609.3499756
20-04-2011,437.5671692,609.3499756,612,589.7750244,589.9000244,5338548,596.0499878
21-04-2011,428.0167236,596.0499878,622.9000244,585.4249878,620.5,17333968,598.9249878
25-04-2011,430.0812378,598.9249878,602,586.3250122,598.5,4191552,594.5
26-04-2011,426.9038391,594.5,601,590.1749878,600,3155246,590.2999878
27-04-2011,423.8877563,590.2999878,597.4749756,588.0250244,597.4749756,1774478,579.3250122
28-04-2011,416.0066833,579.3250122,591.75,577.7999878,590.0750122,2846194,582.8250122
29-04-2011,418.52005,582.8250122,586,575.125,586,1866696,579.2249756
02-05-2011,415.9347229,579.2249756,588.75,576.25,585,1543070,569.2249756
03-05-2011,408.7539673,569.2249756,581,565.5,581,2120156,568.5250244
04-05-2011,408.2514343,568.5250244,573,557.5750122,573,2722934,557.5
05-05-2011,400.3345947,557.5,572.5,554.0499878,572.5,1885596,574.4749756
06-05-2011,412.5239258,574.4749756,576.75,559.875,560,2405348,567.7750244
09-05-2011,407.7127075,567.7750244,575.9749756,562.25,575,1012232,569.9500122
10-05-2011,409.2747498,569.9500122,579.9749756,564,566.5,1529158,570.125
11-05-2011,409.4003296,570.125,575.8499756,563.0499878,569.5,1460670,555.875
12-05-2011,399.167511,555.875,566.9500122,554.1749878,566.9500122,2540458,563.5499878
13-05-2011,404.678772,563.5499878,571.1500244,556,556,2365488,565.5499878
16-05-2011,406.1149597,565.5499878,573.7000122,560,560.5,2227368,570.8499756
17-05-2011,409.9210205,570.8499756,574.5999756,561.0250244,561.0250244,1391414,577.5250244
18-05-2011,414.714325,577.5250244,580.75,571.125,571.125,2225180,582.4249878
19-05-2011,418.2328186,582.4249878,585,578,582.5,2050922,587.5
20-05-2011,421.8770752,587.5,591.7000122,581.625,586.875,2050600,583.2750244
23-05-2011,418.8432922,583.2750244,585.25,575,582,2017284,574.9500122
24-05-2011,412.8649902,574.9500122,586.4000244,569.5750122,581.3250122,1681994,564.2999878
25-05-2011,405.2173767,564.2999878,574.9500122,560,574.5499878,1867470,567.875
26-05-2011,407.7846069,567.875,571.5,560,569.5,2060218,572.2750244
27-05-2011,410.9443054,572.2750244,574.9500122,568.1500244,574.2750244,1286704,575.9749756
30-05-2011,413.6011353,575.9749756,579.9749756,571.1500244,575.5,1140868,578.5750122
31-05-2011,415.4682312,578.5750122,588.8499756,575.0499878,577.5,2644154,587.7000122
01-06-2011,422.020752,587.7000122,588.5,578.5,578.5,982386,583.875
02-06-2011,419.2738953,583.875,586,578.3250122,579.4500122,1697654,576.0499878
03-06-2011,413.6549683,576.0499878,587.5,575,583,1367808,582.1749878
06-06-2011,418.0533752,582.1749878,584,570,570,1357074,589.6500244
07-06-2011,423.4207153,589.6500244,591.5750122,579,581.5,1837442,590.7000122
08-06-2011,427.0721436,590.7000122,592.5,581.75,585.9500122,2127670,593.1749878
09-06-2011,428.8613281,593.1749878,596.9000244,587.5,587.5,2693966,594.5999756
10-06-2011,429.8916931,594.5999756,598.75,592.5499878,593.2750244,3774550,587.6500244
13-06-2011,424.8669434,587.6500244,595.25,586.2750244,594.5999756,3229400,595.5250244
14-06-2011,430.5605774,595.5250244,597.4500122,589,589,2125782,592.125
15-06-2011,428.1022949,592.125,602.5,590.625,593,2812382,575.5750122
16-06-2011,416.1368408,575.5750122,592.9500122,574.125,591.5,2337520,554.5999756
17-06-2011,400.9719543,554.5999756,578.5,552,577.5,3788146,534.6500244
20-06-2011,386.5482788,534.6500244,559.5,529,557.5,5310408,553.375
21-06-2011,400.0864868,553.375,555.3499756,531.5999756,537.5,3425946,541.75
22-06-2011,391.6816406,541.75,558.4500122,540,558,3570834,548.5
23-06-2011,396.5618286,548.5,550.5,535.0499878,540.9000244,2428236,568.875
24-06-2011,411.2928162,568.875,570.375,549.5,550,4151588,575.2999878
27-06-2011,415.9381409,575.2999878,577.3499756,561,561,3125218,577
28-06-2011,417.1671143,577,581,567.8250122,580,2133332,584.9249878
29-06-2011,422.896698,584.9249878,589.4500122,577.3499756,577.3499756,2958704,592.0999756
30-06-2011,428.084259,592.0999756,596,583.5,584.9000244,5172916,595.9500122
01-07-2011,430.8678894,595.9500122,599,589.8499756,599,1920840,592.8499756
04-07-2011,428.6265564,592.8499756,600,590,596.5,1603734,589.7249756
05-07-2011,426.3670959,589.7249756,595.5,586.7000122,594.9000244,2061136,591.4000244
06-07-2011,427.5781555,591.4000244,596.4500122,585.8499756,589.125,1490178,597.9500122
07-07-2011,432.3137512,597.9500122,600,591.5499878,591.5499878,2602634,585.8250122
08-07-2011,423.5474243,585.8250122,602.5,584.625,598,3412060,578.3250122
11-07-2011,418.1250916,578.3250122,588.9000244,573.2999878,585,1822504,572.6749878
12-07-2011,414.0402527,572.6749878,574.4000244,556.0499878,567.8499756,4079404,574.5250244
13-07-2011,415.3777466,574.5250244,584,565.5,575,3952600,561.8499756
14-07-2011,406.2136536,561.8499756,579.2999878,559.5499878,575,6937844,573.0250244
15-07-2011,414.2930908,573.0250244,588.9500122,570.5499878,584,7279700,562.5250244
18-07-2011,406.7016602,562.5250244,576,561.1500244,574,3125208,570.0250244
19-07-2011,412.1244202,570.0250244,574.0750122,560.125,560.7999878,2195292,566.2249756
20-07-2011,409.3767395,566.2249756,575.9000244,562.5,575,2807746,561.2750244
21-07-2011,405.7980957,561.2750244,566.25,560.0250244,566,1850624,566.7000122
22-07-2011,409.7203064,566.7000122,570.6500244,563.25,563.375,2090442,569.9500122
25-07-2011,412.0699768,569.9500122,572,561.5750122,567.5,4740714,572.3250122
26-07-2011,413.7870789,572.3250122,575.9749756,563.625,569.9000244,3968722,573.5750122
27-07-2011,414.6908569,573.5750122,577.3250122,569.0750122,574.4749756,2024290,564.7750244
28-07-2011,409.3990479,564.7750244,572.4500122,560.1500244,570,4093814,568.5
29-07-2011,412.0993042,568.5,571,560.8250122,566.5,1719138,567.625
01-08-2011,411.4649963,567.625,574.9500122,562.5499878,571.2000122,1982346,565.3250122
02-08-2011,409.7977905,565.3250122,567,561.125,565.25,2025292,555.1749878
03-08-2011,402.440094,555.1749878,562.8499756,547.6749878,560,3064246,547.9249878
04-08-2011,397.1847534,547.9249878,559.75,545.5499878,555.0250244,3049294,528.9749756
05-08-2011,383.4481201,528.9749756,537,514,536.5750122,5269388,502.6749878
08-08-2011,364.3835144,502.6749878,516.6749878,498.2999878,505.6000061,6549306,482.3999939
09-08-2011,349.6864319,482.3999939,492.6000061,473.8500061,482.5,8159270,492.0249939
10-08-2011,356.6635132,492.0249939,506,486.8999939,499.5,5949080,489.1749878
11-08-2011,354.5976563,489.1749878,491.7000122,481.5,490,2900464,473.5750122
12-08-2011,343.2893372,473.5750122,495.9500122,468.75,495.2749939,4169084,486.7999878
16-08-2011,352.8759766,486.7999878,489.1749878,478.0249939,483.5,2983568,499.9500122
17-08-2011,362.4083252,499.9500122,504.7000122,485,487.25,4557892,481.1749878
18-08-2011,348.7984314,481.1749878,504.6499939,479,502.9500122,3619896,464.4750061
19-08-2011,336.692749,464.4750061,473.4750061,452.5,471.5,5443614,459.0249939
22-08-2011,332.7420044,459.0249939,465,451,464.5,3528922,490.7999878
23-08-2011,355.7753906,490.7999878,494,460.1749878,460.4249878,4874670,481.2999878
24-08-2011,348.8890381,481.2999878,489,477.5,489,3194790,475.2000122
25-08-2011,344.4671326,475.2000122,486.5,469,484.8500061,4445488,474.2250061
26-08-2011,343.7604675,474.2250061,484.75,470,475.5499878,3584910,509.7999878
29-08-2011,369.5483093,509.7999878,512,482.0499878,482.0499878,5590444,521.2000122
30-08-2011,377.8121643,521.2000122,525.1500244,512.0750122,515,5966682,511.0499878
02-09-2011,370.4546509,511.0499878,537.375,506,536.5,4413506,513.8499756
05-09-2011,372.4840393,513.8499756,516.5999756,499.2250061,507.8999939,3789658,516.9500122
06-09-2011,374.7314453,516.9500122,521,502.5,509,4763292,515.5
07-09-2011,373.6802063,515.5,525,512.5,517.0499878,4432156,518.0250244
08-09-2011,375.5105591,518.0250244,527.4749756,514.5,516.5,4892662,508.0249939
09-09-2011,368.2617188,508.0249939,525.7999878,505.3250122,520,5062650,492.8500061
12-09-2011,357.2615967,492.8500061,501.9249878,489.3250122,500,3297170,496.875
13-09-2011,360.1791077,496.875,512,494.375,498.8999939,3798204,507.5499878
14-09-2011,367.9172363,507.5499878,514.5,496.875,500.5,4745632,520.875
15-09-2011,377.5765686,520.875,522.9000244,505,514,3852238,513.875
16-09-2011,372.5023193,513.875,536.2000122,510.6499939,524,4656504,509.0249939
19-09-2011,368.9865723,509.0249939,516.25,506.25,510.75,2240234,528.9749756
20-09-2011,383.4481201,528.9749756,532,511.0499878,511.0499878,3487986,521.75
21-09-2011,378.2108154,521.75,533.9749756,518.4500122,533.9749756,2740760,497.2000122
22-09-2011,360.4147644,497.2000122,517,493.1000061,511.5,3141570,495.1499939
23-09-2011,358.928772,495.1499939,507.5,491.125,494,4564232,498.4750061
26-09-2011,361.3388977,498.4750061,504,484.5,498,3388478,520.2750244
27-09-2011,377.1415405,520.2750244,522.5,503,506.8999939,3964578,523.9500122
28-09-2011,379.8055115,523.9500122,532.3499756,518.5,524.25,4425190,530.7249756
29-09-2011,384.7166443,530.7249756,534,517.8499756,521.625,5380350,518.6500244
30-09-2011,375.9637451,518.6500244,532,516.5499878,524.9500122,2691018,521.6500244
03-10-2011,378.1382751,521.6500244,524.9500122,507.6499939,510,3949264,522.9749756
04-10-2011,379.0987244,522.9749756,529.5,514.5499878,519.2000122,4718224,521.7750244
05-10-2011,378.2289124,521.7750244,531.5,520.5,527.25,3415262,524.2750244
07-10-2011,380.0411072,524.2750244,538.9000244,518.75,537.5499878,5085808,532.3499756
10-10-2011,385.8945618,532.3499756,537,524,524,3854814,520.4249878
11-10-2011,377.2502136,520.4249878,539,517.25,537.5,4476374,539.5250244
12-10-2011,391.0956116,539.5250244,544.7000122,531,533,5871662,546.375
13-10-2011,396.0611877,546.375,552.4749756,540.0499878,548.25,5408918,567.125
14-10-2011,411.1026306,567.125,570.375,544.4500122,544.7000122,6710132,560.125
17-10-2011,406.0282288,560.125,577,555.6500244,575.75,4358690,516.7750244
18-10-2011,374.6045532,516.7750244,532.125,510.25,531,12006778,524.4749756
19-10-2011,380.1859741,524.4749756,527.2000122,517.5999756,521.5,3827420,522.4500122
20-10-2011,378.7182007,522.4500122,523.5,515.1500244,518,2245412,524.9249878
21-10-2011,380.5122681,524.9249878,530,521.5,527.4500122,2461130,539.875
24-10-2011,391.3494568,539.875,546.1500244,529.75,530,3271720,549.3250122
25-10-2011,399.3088989,549.3250122,553.5,535.7249756,544.5,4158746,560.75
28-10-2011,407.6138916,560.75,569.5499878,555.5,564.5,3259116,557.9000244
31-10-2011,405.5422363,557.9000244,566,556,560,1778740,554.2249756
01-11-2011,402.8709106,554.2249756,561.5,548.125,554,1458210,553.4249878
02-11-2011,402.2893372,553.4249878,560.9249878,550,550.625,1550844,552.5
03-11-2011,401.6170349,552.5,554.7000122,543.5,548.9000244,1891268,549.9000244
04-11-2011,399.7269592,549.9000244,562.5,543.5999756,560.5,2716008,552.625
08-11-2011,401.7078552,552.625,557.4000244,548,548,1692104,561.4749756
09-11-2011,408.1410217,561.4749756,573,553.1500244,555,3921980,565.5
11-11-2011,411.066864,565.5,570.5,553.625,555,3629590,564.2000122
14-11-2011,410.1217651,564.2000122,578,562.25,570,2329150,562.2000122
15-11-2011,408.6681519,562.2000122,569.4749756,560,562.5250244,1468478,558.625
16-11-2011,406.0692444,558.625,566.4000244,552.5999756,563,1871602,557.5750122
17-11-2011,405.3060608,557.5750122,561.75,553.7999878,557.5,1391988,543.2999878
18-11-2011,394.9292603,543.2999878,554.9000244,538.1500244,552.875,2789442,533.5999756
21-11-2011,387.8783875,533.5999756,544.1500244,530.0499878,542.5,2871704,540.9249878
22-11-2011,393.2029419,540.9249878,547.5,528.5,534.4500122,3723582,531.1500244
23-11-2011,386.0974426,531.1500244,540.9749756,520.5,540.9749756,2355750,545.9000244
24-11-2011,396.819519,545.9000244,548.2000122,522.5,531,3766844,531.9500122
25-11-2011,386.6789551,531.9500122,543.9500122,528.5499878,542.5,2140604,544.25
28-11-2011,395.6200562,544.25,548,537,538.9749756,1504486,546.6500244
29-11-2011,397.3645935,546.6500244,552.9500122,543.0999756,546.5,2554696,557.7750244
30-11-2011,405.4515076,557.7750244,561.4749756,540.5750122,540.5750122,3481698,567.4000244
01-12-2011,412.4479675,567.4000244,574.2750244,563.0999756,570,2481448,589
02-12-2011,428.1492004,589,592.5,564.7999878,567.4249878,3968866,590.4749756
05-12-2011,429.221405,590.4749756,591.9500122,581.2750244,586.25,1530476,589.7750244
07-12-2011,428.7126465,589.7750244,596.4500122,586.7999878,590,2637422,588.7999878
08-12-2011,428.0036926,588.7999878,594.5,583.5750122,585,3326444,586.2000122
09-12-2011,426.1138611,586.2000122,591.4000244,580.5,580.5,2763230,590.1749878
12-12-2011,429.003418,590.1749878,595,577.5499878,588,3172170,589.3499756
13-12-2011,428.4034729,589.3499756,598.4500122,583.3250122,587.5,3274558,591.2249756
14-12-2011,429.76651,591.2249756,594.5,585,590.25,3346176,591.25
15-12-2011,429.784729,591.25,594.9500122,577.2999878,589.8499756,3669372,573.1500244
16-12-2011,416.6276855,573.1500244,591.2750244,566.1500244,588.2750244,3550896,571.8250122
19-12-2011,415.6644592,571.8250122,578.7000122,557.2000122,569.5,3667724,566.6749878
20-12-2011,411.92099,566.6749878,575.5499878,564.125,572.6749878,1809396,579.3499756
21-12-2011,421.1343994,579.3499756,583,561.2249756,575,3116976,575.8499756
22-12-2011,418.59021,575.8499756,581.9249878,567.125,576,2086268,578.5750122
23-12-2011,420.5711365,578.5750122,581,569.5499878,575.5,1578590,594.2000122
26-12-2011,431.928894,594.2000122,595.0999756,576.75,578.5750122,2229352,589.7249756
27-12-2011,428.6760559,589.7249756,595,585,592.7000122,983902,584.5999756
28-12-2011,424.950592,584.5999756,591.7750244,582.9500122,589.3499756,1197910,582.8499756
29-12-2011,423.6787415,582.8499756,589.0499878,579.75,581.75,1585728,580.3250122
30-12-2011,421.8433228,580.3250122,591.25,578.25,589,1545410,589.2999878
02-01-2012,428.3672485,589.2999878,592.9749756,576.5,580.5,2248542,598.7999878
03-01-2012,435.2727661,598.7999878,604.9500122,590,591.625,2708884,586.5
04-01-2012,426.3319702,586.5,602.5,584.6500244,602.4500122,2386770,586
05-01-2012,425.9683838,586,592.5,583.6749878,586.4000244,2547312,584.7000122
06-01-2012,425.0236511,584.7000122,594.1749878,578.4000244,583,2119728,585.6749878
09-01-2012,425.7321472,585.6749878,589.8499756,582.625,585.5,1509028,582.7000122
10-01-2012,423.5696716,582.7000122,592.75,579.25,587.5,3591790,568.5
11-01-2012,413.2475281,568.5,587.5,566.5750122,585.7000122,5675380,544.75
12-01-2012,395.98349,544.75,557.5,534.3250122,550.5,9528684,542.875
13-01-2012,394.6203613,542.875,551.6749878,536.5,548.5750122,4019828,554.7000122
16-01-2012,403.2162476,554.7000122,557,539.4500122,542,3047202,551.9749756
17-01-2012,401.235321,551.9749756,562.3499756,547,559.9500122,3704218,538.0750122
18-01-2012,391.1313477,538.0750122,548.1500244,522.6500244,540,11665532,537.7750244
19-01-2012,390.913208,537.7750244,544.4500122,532.7000122,543.5,4163292,539.75
20-01-2012,392.3489075,539.75,545.4749756,536.5,539.9749756,2572694,538.8499756
23-01-2012,391.6947021,538.8499756,545.7249756,537.0750122,543,2130496,544.3499756
24-01-2012,395.692749,544.3499756,547.5,539,544,2641310,549
25-01-2012,400.1754761,549,554.9749756,545.5250244,547.4500122,5845238,554.375
27-01-2012,404.0934753,554.375,560.2750244,550.0499878,552.5,5209718,555.875
30-01-2012,405.1868286,555.875,559.4749756,550.375,551.25,2595558,566.2000122
31-01-2012,412.7128296,566.2000122,567.9500122,556.5,556.5,3538120,564.3499756
01-02-2012,411.3644104,564.3499756,567.5,554.125,564.7000122,2288804,574
02-02-2012,418.398407,574,576.3250122,565.1500244,568,3386140,585.7750244
03-02-2012,426.9814148,585.7750244,588,570.5,572.5,2777558,596.9249878
06-02-2012,435.1089783,596.9249878,600.0250244,586.6749878,591.8499756,3427196,599
07-02-2012,436.6212463,599,604.8499756,595.9500122,604.8499756,3407656,609.8250122
08-02-2012,444.5119019,609.8250122,613.4249878,605.5,608.2000122,3627184,614.2999878
09-02-2012,447.7737732,614.2999878,616,594,605.5499878,3038062,616.7000122
10-02-2012,449.523407,616.7000122,619,606,614,2324302,612.8499756
13-02-2012,446.7167664,612.8499756,618.9749756,607,611.0999756,1631770,610
14-02-2012,444.6395264,610,614.7750244,607.5,612.5,1826646,620.7999878
15-02-2012,452.5118713,620.7999878,624.4000244,609.75,613.5750122,2167166,612.6749878
16-02-2012,446.5895386,612.6749878,621,609,619,1886660,614.375
17-02-2012,447.8285522,614.375,627,610.5,617.4249878,4096568,618.5250244
21-02-2012,450.8535461,618.5250244,620,602.375,611.7750244,2489504,626.1749878
22-02-2012,456.4297485,626.1749878,633.4249878,614.5,617.5,3141826,629.9000244
23-02-2012,459.1449585,629.9000244,637.4500122,622,624.5250244,4086880,635
24-02-2012,462.8623352,635,640.4249878,628.625,629.5,2346400,626.0250244
27-02-2012,456.3205261,626.0250244,639.9749756,622.7999878,639.5,1861370,613.2750244
28-02-2012,447.0267334,613.2750244,630.2000122,609.5499878,627.625,3973490,610.9749756
29-02-2012,445.3501282,610.9749756,620,606.125,620,3060216,609.7999878
01-03-2012,444.4938049,609.7999878,613.4749756,605.0250244,611.5,1568594,608.625
02-03-2012,443.637207,608.625,613.5,603.5,613,2309232,603.6500244
05-03-2012,440.0109863,603.6500244,611.2249756,600.5,607,1540878,601
06-03-2012,438.0793762,601,610.6500244,594.5,601.5,1717722,596.4249878
07-03-2012,434.7442932,596.4249878,603,593.2750244,597.5,1945666,604.2750244
09-03-2012,440.4662781,604.2750244,613.5,601.4749756,613.5,2225758,594.5250244
12-03-2012,433.3596497,594.5250244,609.4249878,591.5999756,607.9500122,2240278,598.5
13-03-2012,436.256897,598.5,607.4749756,595,595,2492464,577.2750244
14-03-2012,420.7857056,577.2750244,607,575.5,605.0499878,8065314,581.8499756
15-03-2012,424.1204224,581.8499756,585.4749756,572.5,579.5,4284236,584.7750244
16-03-2012,426.2527161,584.7750244,590,579,584.9749756,2054724,561
19-03-2012,408.9225769,561,584.7750244,555.9000244,584.7750244,5132864,567.4249878
20-03-2012,413.6058655,567.4249878,572.5,560,564.5,3683204,587.875
21-03-2012,428.512207,587.875,589.9000244,568.2750244,568.4749756,4553242,583.875
22-03-2012,425.5965271,583.875,594.8499756,580,587.3499756,3421694,592.3250122
23-03-2012,431.7559204,592.3250122,595.9500122,582.4000244,587.5,3158436,580.7999878
26-03-2012,423.355072,580.7999878,592.5,577,588.5,3053384,587.375
27-03-2012,428.1478271,587.375,589.8250122,575.9749756,586.5,1588246,582.5499878
28-03-2012,424.6306458,582.5499878,587.3250122,577.2249756,587,2051096,570.5999756
29-03-2012,415.9200745,570.5999756,582,566.2000122,575.5,2681214,584.4000244
30-03-2012,425.9792175,584.4000244,587.875,572.75,572.75,2543342,597.125
02-04-2012,435.2545776,597.125,599.5,585,585,2326988,589
03-04-2012,429.3324585,589,603.6749878,587.6500244,600.0999756,2269154,589.2249756
04-04-2012,429.4962769,589.2249756,594.9000244,583.5,584.5,2165054,582.0499878
09-04-2012,424.2661743,582.0499878,594,579.125,585,1576628,578.0999756
10-04-2012,421.3870239,578.0999756,587.8250122,576.125,583.1500244,1532992,569.0499878
11-04-2012,414.7900696,569.0499878,577.5,567.5999756,574.8499756,1781586,565.8250122
12-04-2012,412.4395142,565.8250122,574,564.5499878,570.125,2114686,534.1749878
13-04-2012,389.3693237,534.1749878,552.3499756,530.625,545.6749878,8994680,534.875
16-04-2012,389.8796692,534.875,537.1500244,526.6500244,532.625,5016110,545.4249878
17-04-2012,397.5697021,545.4249878,547.4749756,536.9000244,542.5,2473664,548.7750244
18-04-2012,400.0115356,548.7750244,557.3499756,546.9249878,550,2882264,551.4749756
19-04-2012,401.9794617,551.4749756,553.4000244,545.5499878,550.4500122,1767416,544.2249756
20-04-2012,396.6950073,544.2249756,553.9749756,538.7000122,546.625,2450024,532.125
23-04-2012,387.8751221,532.125,551.2000122,523.8250122,546.9749756,2843868,597.0999756
24-04-2012,435.2365112,597.0999756,602.5,558.6500244,561,18113782,585.5250244
25-04-2012,426.7991943,585.5250244,595,583.75,594.5,5417898,597.3250122
26-04-2012,435.4005127,597.3250122,600.9500122,582.25,585,5476292,602
27-04-2012,438.8082886,602,606,595,595,3711146,623.2999878
30-04-2012,454.3340454,623.2999878,625,602,602,4604822,633.625
02-05-2012,461.8600159,633.625,637.2000122,621.0499878,621.0499878,3981448,639.75
03-05-2012,466.3248596,639.75,642.0499878,629.2750244,631.3499756,3358922,638.4000244
04-05-2012,465.3407288,638.4000244,647.625,631.5250244,640,3571718,636.625
07-05-2012,464.046875,636.625,639.25,624.2000122,630,2627762,600.3499756
08-05-2012,437.6054688,600.3499756,617.3499756,597.8250122,612.5,9631578,612.7750244
09-05-2012,446.6623535,612.7750244,617.2999878,597.0499878,597.5,9271544,616.2750244
10-05-2012,449.2134399,616.2750244,620.9000244,612.5,612.7750244,2992620,615.375
11-05-2012,448.5575562,615.375,618.4500122,610.5999756,612,2745190,612.9749756
14-05-2012,446.8078918,612.9749756,617,610,613.6500244,2573752,613.1500244
15-05-2012,446.93573,613.1500244,616.5,609.9000244,612,1875510,611.7000122
16-05-2012,445.8788147,611.7000122,620.9500122,603.375,610,4567936,611
17-05-2012,445.3684998,611,617.5,599.5250244,611,4137524,605.3250122
18-05-2012,441.2319031,605.3250122,612.4500122,601.3250122,602.4000244,2656670,604.5999756
21-05-2012,440.7034912,604.5999756,612.5,602.0250244,605.5,2227088,612.0250244
22-05-2012,446.1154785,612.0250244,620,606.5,610.5,2360916,612.5750122
23-05-2012,446.5165405,612.5750122,617.7750244,607.0499878,616.5,2162806,610.7249756
24-05-2012,445.1677856,610.7249756,614.4749756,603.5499878,612.5,1205674,610.4000244
25-05-2012,444.9310303,610.4000244,612.5,604.5499878,606.0499878,915046,612.3499756
28-05-2012,446.352417,612.3499756,615,607.5250244,612,790194,620.1749878
29-05-2012,452.0562134,620.1749878,624,609.2000122,614,1575032,620.2750244
30-05-2012,452.1292419,620.2750244,628.5,615.625,615.625,1581514,622.6749878
31-05-2012,453.8784485,622.6749878,627.9500122,610.5,610.5,4411602,612.2999878
01-06-2012,446.3160095,612.2999878,622.5,609.25,620,1479528,606.625
04-06-2012,442.1792908,606.625,608,598.0999756,605,1204430,613.25
05-06-2012,447.0085144,613.25,615.4500122,607,607,2063398,625.5750122
06-06-2012,455.9924011,625.5750122,631.875,614.5499878,615,3291908,620.0999756
07-06-2012,457.8565979,620.0999756,624.9500122,615.7750244,623.5,2149728,615.4500122
08-06-2012,454.4232788,615.4500122,621.2999878,612.0750122,615.5999756,2400244,616.7750244
11-06-2012,455.4016113,616.7750244,623.0250244,613.5499878,616.5,1545048,624.0499878
12-06-2012,460.7731323,624.0499878,626.5,610.5499878,610.5499878,1092142,625.2000122
13-06-2012,461.6221924,625.2000122,630,621.2999878,624.5,1450858,627
14-06-2012,462.9513855,627,630.75,622.5,624.5,1471124,636.2249756
15-06-2012,469.7626648,636.2249756,640,624.5,627.0250244,1986040,628.5750122
18-06-2012,464.1143494,628.5750122,643.1749878,625,638,1495388,636.9749756
19-06-2012,470.3164673,636.9749756,639.625,627.5499878,628.4500122,1769058,626.4000244
20-06-2012,462.5083618,626.4000244,637,621.6500244,637,1753740,612.0250244
21-06-2012,451.8945618,612.0250244,626,604.5,622.5250244,4155980,616.7249756
22-06-2012,455.3646851,616.7249756,619.9500122,607.125,607.125,1919560,608.375
25-06-2012,449.1993713,608.375,619.25,605.5,618.5,1588758,617.5499878
26-06-2012,455.9740295,617.5499878,618.5,608.5250244,608.75,1109714,623.3499756
27-06-2012,460.2561951,623.3499756,629.4000244,618.125,618.125,2305862,629.4249878
28-06-2012,464.7418213,629.4249878,631.9500122,618.125,623.4749756,1894228,638.7249756
29-06-2012,471.60849,638.7249756,643.5,631.4500122,631.6749878,1990150,629.7249756
02-07-2012,464.963501,629.7249756,639.5,628.2249756,639.5,2111100,619.7000122
03-07-2012,457.5611267,619.7000122,634.9000244,615.1500244,632.5,2227292,623.9249878
04-07-2012,460.6809692,623.9249878,624.75,615.7750244,621.75,1301806,620.2999878
05-07-2012,458.004425,620.2999878,623.9249878,617.5999756,623.9249878,1520876,623.875
06-07-2012,460.6439514,623.875,626.4000244,613.5,620,1929928,629.7000122
09-07-2012,464.9450378,629.7000122,632.2750244,621.6749878,622.5,1912768,630.8499756
10-07-2012,465.7939148,630.8499756,635.125,624.7750244,632.5,2517598,629.1500244
11-07-2012,464.5389709,629.1500244,637.25,626.625,626.625,2034538,618
12-07-2012,456.3062439,618,625,609.6500244,612.5,7859080,624.7000122
13-07-2012,461.2530823,624.7000122,642,621.5,636.9000244,7217154,603.6749878
16-07-2012,445.729248,603.6749878,629.625,601.4500122,624.5,3620626,592.9500122
17-07-2012,437.8102112,592.9500122,612,587.5999756,609,6383816,597.6500244
18-07-2012,441.2805176,597.6500244,602.2000122,589.25,597.5,2975286,600.5
19-07-2012,443.3848572,600.5,605,597.625,601.5,1335352,611.5250244
20-07-2012,451.5254517,611.5250244,614,600.1500244,600.5,3378226,607.125
23-07-2012,449.3785706,607.125,613.5999756,600.5,604,2903198,604.5750122
24-07-2012,447.491394,604.5750122,609.3250122,598.5499878,604.0499878,1648092,606.5750122
25-07-2012,448.9717102,606.5750122,608.5,598.4500122,602,1666030,599.2249756
26-07-2012,443.5313721,599.2249756,610.5,595.0999756,606.5,2945746,612.6500244
27-07-2012,453.4682922,612.6500244,615.0999756,601.625,607.5,1842976,615.5
30-07-2012,455.5777283,615.5,621.4249878,607.2750244,617.4500122,2625712,621.8250122
31-07-2012,460.2593689,621.8250122,624.625,613.125,617.5,1979964,612.3250122
01-08-2012,453.2278137,612.3250122,622.4000244,611.0499878,619.0499878,1295750,616.4000244
02-08-2012,456.2437439,616.4000244,618.3499756,611,614.9749756,951058,618.4500122
03-08-2012,457.7612,618.4500122,620.125,609.0499878,614,977736,614.4500122
06-08-2012,454.8004456,614.4500122,624,612.5999756,622.5,1015540,632.0250244
07-08-2012,467.809082,632.0250244,633.0999756,617.3250122,619.5,2099154,624.5999756
08-08-2012,462.3131714,624.5999756,633.3250122,623.2000122,632.5,1643000,629.0750122
09-08-2012,465.6256409,629.0750122,633.9249878,625.125,625.125,1129474,640.0250244
10-08-2012,473.7305603,640.0250244,642.5,627.875,628,3082356,633.1500244
13-08-2012,468.6419373,633.1500244,639.5499878,628.625,639.5499878,1428038,634.2000122
14-08-2012,469.4188843,634.2000122,636.625,629.625,630,1136930,631.7750244
16-08-2012,467.624176,631.7750244,635.7750244,626.0499878,635.0750122,1788292,639.2999878
17-08-2012,473.1939392,639.2999878,642.25,632,632.5250244,1287576,649.3250122
21-08-2012,480.6142578,649.3250122,652.5,638.5499878,639.9500122,2051576,645.8250122
22-08-2012,478.023407,645.8250122,654.5,644.0499878,647.9500122,1134096,661.7249756
23-08-2012,489.7924194,661.7249756,663,645.875,645.875,2337314,661.4249878
24-08-2012,489.5704041,661.4249878,664.2000122,656.5,660,1578938,660.2249756
27-08-2012,488.6821289,660.2249756,665.4500122,657.5,658.0999756,967200,675.4500122
28-08-2012,499.951355,675.4500122,677.3250122,657.5,663.4749756,2266204,671.6500244
29-08-2012,497.1387024,671.6500244,679,667.5,675,2139290,683.5750122
30-08-2012,505.965271,683.5750122,694.4000244,661.7000122,669.9500122,3333432,671.875
31-08-2012,497.3051147,671.875,679.5,667.3250122,678.5,1773848,668.9249878
03-09-2012,495.121582,668.9249878,677.4500122,666.5,675,1223826,670.4249878
04-09-2012,496.231842,670.4249878,673.5,661.0250244,666.4500122,1508018,682.25
05-09-2012,504.9845581,682.25,685.5,666,669.75,2028960,687.7999878
06-09-2012,509.0925598,687.7999878,689.9500122,676.8250122,682.0499878,2291684,693.3499756
07-09-2012,513.2003784,693.3499756,698.4000244,689.4500122,695,2636656,685.7249756
10-09-2012,507.556488,685.7249756,691.9500122,682.9749756,691.5999756,1476024,696.3250122
11-09-2012,515.4024658,696.3250122,697.7999878,682.0250244,684.5,1274180,707.4500122
12-09-2012,523.6369629,707.4500122,710.5,694.9500122,698.4749756,2114466,708.8499756
13-09-2012,524.6730347,708.8499756,711.9749756,704.7750244,706.5,1881210,706.5499878
14-09-2012,522.9707031,706.5499878,719.9000244,701.0750122,714,2814840,671.0499878
17-09-2012,496.6944275,671.0499878,710.7750244,667.75,709.125,5094390,649.9000244
18-09-2012,481.039856,649.9000244,672.5,646.2750244,672.5,7220206,661
20-09-2012,489.2555542,661,668.4500122,645.7999878,647.5,4042506,652.0250244
21-09-2012,482.6125183,652.0250244,666.1500244,649.1500244,662.4500122,4247758,644.7249756
24-09-2012,477.2095032,644.7249756,656.5,638.5,655,4937020,646.5999756
25-09-2012,478.597229,646.5999756,654.875,641.1500244,645.0499878,3823694,642.7999878
26-09-2012,475.7846985,642.7999878,652.5,641,647.5999756,3292812,635.7750244
27-09-2012,470.5848389,635.7750244,649.75,630.5499878,640.0499878,5605398,647.9500122
28-09-2012,479.5964355,647.9500122,652.5,638.25,639.4000244,2912996,651.4749756
01-10-2012,482.2055359,651.4749756,654.9000244,646.5250244,647.5,1795618,661.3250122
03-10-2012,489.4962769,661.3250122,662.5,650.5,650.5,2318230,658.5750122
04-10-2012,487.4607849,658.5750122,660.8250122,654.3250122,660,1319284,652
05-10-2012,482.5942383,652,659.6749878,527.5,655.125,3836110,646.3499756
08-10-2012,478.4122009,646.3499756,657.625,642.7249756,655,1685408,647.4249878
09-10-2012,479.2078857,647.4249878,649.4000244,642.5,648.9500122,1291154,644.6749878
10-10-2012,477.1723633,644.6749878,650.875,642.5,643,1163978,644.7249756
11-10-2012,477.2095032,644.7249756,650.7750244,643.0250244,645.125,1635526,649.2249756
12-10-2012,480.5401611,649.2249756,656.8250122,636.5999756,639.4000244,2469542,647.3250122
15-10-2012,479.1337585,647.3250122,651.2000122,643.75,647,814528,647.9500122
16-10-2012,479.5964355,647.9500122,655.0999756,643.9000244,648.5,1282744,641.5750122
17-10-2012,474.8777161,641.5750122,652.4500122,636,650.6500244,1597480,653.6749878
18-10-2012,483.8339844,653.6749878,655.5,640.0999756,643.125,1447128,644.8499756
19-10-2012,477.3019104,644.8499756,655.7000122,641,654.5,2825616,659.4500122
22-10-2012,488.10849,659.4500122,667.4500122,651.5,662.5499878,5397342,657.2999878
23-10-2012,486.5169373,657.2999878,662,655.9500122,662,1136696,657.6749878
25-10-2012,486.7946777,657.6749878,661.9500122,652.125,657.5,2254470,654.2000122
29-10-2012,484.2225952,654.2000122,659.9000244,650.4000244,655.5,815628,655.75
30-10-2012,485.3698425,655.75,661,652.2000122,652.2000122,805268,657.75
31-10-2012,487.9664917,657.75,658.4000244,652,654.5499878,999536,657.625
01-11-2012,487.8735352,657.625,660.1749878,655.0999756,657.4500122,1579768,665.5999756
02-11-2012,493.7901001,665.5999756,669,659.2000122,662.4500122,1673974,664.7999878
05-11-2012,493.1965942,664.7999878,671.6749878,662.6500244,667.9500122,1223826,660.2750244
06-11-2012,489.8396301,660.2750244,668.7000122,659.7249756,662.5,1297466,665.75
07-11-2012,493.9014282,665.75,666.6749878,660.75,662.5,1058390,665.5999756
08-11-2012,493.7901001,665.5999756,667.3499756,658.2999878,662,1239044,662.4749756
09-11-2012,491.4716797,662.4749756,666.625,660.4500122,665,711382,667.25
12-11-2012,495.0141602,667.25,674,660,660,1466782,647.0750122
15-11-2012,480.0466309,647.0750122,661,645.5,660.0499878,1735402,643.4000244
16-11-2012,477.3203735,643.4000244,653.4000244,640.0499878,649.9000244,1598890,631.1749878
19-11-2012,468.2510986,631.1749878,647.5,629.25,645.0499878,1676286,636.4000244
20-11-2012,472.1273193,636.4000244,641.4500122,628.0250244,637.5,1256040,641.0999756
21-11-2012,475.6140137,641.0999756,647.3499756,638.125,638.125,941744,638.2249756
22-11-2012,473.4812622,638.2249756,642.0499878,635.5,641.0499878,611624,644.2999878
23-11-2012,477.9881897,644.2999878,645.7000122,635.625,641,749676,646.8499756
26-11-2012,479.8800659,646.8499756,647.8499756,642.5,644,456334,647.5999756
27-11-2012,480.4363403,647.5999756,649.9500122,644.1500244,649.9500122,1338160,649.0499878
29-11-2012,481.5120239,649.0499878,656,646.1749878,655,3470578,657
30-11-2012,487.4100037,657,662.5,645.5499878,647.5,3579294,658.4000244
03-12-2012,488.4486084,658.4000244,661,652.5999756,657.5,1319512,649.7249756
04-12-2012,482.0128784,649.7249756,660.9000244,646.4500122,657.5499878,1595120,648.9500122
05-12-2012,481.4378662,648.9500122,653.7750244,644.2999878,650,1790058,640.3499756
06-12-2012,475.0577393,640.3499756,647.5,634.5,647.5,2370092,632.0750122
07-12-2012,468.9187927,632.0750122,640.3499756,628.5250244,638.3250122,1957214,618.5999756
10-12-2012,458.9220276,618.5999756,633.4000244,615.5999756,631.0499878,3029430,609.8499756
11-12-2012,452.4305115,609.8499756,621.5,605.1749878,617.5,4926914,612.9000244
12-12-2012,454.6933289,612.9000244,620.5,610.5499878,612.4500122,2487948,611.2750244
13-12-2012,453.4878235,611.2750244,617.2999878,608.5499878,615.0499878,2297162,621.4500122
14-12-2012,461.0362854,621.4500122,622.5,608.0750122,608.5,2196814,602.75
17-12-2012,447.1633911,602.75,624.4500122,601.0499878,619.5750122,4482898,605.3250122
18-12-2012,449.0739441,605.3250122,612.5,598.5,607.3499756,4688482,616.3250122
19-12-2012,457.2341614,616.3250122,618.2750244,608.0499878,608.0499878,6642060,626.0250244
20-12-2012,464.430481,626.0250244,627.5,613.5750122,613.5750122,2314030,629.3499756
21-12-2012,466.8973083,629.3499756,632.2000122,618.8499756,625,2457968,633.0999756
24-12-2012,469.678894,633.0999756,635.5499878,630.0499878,631,1254818,631.0999756
26-12-2012,468.1954651,631.0999756,634.5750122,627.6500244,633.5,1435258,625.4749756
27-12-2012,464.0223083,625.4749756,632.4500122,623.8250122,632.4500122,1994158,633.75
28-12-2012,470.161438,633.75,636,625.375,627,1501622,627.9249878
31-12-2012,465.8400879,627.9249878,632.7999878,626,630.5,704170,632.0750122
01-01-2013,468.9187927,632.0750122,633.9500122,630,633.4749756,509580,631.6500244
02-01-2013,468.603302,631.6500244,636.2000122,627.7750244,633.5,1880246,640.2999878
03-01-2013,475.0204773,640.2999878,642,629.9749756,632.5,2635130,649.5999756
04-01-2013,481.9198303,649.5999756,650.5,640.4500122,642.5,5228760,647.4249878
07-01-2013,480.3065186,647.4249878,652,645.125,650,1820752,650.125
08-01-2013,482.3095093,650.125,652.1500244,647.1500244,647.5,2341870,638.2999878
09-01-2013,473.5369263,638.2999878,653.7000122,636.5750122,650.5,3135898,629.2000122
10-01-2013,466.7858887,629.2000122,641.0499878,627.6500244,639.9500122,4522838,653.1749878
11-01-2013,484.5722656,653.1749878,661.25,645,645,7805006,667.25
14-01-2013,495.0141602,667.25,674.2249756,653.6749878,659.5,5790224,668.7249756
15-01-2013,496.1085815,668.7249756,700,663.5,695,8262978,673.875
16-01-2013,499.9289551,673.875,677.5,654.5,668.4500122,4109492,681
17-01-2013,505.2148132,681,685.9000244,671.5,674.8499756,3028544,675.5
18-01-2013,501.1345825,675.5,683.0250244,669.0250244,681.25,1440470,665
21-01-2013,493.3450012,665,677.4500122,663.5499878,676.25,1260038,658.75
22-01-2013,488.708252,658.75,665.8499756,654.0499878,663,1386630,655.9749756
23-01-2013,487.7601929,655.9749756,661.875,649.2000122,657.875,1877654,664.2750244
24-01-2013,493.9315796,664.2750244,668.4500122,652.5,652.5,3498470,670.25
25-01-2013,498.3745422,670.25,672.5,661.875,661.875,1521100,672.5250244
28-01-2013,500.0664673,672.5250244,674.9749756,668.9749756,670.1500244,2428154,672.4749756
29-01-2013,500.0288086,672.4749756,678.2750244,670.1500244,670.5999756,1731804,673.0750122
30-01-2013,500.4749756,673.0750122,674.9249878,667.9000244,670.5,2279144,672.0750122
31-01-2013,499.7315063,672.0750122,676.2249756,663.2000122,674.4249878,4313168,674.0499878
01-02-2013,501.2000732,674.0499878,676,671.0750122,672,1484540,678.1749878
04-02-2013,504.2672424,678.1749878,683.9000244,672.5750122,674.5,2487304,680.0250244
05-02-2013,505.6430664,680.0250244,682.5,672.5499878,672.5499878,2161994,685.2750244
06-02-2013,509.5466919,685.2750244,687.9500122,681,681.25,3573706,693.5750122
07-02-2013,515.7179565,693.5750122,695,680.5,680.5,2612782,711.2999878
08-02-2013,528.8978882,711.2999878,718.5,692.5499878,693,6973618,707.3499756
11-02-2013,525.9608154,707.3499756,714.4500122,706.125,712,2312126,705.0250244
12-02-2013,524.2318115,705.0250244,707.5,700.9249878,704.5250244,2225502,717.7000122
13-02-2013,533.6566162,717.7000122,720.8250122,702.5499878,704.9000244,3822666,723.8499756
14-02-2013,538.2299194,723.8499756,727.9000244,714.5,715.0499878,2946958,721.0750122
15-02-2013,536.1661377,721.0750122,725.9000244,715.3250122,722,1820790,712.6749878
18-02-2013,529.9203491,712.6749878,720.9500122,710,720.0499878,952086,721.7750244
19-02-2013,536.6868286,721.7750244,724.4500122,706.3499756,710.7999878,744294,726.4000244
20-02-2013,540.1258545,726.4000244,728.5,720.75,720.75,2261518,725.5250244
21-02-2013,539.4750977,725.5250244,728.4249878,720.3499756,720.3499756,3849146,727.5499878
22-02-2013,540.9810791,727.5499878,732.0250244,721.1500244,725,1310694,736.8499756
25-02-2013,547.895813,736.8499756,737.5,725.75,726.5,1730030,748.2000122
26-02-2013,556.3355103,748.2000122,749.9749756,733,733.5,2853670,741.5999756
27-02-2013,551.4280396,741.5999756,751.5250244,738.6500244,747.625,2556682,758.5
28-02-2013,563.9941406,758.5,762.5,742.625,743.125,4599424,750.9249878
01-03-2013,558.3616943,750.9249878,758,749,757.5499878,2537326,756.5999756
04-03-2013,562.5811768,756.5999756,759.9500122,745.5,745.5,3136076,770.0750122
05-03-2013,572.6010132,770.0750122,771.5,754.2999878,758.5,3440054,780.5999756
06-03-2013,580.427002,780.5999756,782.75,768.0750122,768.0750122,2299510,794.9500122
07-03-2013,591.0970459,794.9500122,798.7999878,779.6749878,780.5,3908702,791.5750122
08-03-2013,588.5877075,791.5750122,797.8250122,787.4500122,795,4341502,783.0999756
11-03-2013,582.2859497,783.0999756,794.7750244,778.3250122,787.5,2221330,780.25
12-03-2013,580.166748,780.25,783.9749756,774,779,1809452,775.8499756
13-03-2013,576.8949585,775.8499756,779.3499756,774,778.0250244,1794496,783.8499756
14-03-2013,582.8435059,783.8499756,788.5,771.9000244,778.5,3051218,785.125
15-03-2013,583.7914429,785.125,790.2000122,780.2999878,786,4212398,783.4749756
18-03-2013,582.5648804,783.4749756,786.8250122,777.2000122,779.9249878,1694988,773.375
19-03-2013,575.0546265,773.375,782.25,770.2249756,782.25,3739910,778.8250122
20-03-2013,579.1071777,778.8250122,786.3250122,769.9749756,770,4168136,779.9749756
21-03-2013,579.9621582,779.9749756,787.2000122,776.8499756,781.5,1664604,771.0750122
22-03-2013,573.3445435,771.0750122,781.0499878,766,780.7000122,2714456,771.6749878
25-03-2013,573.7907104,771.6749878,776,764.2000122,774.25,1857316,778.1749878
26-03-2013,578.6235962,778.1749878,785,768.0750122,770.0499878,1781536,787.875
28-03-2013,585.8364258,787.875,791.7000122,770.8250122,778,3065662,778.4249878
01-04-2013,578.8096924,778.4249878,786.8499756,775.625,782.5,968812,783.6749878
02-04-2013,582.7132568,783.6749878,785.5999756,770.625,778,1130332,771.7000122
03-04-2013,573.8092651,771.7000122,787.5,765.5,785,959932,753.9000244
04-04-2013,560.5736694,753.9000244,770.0499878,750.5,770.0499878,1126338,749.1749878
05-04-2013,557.0604248,749.1749878,754.6749878,742.0499878,752.5,1865248,740.375
08-04-2013,550.5169067,740.375,749.4500122,737.5,749.4500122,896416,748.7000122
09-04-2013,556.7073364,748.7000122,756.5,738.7999878,740,1672354,765.2249756
10-04-2013,568.9946899,765.2249756,769.4500122,750.5,754.9500122,2046284,768.4500122
11-04-2013,571.3927002,768.4500122,775.0499878,760.3499756,770,2244658,755.875
12-04-2013,562.0422974,755.875,762.25,739.1749878,740.9500122,5032060,736.2249756
15-04-2013,547.4311523,736.2249756,757,724.1749878,756.75,5391496,741.5750122
16-04-2013,551.4093628,741.5750122,746.7249756,728.9749756,735,3071582,728.3250122
17-04-2013,541.5571289,728.3250122,749.5,715.5,747.5,5279004,726.375
18-04-2013,540.1072388,726.375,747.4500122,713.7249756,743.9749756,8554458,712.6500244
22-04-2013,529.9017334,712.6500244,729.9000244,712.5,723,2962484,715.2750244
23-04-2013,531.8534546,715.2750244,724,712,712.2249756,3384170,701.1500244
25-04-2013,521.3505859,701.1500244,715.2750244,699.3250122,715.2750244,7929194,684.6749878
26-04-2013,509.1005554,684.6749878,696.7249756,682.5499878,696.5,4754076,685.375
29-04-2013,509.6207581,685.375,692.3499756,682.5,682.5,3968916,689.2000122
30-04-2013,512.46521,689.2000122,691,682.5,684,4020570,716.9500122
02-05-2013,533.098938,716.9500122,719.4000244,686.75,686.75,5630326,709.25
03-05-2013,527.3734741,709.25,723.625,703.9500122,713,3641790,733.5999756
06-05-2013,545.4793091,733.5999756,736.2000122,710,710,3727118,735.7999878
07-05-2013,547.1152954,735.7999878,739.4249878,728.7000122,733.5499878,2260180,740.0499878
08-05-2013,550.2754517,740.0499878,743.9000244,735,736,1768130,749.2249756
09-05-2013,557.0976563,749.2249756,751.7249756,741.5,741.5999756,1949700,747.9500122
10-05-2013,556.1496582,747.9500122,755.4500122,745.5499878,749.2249756,1139714,725.7999878
13-05-2013,539.6796265,725.7999878,740.5,722.8499756,740,1862498,728.9749756
14-05-2013,542.0404663,728.9749756,735.2750244,721.875,727.5499878,2250100,735.7750244
15-05-2013,547.0967407,735.7750244,738.5999756,725,729.0499878,3565926,727.0250244
16-05-2013,540.5904541,727.0250244,734.5,723.7249756,734.5,2415652,736.9000244
17-05-2013,547.9332275,736.9000244,739.25,727.0499878,727.5,2900200,736.2000122
20-05-2013,547.4125977,736.2000122,739,730.5,735.625,1385504,746.4249878
21-05-2013,555.015625,746.4249878,751,732.5,732.5,1898432,749.2000122
22-05-2013,557.0791626,749.2000122,754.5750122,746.1500244,749,1846944,746.3499756
23-05-2013,554.9598389,746.3499756,763.375,739.1749878,747.5,3063962,734.7750244
24-05-2013,546.3530273,734.7750244,751.4749756,731.7999878,750,1586612,749
27-05-2013,556.9304199,749,750,730,734.75,2023864,757.0499878
28-05-2013,562.9161377,757.0499878,758.25,745.1500244,749,1400254,748.6749878
29-05-2013,556.6886597,748.6749878,763.75,742.5499878,758,1452038,749.7000122
30-05-2013,557.4509277,749.7000122,756,743.5,750,2408346,749.2249756
31-05-2013,557.0976563,749.2249756,754.625,738.375,745.5,1929868,734.7000122
03-06-2013,546.2974854,734.7000122,753.5,728.5499878,752,3097612,732.6749878
04-06-2013,544.791626,732.6749878,736.9500122,725.0750122,730,1305320,733.9000244
05-06-2013,545.7025146,733.9000244,736.3250122,726.3499756,730.5499878,1728676,735.375
06-06-2013,551.6853027,735.375,739.25,726.0250244,726.8499756,2540452,759.4749756
07-06-2013,569.7653809,759.4749756,769.5,734,735.0499878,3550844,762.5250244
10-06-2013,572.0535889,762.5250244,772.3499756,759.5499878,762.5250244,3360430,750.7750244
11-06-2013,563.2385864,750.7750244,771,746,765.0999756,2205468,734.0499878
12-06-2013,550.6912842,734.0499878,747.5499878,731.0250244,747.0499878,4805954,722.8250122
13-06-2013,542.2702026,722.8250122,732,717.5499878,730,3151342,725.3499756
14-06-2013,544.1646118,725.3499756,728.625,715.5,724,3105996,726.2249756
17-06-2013,544.8210449,726.2249756,732.5,714,726.5,2584162,721.9000244
18-06-2013,541.5762939,721.9000244,730,720.0750122,727.5,2291528,713.8499756
19-06-2013,535.5371704,713.8499756,727.4500122,711.7750244,727.4500122,2139788,702.25
20-06-2013,526.8348389,702.25,716.5750122,699.5499878,710.5,4172878,711.125
21-06-2013,533.4927979,711.125,715.9249878,704,704.4000244,2848224,705.3499756
24-06-2013,529.1606445,705.3499756,717.0499878,700.0499878,707.5,1889164,696.1500244
25-06-2013,522.2582397,696.1500244,713.5499878,690.3499756,706.75,1860548,718.8499756
26-06-2013,539.2880249,718.8499756,723.875,690.5250244,698.4500122,2326488,745.9500122
27-06-2013,559.6188354,745.9500122,748.5,721,723.9000244,3820678,759.0750122
28-06-2013,569.465332,759.0750122,762.1500244,729.0999756,747.5,4817096,746.1749878
01-07-2013,559.7877197,746.1749878,758.3499756,741.7000122,756,1354652,750.2750244
02-07-2013,562.8636475,750.2750244,754.25,743.3250122,746.5499878,1657242,744.9000244
03-07-2013,558.8311768,744.9000244,759.5,732.5,748.8499756,1530906,769.1500244
04-07-2013,577.0239258,769.1500244,770.5,745,745.4249878,1917060,765.0999756
05-07-2013,573.9854736,765.0999756,779,761,771,1293012,753.3250122
08-07-2013,565.1516724,753.3250122,767.5,750,764,1658796,752.4500122
09-07-2013,564.4953003,752.4500122,760.875,747.6500244,747.6500244,1097326,755.9749756
10-07-2013,567.1395874,755.9749756,763.4000244,749,755,1322624,782.2750244
11-07-2013,586.8702393,782.2750244,785,760,760,2335274,804.9249878
12-07-2013,603.8624878,804.9249878,812.4000244,789.6500244,797.5,3251536,820.875
15-07-2013,615.8284912,820.875,823.6500244,799.6500244,800.5499878,2060570,824.6749878
16-07-2013,618.6791382,824.6749878,833.1749878,808.7999878,812.5,2224986,839.25
17-07-2013,629.6132202,839.25,842.4749756,822.5250244,822.5250244,2999250,830.2000122
18-07-2013,622.8239746,830.2000122,846.1500244,822,840,3445532,871.4000244
19-07-2013,653.732605,871.4000244,879.5,850,859.5,8550804,873.25
22-07-2013,655.1207275,873.25,879.4000244,864.1500244,870.5,2974772,874.9000244
23-07-2013,656.3583984,874.9000244,890.2249756,871.7999878,874,1646502,891.4000244
24-07-2013,668.7369995,891.4000244,896,872.5,874.25,2181644,897.875
25-07-2013,673.5944214,897.875,905,883.3499756,890,4088808,887.25
26-07-2013,665.6233521,887.25,899.4749756,875.0499878,897.5,2379064,889.5999756
29-07-2013,668.894165,889.5999756,897.2999878,878.625,879,1774262,896.1500244
30-07-2013,673.819397,896.1500244,902.4749756,887.7249756,890,2617484,907.75
31-07-2013,682.5413208,907.75,915.75,894.7249756,895,2826750,907.7000122
01-08-2013,682.5037842,907.7000122,917.4000244,895,905.0250244,2141178,922.9249878
02-08-2013,693.9515381,922.9249878,924.9500122,908.3499756,909.8499756,1846854,933.5999756
05-08-2013,701.9780884,933.5999756,938.7000122,920,920,2355184,935.0499878
06-08-2013,703.0683594,935.0499878,940.9749756,932.3250122,936.5,2305290,911.3499756
07-08-2013,685.2479248,911.3499756,945.4500122,906.7249756,937,2694980,922.7000122
08-08-2013,693.7821655,922.7000122,928.0750122,891.8499756,902.5499878,2158628,907
12-08-2013,681.9772339,907,920.5,904.0750122,920.5,2077574,909.9000244
13-08-2013,684.1578979,909.9000244,922.4249878,904.9749756,910.0999756,2168296,916.75
14-08-2013,689.3084106,916.75,929,901,912.25,3302068,890.4500122
16-08-2013,669.5335693,890.4500122,915,877.7750244,912.0999756,2779930,888.7249756
19-08-2013,668.2363281,888.7249756,903.5,877.7750244,899,2121352,868.2000122
20-08-2013,652.8035889,868.2000122,894.9000244,865,894.9000244,2724844,858.9000244
21-08-2013,645.8108521,858.9000244,871.8499756,850.5750122,870.0499878,3623994,889.4749756
22-08-2013,668.8002319,889.4749756,898.5750122,847.5999756,852.5,4260988,914.7249756
23-08-2013,687.7859497,914.7249756,919,892.1500244,897,4032884,921
26-08-2013,692.5042114,921,939.2999878,907,911.5499878,2663238,919.4000244
27-08-2013,691.3010864,919.4000244,939.4249878,915,919.5,1945284,953.9500122
28-08-2013,717.2792969,953.9500122,973.0499878,914,914,4444684,973.5499878
29-08-2013,732.0164185,973.5499878,985,939.1500244,950.5,5905182,1016.599976
30-08-2013,764.3861084,1016.599976,1025,965,969.5,5282942,1028.425049
02-09-2013,773.2774658,1028.425049,1034.5,1008.75,1010,2154034,1000.549988
03-09-2013,752.3181152,1000.549988,1033.5,993.0750122,1025.050049,2355064,1034.550049
04-09-2013,777.8828735,1034.550049,1039.400024,996.9749756,1000,2626516,995.375
05-09-2013,748.4268799,995.375,1034.5,990.5250244,1034.5,3927492,994.4000244
06-09-2013,747.6940308,994.4000244,1012.5,987.5,1004.5,2759596,993.9500122
10-09-2013,747.3554688,993.9500122,1008.349976,990.5,993,4300972,996.9000244
11-09-2013,749.5736084,996.9000244,1009,991.75,1004,3008494,983.9500122
12-09-2013,739.8363037,983.9500122,999.2750244,972.9000244,997.5,1905568,976.875
13-09-2013,734.5164185,976.875,995,973.2750244,982.5,2096320,951.2750244
16-09-2013,715.2680664,951.2750244,992.5,947.0250244,975,2460506,973.7249756
17-09-2013,732.1481934,973.7249756,976.2750244,948.5499878,950,3327816,977.25
18-09-2013,734.7984619,977.25,982.4000244,968.9500122,971.0250244,2109818,983.1500244
19-09-2013,739.2349854,983.1500244,995,963.25,974,3907240,975.1500244
20-09-2013,733.2197876,975.1500244,994.9500122,970.5,975,3591858,977.5499878
23-09-2013,735.0241699,977.5499878,988.5999756,970,975,2988758,969.75
24-09-2013,729.1593628,969.75,988.9500122,963,977.5,4940300,979.5250244
25-09-2013,736.5090942,979.5250244,985.4749756,960.0999756,970.75,4333858,971.4500122
26-09-2013,730.4376831,971.4500122,987.0499878,967.5499878,977.4000244,4919704,974.0499878
27-09-2013,732.3925171,974.0499878,980.9749756,968.7249756,971.5499878,1784666,963.9000244
30-09-2013,724.7607422,963.9000244,980.9249878,960,977,1987350,974.5250244
01-10-2013,732.7498779,974.5250244,977.4249878,958.3499756,966,1591994,1012.299988
03-10-2013,761.152771,1012.299988,1018.450012,980.2000122,985.9000244,4672354,1016.799988
04-10-2013,764.536499,1016.799988,1034.5,1013.474976,1016,1934032,1044.875
07-10-2013,785.6461792,1044.875,1048.849976,1012.650024,1017.5,1993878,1030.724976
08-10-2013,775.006897,1030.724976,1049,1028.275024,1041.5,1828106,1045.425049
09-10-2013,786.0596924,1045.425049,1048.824951,1022.549988,1027.75,1775858,1040
10-10-2013,781.9807129,1040,1049,1033.625,1044,1164320,1061.025024
11-10-2013,797.7893677,1061.025024,1069,1041.199951,1051.5,2284448,1106.375
14-10-2013,831.8884277,1106.375,1112.5,1062.5,1063.75,4374460,1107.699951
15-10-2013,832.8847046,1107.699951,1129.425049,1100.5,1117.5,4665092,1054.224976
17-10-2013,792.6763306,1054.224976,1115,1047.849976,1115,6687214,1060.324951
18-10-2013,797.2630615,1060.324951,1066.900024,1030.775024,1052.400024,5346166,1035.824951
21-10-2013,778.8414917,1035.824951,1063.974976,1025,1062.5,3685372,1044.675049
22-10-2013,785.4959106,1044.675049,1053.824951,1038.425049,1044,2044614,1030.574951
23-10-2013,774.8939209,1030.574951,1051.5,1023.075012,1044.25,2455496,1004.349976
24-10-2013,755.1751709,1004.349976,1041.175049,1000.924988,1021,3617758,1033.875
25-10-2013,778.9262085,1033.875,1036,997.5,997.5,2527402,1031.974976
28-10-2013,777.494812,1031.974976,1044.900024,1026.275024,1034,1803942,1034.900024
29-10-2013,779.6987305,1034.900024,1042.900024,1023.950012,1032.5,1829076,1045.974976
30-10-2013,788.0426636,1045.974976,1050,1035.125,1035.125,2114874,1056.025024
31-10-2013,795.6143188,1056.025024,1064.5,1039.699951,1044.5,3523076,1048.800049
01-11-2013,790.1711426,1048.800049,1070.974976,1045.550049,1055,1346480,1021
05-11-2013,769.2263794,1021,1052.5,1015.849976,1050,2261286,1045.550049
06-11-2013,787.7224121,1045.550049,1051.775024,1029.525024,1031.5,1667750,1060.974976
07-11-2013,799.3436279,1060.974976,1074.074951,1040.150024,1050,1956948,1045.425049
08-11-2013,787.6281738,1045.425049,1065.875,1035.599976,1065,1609346,1047.324951
11-11-2013,789.0596313,1047.324951,1070,1025,1045,1961138,1043.574951
12-11-2013,786.2344971,1043.574951,1060.849976,1039.5,1048.425049,1000682,1024.5
13-11-2013,771.8631592,1024.5,1053.099976,1021.825012,1049.474976,1208338,1013.099976
14-11-2013,763.2744141,1013.099976,1036,1010.924988,1036,2129704,1022
18-11-2013,769.9794922,1022,1029.949951,1016.125,1023,2831602,1014.950012
19-11-2013,764.6682739,1014.950012,1027.5,1010.599976,1024.974976,2077864,1011.799988
20-11-2013,762.2947388,1011.799988,1024.949951,1008.5,1023.424988,1658696,993.2999878
21-11-2013,748.3568115,993.2999878,1017.349976,990,1011.599976,2302882,1000.424988
22-11-2013,753.7248535,1000.424988,1005.5,992.5499878,995.5,1494494,1006.625
25-11-2013,758.3960571,1006.625,1013.424988,996.5499878,1004,1950998,996.8499756
26-11-2013,751.0315552,996.8499756,1008.224976,993.5,1001.549988,2047412,993.2249756
27-11-2013,748.3004761,993.2249756,1006.849976,987.5,1004.5,2120978,992.2999878
28-11-2013,747.6035767,992.2999878,998.2750244,985,996.5499878,2805722,1002.174988
29-11-2013,755.043457,1002.174988,1007.349976,990.9000244,996,1924812,1006.950012
02-12-2013,758.6409912,1006.950012,1010.5,997.5,997.5,1253260,1010.400024
03-12-2013,761.2401733,1010.400024,1021,1007.525024,1008.025024,1449184,1000.025024
04-12-2013,753.4234619,1000.025024,1015.799988,996.8250122,1009.950012,1519036,993.5750122
05-12-2013,748.56427,993.5750122,1016.775024,991.5250244,1008,1397190,1000.150024
06-12-2013,753.5177612,1000.150024,1005,995.5,995.5,1446962,1002.424988
09-12-2013,755.2318726,1002.424988,1014.974976,1000,1014.5,1826340,1041.375
10-12-2013,784.5767212,1041.375,1044.5,1000,1000,3653334,1029.025024
11-12-2013,775.2723999,1029.025024,1043.425049,1021.5,1039.5,1556062,1014.450012
12-12-2013,764.2915039,1014.450012,1032,1012.549988,1022.5,1655964,1000.900024
13-12-2013,754.0830078,1000.900024,1022.5,997.5,1018.974976,3463350,1009.575012
16-12-2013,760.6185913,1009.575012,1019.900024,1002.575012,1006.849976,2858500,1022.674988
17-12-2013,770.4882813,1022.674988,1032.925049,1015,1015.799988,2995474,1027.900024
18-12-2013,774.4249878,1027.900024,1035.5,1019,1020,1587990,1040.75
19-12-2013,784.1060181,1040.75,1055,1031.324951,1037.974976,2161986,1060.275024
20-12-2013,798.8163452,1060.275024,1065,1042.925049,1044.050049,1965812,1054.525024
23-12-2013,794.484314,1054.525024,1071.724976,1048.974976,1064.974976,1321224,1055.349976
24-12-2013,795.105835,1055.349976,1064.5,1052.125,1059.900024,870156,1050.150024
26-12-2013,791.1880493,1050.150024,1058.5,1045.724976,1057.5,2297194,1080.324951
27-12-2013,813.921936,1080.324951,1084.949951,1052.5,1053.5,2479946,1078.025024
30-12-2013,812.1891479,1078.025024,1087.625,1073.349976,1085,1668776,1086.025024
31-12-2013,818.2164307,1086.025024,1092.474976,1075.449951,1080.050049,1245776,1076.650024
01-01-2014,811.1533203,1076.650024,1092.25,1075.550049,1090.050049,529952,1083.5
02-01-2014,816.3137207,1083.5,1094.5,1078.074951,1083,1726948,1111.099976
03-01-2014,837.1079102,1111.099976,1114.550049,1073.625,1082.349976,2618174,1119.800049
06-01-2014,843.6627197,1119.800049,1122,1098.5,1114.5,2311810,1103.074951
07-01-2014,831.0619507,1103.074951,1128.224976,1099.5,1120,2897486,1116.324951
08-01-2014,841.0446167,1116.324951,1122,1105,1106,2550020,1120.974976
09-01-2014,844.5476074,1120.974976,1127.75,1111.050049,1114.375,2582206,1140.449951
10-01-2014,859.2203979,1140.449951,1154.900024,1117.5,1130,3369334,1184.375
13-01-2014,892.3136597,1184.375,1192,1142.5,1142.5,3814316,1163.375
14-01-2014,876.4925537,1163.375,1192.400024,1160,1186,2974964,1176.800049
15-01-2014,886.6068115,1176.800049,1189.099976,1163.5,1171.224976,3048854,1175.150024
16-01-2014,885.3637085,1175.150024,1190.050049,1162.5,1190,2997962,1106.525024
17-01-2014,833.661377,1106.525024,1149,1103.025024,1149,7564756,1169.099976
20-01-2014,880.805542,1169.099976,1175,1107.75,1109.474976,6010558,1140.150024
21-01-2014,858.9942627,1140.150024,1169.625,1137.550049,1167,3132282,1137.025024
22-01-2014,856.6400757,1137.025024,1148.425049,1132.050049,1143.550049,2384030,1126.224976
23-01-2014,848.5033569,1126.224976,1138.349976,1118.650024,1134.050049,2290762,1124.349976
24-01-2014,847.0908813,1124.349976,1141.625,1117.5,1122,1850266,1114.800049
27-01-2014,841.392395,1114.800049,1129.75,1110.050049,1113,2532948,1106.175049
28-01-2014,834.8825073,1106.175049,1123.925049,1098.050049,1116,2852166,1104.900024
29-01-2014,833.9202881,1104.900024,1120,1102.5,1120,1698076,1108.800049
30-01-2014,836.8639526,1108.800049,1113.5,1095,1099.025024,2225250,1120.525024
31-01-2014,845.7133789,1120.525024,1134.900024,1110.5,1112.550049,2174246,1097.224976
03-02-2014,828.1275024,1097.224976,1122.125,1095.400024,1111,1362480,1075.675049
04-02-2014,811.862915,1075.675049,1087.5,1056.025024,1087,2694166,1097.199951
05-02-2014,828.1088867,1097.199951,1100,1070,1081.900024,1853650,1087.625
06-02-2014,820.8821411,1087.625,1094.949951,1072.5,1090,1922652,1072.199951
07-02-2014,809.2399292,1072.199951,1097.5,1065.5,1095,1990912,1046.775024
10-02-2014,790.0506592,1046.775024,1072,1042.550049,1072,4019270,1050.849976
11-02-2014,793.1261597,1050.849976,1063.25,1048,1050,3568786,1052.724976
12-02-2014,794.5413208,1052.724976,1061.800049,1047.5,1059,3074348,1066.875
13-02-2014,805.2209473,1066.875,1069.199951,1048.25,1053.5,2094350,1083.949951
14-02-2014,818.1082764,1083.949951,1092.375,1064.050049,1068.949951,1910062,1082.699951
17-02-2014,817.1650391,1082.699951,1093,1073.599976,1080,1670394,1083
18-02-2014,817.3912354,1083,1095.5,1077.925049,1082.5,1526916,1098.974976
19-02-2014,829.4483643,1098.974976,1107.5,1081.125,1085,1072918,1094.675049
20-02-2014,826.203186,1094.675049,1111,1091.400024,1103,1587924,1102.849976
21-02-2014,832.3729248,1102.849976,1106.5,1095.375,1099,1717860,1088.949951
24-02-2014,821.882019,1088.949951,1102.625,1085.050049,1102,2450424,1094.449951
25-02-2014,826.0330811,1094.449951,1099.75,1090,1094.5,3305374,1091.074951
26-02-2014,823.4860229,1091.074951,1097.5,1088.574951,1097,3859712,1137.875
28-02-2014,858.8080444,1137.875,1140,1080.074951,1080.5,3988192,1120.025024
03-03-2014,845.3358765,1120.025024,1149.5,1114,1135.900024,1606078,1120.324951
04-03-2014,845.5623779,1120.324951,1127,1112,1116.599976,2030332,1125.949951
05-03-2014,849.807373,1125.949951,1143.125,1121.275024,1127.425049,2302006,1120.375
06-03-2014,845.5999146,1120.375,1130,1116.074951,1126.425049,1314562,1114.25
07-03-2014,840.9772339,1114.25,1125.025024,1076.400024,1122.75,4698472,1071.324951
10-03-2014,808.579895,1071.324951,1114.25,1067.5,1114.050049,3829768,1075.824951
11-03-2014,811.9760132,1075.824951,1088.824951,1061,1077.5,2550254,1089.724976
12-03-2014,822.4671631,1089.724976,1094.875,1076.5,1076.5,1669788,1074.775024
13-03-2014,811.1837769,1074.775024,1101,1068.425049,1074.025024,2019884,1069.775024
14-03-2014,807.409668,1069.775024,1080.25,1062.150024,1070.5,2161246,1061
18-03-2014,800.7870483,1061,1075.900024,1052.125,1067.75,2565842,1019.700012
19-03-2014,769.6158447,1019.700012,1037.5,1006.525024,1037.5,8652662,1054.099976
20-03-2014,795.5789795,1054.099976,1061.449951,1005.700012,1019,5728956,1063.5
21-03-2014,802.6738281,1063.5,1072.5,1042.5,1062.5,4680776,1076.300049
24-03-2014,812.3345337,1076.300049,1078.974976,1063.074951,1068.474976,2183014,1073.324951
25-03-2014,810.0891113,1073.324951,1086,1065,1072,2249968,1046.75
26-03-2014,790.0316162,1046.75,1079.25,1043.775024,1074.025024,3192350,1047.125
27-03-2014,790.3146973,1047.125,1057.5,1032.525024,1050.474976,5012476,1051.050049
28-03-2014,793.2770996,1051.050049,1061.425049,1040.025024,1048.5,2971162,1066.574951
31-03-2014,804.9945068,1066.574951,1072.474976,1041,1052,2683268,1088.349976
01-04-2014,821.4293823,1088.349976,1092.5,1072.449951,1072.5,2755932,1086.125
02-04-2014,819.7498779,1086.125,1101,1080.525024,1095,3763016,1083.25
03-04-2014,817.5799561,1083.25,1091,1073.800049,1086.425049,1581194,1069.425049
04-04-2014,807.145813,1069.425049,1093.5,1065,1086,1694656,1076.900024
07-04-2014,812.7874756,1076.900024,1082.974976,1060.349976,1065.050049,2594986,1070.199951
09-04-2014,807.7304077,1070.199951,1081,1052.5,1076,3350500,1063.074951
10-04-2014,802.3532104,1063.074951,1074.324951,1057.599976,1070.199951,2152886,1082.050049
11-04-2014,816.6741943,1082.050049,1087.449951,1050,1059,2340742,1126.375
15-04-2014,850.1287842,1126.375,1129,1087.025024,1090.5,3597244,1098.150024
16-04-2014,828.8257446,1098.150024,1132,1092.099976,1132,3475910,1111.449951
17-04-2014,838.8639526,1111.449951,1113.5,1071.349976,1110,7681438,1110.875
21-04-2014,838.4299927,1110.875,1121.449951,1105.650024,1110,1842594,1110.525024
22-04-2014,838.1657715,1110.525024,1124.949951,1109.949951,1116.974976,1486274,1106.875
23-04-2014,835.4109497,1106.875,1121.949951,1100.550049,1115.699951,1938992,1106.875
24-04-2014,835.4109497,1106.875,1106.875,1106.875,1106.875,0,1102.625
25-04-2014,832.2030029,1102.625,1117.5,1096.599976,1113.5,3160448,1095.675049
28-04-2014,826.9577637,1095.675049,1111.349976,1090.050049,1102.625,2550766,1097.125
29-04-2014,828.0518799,1097.125,1103.175049,1088.449951,1093,1846180,1094.599976
30-04-2014,826.1463623,1094.599976,1102.800049,1090.5,1092.550049,2397378,1104.224976
02-05-2014,833.4106445,1104.224976,1109.949951,1090.625,1090.625,1917778,1106.849976
05-05-2014,835.3921509,1106.849976,1114.5,1102.074951,1105.400024,1314478,1099.449951
06-05-2014,829.8071899,1099.449951,1110.800049,1095,1106.849976,961232,1082.775024
07-05-2014,817.2214355,1082.775024,1101.5,1070.050049,1095.525024,4716182,1081.025024
08-05-2014,815.9008179,1081.025024,1090.900024,1073.824951,1082.550049,2606900,1079.949951
09-05-2014,815.0893555,1079.949951,1092.349976,1076,1076,1799440,1079.675049
12-05-2014,814.8817749,1079.675049,1083.349976,1061.574951,1076.5,2886064,1105.474976
13-05-2014,834.3544922,1105.474976,1119.5,1082.900024,1082.900024,2547484,1108.050049
14-05-2014,836.2978516,1108.050049,1118.849976,1100.550049,1107.199951,1389228,1096.574951
15-05-2014,827.637146,1096.574951,1112.5,1085.574951,1108.050049,2520196,1080.375
16-05-2014,815.4098511,1080.375,1126.699951,1050.125,1100.025024,5241798,1018.349976
19-05-2014,768.5968628,1018.349976,1080,999.75,1075,6516606,1034.099976
20-05-2014,780.4841919,1034.099976,1080,1014,1014,4702114,1041.425049
21-05-2014,786.0128784,1041.425049,1044.5,1027.900024,1030.599976,4116946,1055.974976
22-05-2014,796.9942627,1055.974976,1062,1037.550049,1048.375,4216842,1063.949951
23-05-2014,803.0134888,1063.949951,1074.5,1048,1059.5,3094780,1077
26-05-2014,812.8627319,1077,1084.800049,1066.800049,1074.5,2650850,1065.724976
27-05-2014,804.3530884,1065.724976,1092.300049,1059,1080.074951,1795094,1075.275024
28-05-2014,811.5608521,1075.275024,1079.375,1061.224976,1070,1887488,1079.974976
29-05-2014,815.1085205,1079.974976,1090,1067.599976,1072.5,2820710,1070.675049
30-05-2014,808.0892334,1070.675049,1083.5,1065.074951,1079.400024,2585648,1064.925049
02-06-2014,803.7492676,1064.925049,1078.875,1058.025024,1072,1095158,1064.300049
03-06-2014,803.27771,1064.300049,1069,1052.599976,1064.925049,2484628,1044.625
04-06-2014,788.4278564,1044.625,1067.449951,1038.5,1065,2141062,1052.074951
05-06-2014,794.0505371,1052.074951,1058.199951,1034,1041.550049,4348470,1042.125
06-06-2014,794.0889282,1042.125,1053.900024,1028,1050.074951,3361586,1056.900024
09-06-2014,805.347229,1056.900024,1059,1040,1043.5,2666196,1079.074951
10-06-2014,822.2442017,1079.074951,1080.474976,1057.5,1057.5,2628068,1103.474976
11-06-2014,840.8369751,1103.474976,1107,1069.099976,1082.5,3544562,1118.675049
12-06-2014,852.4191895,1118.675049,1127,1091.900024,1124.5,2734338,1106.775024
13-06-2014,843.3515015,1106.775024,1119.5,1092.525024,1119,1904022,1134.875
16-06-2014,864.7633057,1134.875,1138.474976,1105,1105,2439906,1139.925049
17-06-2014,868.6113281,1139.925049,1148.5,1135.5,1142.449951,1918144,1113.525024
18-06-2014,848.4950562,1113.525024,1146.5,1110.650024,1146.5,1948824,1138.025024
19-06-2014,867.1635742,1138.025024,1144.5,1105.050049,1115,1896354,1146.199951
20-06-2014,873.3929443,1146.199951,1149.5,1131,1142.449951,1155674,1134.425049
23-06-2014,864.4207764,1134.425049,1149.949951,1127.025024,1146.5,1262734,1154.525024
24-06-2014,879.7364502,1154.525024,1159.75,1127.5,1134.5,1479100,1155.275024
25-06-2014,880.3079834,1155.275024,1160,1146.5,1155,1028422,1153.824951
26-06-2014,879.2029419,1153.824951,1172.074951,1145.574951,1148,2036182,1199.775024
27-06-2014,914.2166138,1199.775024,1203.449951,1157.5,1158.5,3058836,1212.699951
30-06-2014,924.0653076,1212.699951,1217.5,1188.300049,1200.275024,2146470,1195.375
01-07-2014,910.8638916,1195.375,1209.5,1191.150024,1209.449951,1092790,1200.800049
02-07-2014,914.9978027,1200.800049,1205.875,1191.75,1200,907740,1208.949951
03-07-2014,921.2077026,1208.949951,1222.5,1196,1199.5,1526762,1205.25
04-07-2014,918.3883667,1205.25,1212.75,1200.5,1206.199951,536136,1244.275024
07-07-2014,948.1253662,1244.275024,1249,1205.199951,1210.025024,2204902,1224.724976
08-07-2014,933.2279053,1224.724976,1243.074951,1216.625,1242.474976,2500588,1199.074951
09-07-2014,913.6831665,1199.074951,1236.324951,1190.800049,1235,1554242,1175.900024
10-07-2014,896.0240479,1175.900024,1209.800049,1167.5,1199.775024,1990562,1197.224976
11-07-2014,912.2736206,1197.224976,1205,1180.550049,1185.5,1329446,1213.125
14-07-2014,924.3891602,1213.125,1219.5,1192.625,1209.400024,1587924,1199.650024
15-07-2014,914.1217651,1199.650024,1215,1196.875,1213.099976,1389656,1200.925049
16-07-2014,915.0930176,1200.925049,1212,1193.425049,1204.824951,1407240,1190.974976
17-07-2014,907.5112305,1190.974976,1214.900024,1187.5,1205,1790220,1220.599976
18-07-2014,930.085083,1220.599976,1242.5,1217.5,1226,3507488,1231.875
21-07-2014,938.6763306,1231.875,1234.925049,1221.525024,1234,981072,1266.199951
22-07-2014,964.8318481,1266.199951,1270,1230.949951,1232.5,2399016,1293.074951
23-07-2014,985.3106079,1293.074951,1298.150024,1266.150024,1270,2065858,1297.599976
24-07-2014,988.7582397,1297.599976,1301,1283.5,1297.449951,1481418,1302.875
25-07-2014,992.7779541,1302.875,1307.175049,1283.5,1297,1806914,1294.650024
28-07-2014,1003.846069,1294.650024,1299.824951,1277.5,1288.574951,1314922,1297.525024
30-07-2014,1006.075806,1297.525024,1305,1286.300049,1292.400024,1899252,1290.025024
31-07-2014,1000.26001,1290.025024,1299,1284.625,1287.550049,2407210,1258.199951
01-08-2014,975.5834351,1258.199951,1293.974976,1255,1287.5,2381882,1263.025024
04-08-2014,979.3250732,1263.025024,1270.949951,1244,1266,1828636,1261.849976
05-08-2014,978.4137573,1261.849976,1272.5,1245.050049,1272.449951,1404656,1253.324951
06-08-2014,971.8039551,1253.324951,1267.425049,1245.125,1258.074951,1837562,1234.900024
07-08-2014,957.5175781,1234.900024,1247.5,1229.525024,1245,1672656,1239.349976
08-08-2014,960.9678955,1239.349976,1253.849976,1232.5,1232.5,1464790,1234.199951
11-08-2014,956.9745483,1234.199951,1247.775024,1227.5,1245.449951,1290896,1235.875
12-08-2014,958.2734375,1235.875,1244.949951,1220.099976,1244.949951,984552,1250.025024
13-08-2014,969.2446899,1250.025024,1265,1235,1235,2768378,1249.875
14-08-2014,969.1286621,1249.875,1266,1245.025024,1257,1578056,1243.800049
18-08-2014,964.4182129,1243.800049,1252.5,1235,1245.525024,1373260,1219.25
19-08-2014,945.3825684,1219.25,1252.449951,1217.5,1250,3234156,1218.099976
20-08-2014,944.4908447,1218.099976,1227.525024,1215.025024,1222.25,2056758,1216.224976
21-08-2014,943.0371704,1216.224976,1230,1215,1223.5,2265450,1232.099976
22-08-2014,955.3461914,1232.099976,1234.099976,1217.900024,1222,3096238,1261.025024
25-08-2014,977.7741089,1261.025024,1264.25,1233.449951,1235,3143512,1266.900024
26-08-2014,982.3292847,1266.900024,1275,1250,1264.5,1815490,1274.974976
27-08-2014,988.5905762,1274.974976,1283.699951,1257.025024,1267,1435460,1261.175049
28-08-2014,977.8901978,1261.175049,1274.650024,1256.5,1273.5,1766288,1268.574951
01-09-2014,983.628479,1268.574951,1280,1261.525024,1262.699951,810148,1268.949951
02-09-2014,983.9192505,1268.949951,1277.400024,1257.050049,1272.900024,1407940,1303.199951
03-09-2014,1010.476013,1303.199951,1308,1269.5,1269.5,3061690,1292.375
04-09-2014,1002.08252,1292.375,1313.724976,1288.724976,1311,1701598,1299.300049
05-09-2014,1007.451721,1299.300049,1310.900024,1291.525024,1299.949951,1467060,1321.349976
08-09-2014,1024.549072,1321.349976,1325,1299.525024,1306,1697342,1315.625
09-09-2014,1020.110291,1315.625,1333.5,1312.550049,1326,1418098,1300.074951
10-09-2014,1008.052917,1300.074951,1321.375,1295.599976,1319,1258768,1299.175049
11-09-2014,1007.354797,1299.175049,1312.199951,1295.75,1305,1075622,1303.800049
12-09-2014,1010.940857,1303.800049,1312.175049,1296.599976,1305,1196210,1279.150024
15-09-2014,991.8278198,1279.150024,1309.300049,1277,1307,1151544,1275.425049
16-09-2014,988.9395752,1275.425049,1287.5,1272,1283,1535608,1295.599976
17-09-2014,1004.58313,1295.599976,1302.375,1280.5,1280.5,1657700,1321.150024
18-09-2014,1024.394165,1321.150024,1325.900024,1290.5,1295.849976,1483078,1357.099976
19-09-2014,1052.268799,1357.099976,1370,1321,1321.5,3587864,1360.900024
22-09-2014,1055.215698,1360.900024,1367,1338.125,1357,999584,1344.099976
23-09-2014,1042.188477,1344.099976,1391.224976,1341.650024,1362,2055990,1321.5
24-09-2014,1024.665283,1321.5,1353.474976,1316.375,1346.5,2442132,1354.300049
25-09-2014,1050.097168,1354.300049,1362.5,1330,1330.474976,2473158,1342
26-09-2014,1040.560425,1342,1362.449951,1335.050049,1355,1612712,1383.974976
29-09-2014,1073.106812,1383.974976,1387.724976,1337.650024,1347.699951,2089534,1368.300049
30-09-2014,1060.953247,1368.300049,1388.324951,1354.074951,1386.474976,2788954,1387.800049
01-10-2014,1076.07312,1387.800049,1401,1368.5,1376,2142022,1365.675049
07-10-2014,1058.917847,1365.675049,1419.849976,1362.800049,1369.800049,3457674,1341.599976
08-10-2014,1040.250488,1341.599976,1369.974976,1324.625,1369,1962442,1353.025024
09-10-2014,1049.109497,1353.025024,1361.650024,1343.25,1354,1685176,1339.25
10-10-2014,1038.428223,1339.25,1363.724976,1334.25,1353,2344362,1358.275024
13-10-2014,1053.180054,1358.275024,1362.400024,1335,1340,2209532,1349.599976
14-10-2014,1046.453247,1349.599976,1367.849976,1339.400024,1365,2369406,1349.599976
15-10-2014,1046.453247,1349.599976,1349.599976,1349.599976,1349.599976,0,1339.050049
16-10-2014,1038.273315,1339.050049,1379.300049,1332.125,1365,3848014,1220.574951
17-10-2014,946.4102173,1220.574951,1255.675049,1215,1237.5,9892812,1211.650024
20-10-2014,939.4896851,1211.650024,1246.800049,1208.974976,1245,3399242,1216.699951
21-10-2014,943.4053955,1216.699951,1221.875,1207.5,1212.925049,1950732,1225.925049
22-10-2014,950.5584717,1225.925049,1244.5,1222.550049,1242.5,2067664,1228.574951
27-10-2014,952.612854,1228.574951,1259.849976,1222.474976,1259.5,2797208,1239.300049
28-10-2014,960.9293213,1239.300049,1242.449951,1226.724976,1242.449951,2289958,1253.025024
29-10-2014,973.5351563,1253.025024,1257,1236.5,1237.5,2425016,1279.099976
30-10-2014,993.793396,1279.099976,1287.449951,1254.5,1260.900024,4111292,1303.925049
31-10-2014,1013.081543,1303.925049,1310,1280.5,1280.5,3170070,1295.175049
03-11-2014,1006.283447,1295.175049,1324.5,1290.25,1324.5,2541632,1299.75
05-11-2014,1009.837952,1299.75,1319,1295,1319,2310642,1286.425049
07-11-2014,999.4850464,1286.425049,1307.849976,1278.5,1302.400024,2126740,1284.824951
10-11-2014,998.241394,1284.824951,1291,1275.5,1287.550049,1541964,1290.349976
11-11-2014,1002.53479,1290.349976,1297,1277.699951,1289,1249940,1295.875
12-11-2014,1006.827148,1295.875,1305.5,1287.5,1290,1320582,1294.224976
13-11-2014,1005.545105,1294.224976,1302.449951,1282.574951,1297.5,1645540,1303.224976
14-11-2014,1012.538025,1303.224976,1305.574951,1287.5,1292.599976,1457174,1309.150024
17-11-2014,1017.141296,1309.150024,1312.5,1296.125,1297.550049,1570552,1292.925049
18-11-2014,1004.535217,1292.925049,1313.324951,1289.875,1310,1467026,1286.875
19-11-2014,999.8349609,1286.875,1299,1278.724976,1299,1865746,1302.724976
20-11-2014,1012.149414,1302.724976,1305.125,1280.275024,1294,1795386,1311.074951
21-11-2014,1018.636658,1311.074951,1320,1293.324951,1304,2001594,1328.849976
24-11-2014,1032.446777,1328.849976,1332.5,1311,1311,1942766,1318
25-11-2014,1024.017334,1318,1339.699951,1308,1330,2371684,1313.650024
26-11-2014,1020.63739,1313.650024,1328.175049,1307.5,1315.025024,1584800,1326.650024
27-11-2014,1030.737671,1326.650024,1334,1312.650024,1313.650024,1732418,1321.5
28-11-2014,1026.736328,1321.5,1345.949951,1317.675049,1329.175049,1989768,1346.474976
01-12-2014,1046.140747,1346.474976,1350,1322.625,1325.25,1896354,1328.650024
02-12-2014,1032.291748,1328.650024,1355.474976,1324.675049,1346.5,1436572,1317.675049
03-12-2014,1023.764648,1317.675049,1336.699951,1309.25,1335.949951,3094670,1318.974976
04-12-2014,1024.775024,1318.974976,1333.5,1314.949951,1332,1285308,1289.474976
05-12-2014,1001.855103,1289.474976,1324.900024,1286.074951,1320.449951,2359676,1256.400024
08-12-2014,976.1571045,1256.400024,1297.5,1250.824951,1297.5,3232574,1257.425049
09-12-2014,976.9537964,1257.425049,1279.5,1254.550049,1258,2487940,1253.949951
10-12-2014,974.2540283,1253.949951,1265.949951,1248.099976,1257.5,2087970,1246.074951
11-12-2014,968.1351318,1246.074951,1261.449951,1243.5,1250.300049,1938822,1225.349976
12-12-2014,952.0327759,1225.349976,1260,1211.324951,1250,2380786,1179.324951
15-12-2014,916.2740479,1179.324951,1192.5,1176.125,1192.449951,3487788,1221.525024
16-12-2014,949.0609741,1221.525024,1229.625,1172.5,1175,3339140,1222.050049
17-12-2014,949.4689331,1222.050049,1235,1202.625,1226.699951,2287076,1230.349976
18-12-2014,955.9179688,1230.349976,1234.25,1217.400024,1227.550049,1481444,1255.275024
19-12-2014,975.2833252,1255.275024,1261.875,1234,1235.650024,1903130,1256.699951
22-12-2014,976.3904419,1256.699951,1264.5,1237.199951,1263,1643954,1258.349976
23-12-2014,977.6722412,1258.349976,1268.324951,1247.300049,1250,1266476,1239.949951
24-12-2014,963.376709,1239.949951,1260.425049,1232.824951,1257.5,3288972,1252.5
26-12-2014,973.1270142,1252.5,1255,1232.5,1243,626206,1261.449951
29-12-2014,980.0806274,1261.449951,1268.474976,1253.5,1254,778920,1265.025024
30-12-2014,982.8583984,1265.025024,1271.224976,1258,1262.5,701342,1279.125
31-12-2014,993.8131714,1279.125,1283.199951,1262.5,1266.349976,1573792,1272.775024
01-01-2015,988.8796997,1272.775024,1283.5,1270.5,1283.5,366830,1289.724976
02-01-2015,1002.049133,1289.724976,1295.474976,1275.300049,1275.5,925740,1270.125
05-01-2015,986.8204956,1270.125,1299.949951,1262.324951,1290.5,1754242,1223.300049
06-01-2015,950.4401855,1223.300049,1264.550049,1220,1264.550049,2423784,1208.849976
07-01-2015,939.2132568,1208.849976,1239.574951,1203.724976,1235,2636332,1221.900024
08-01-2015,949.3525391,1221.900024,1224.5,1210.275024,1221.199951,1565408,1256.150024
09-01-2015,975.9628296,1256.150024,1259.949951,1225,1227.5,3197642,1254.849976
12-01-2015,974.9530029,1254.849976,1264,1240.125,1258.5,1596006,1248.949951
13-01-2015,970.3687744,1248.949951,1265.199951,1240.050049,1260,1468432,1260.974976
14-01-2015,979.711792,1260.974976,1265.900024,1250.25,1258,1787096,1269.550049
15-01-2015,986.3739624,1269.550049,1290.875,1261.625,1266.5,5009920,1266.074951
16-01-2015,983.6741943,1266.074951,1272.5,1242.150024,1271.849976,5293830,1255.5
19-01-2015,975.4580078,1255.5,1275.5,1251.5,1268,1135074,1250.224976
20-01-2015,971.3595581,1250.224976,1265,1241.625,1260,2058566,1256.900024
21-01-2015,976.5455322,1256.900024,1261,1244.125,1261,2310480,1256.775024
22-01-2015,976.4484863,1256.775024,1260.625,1247.75,1258.25,2113214,1251.800049
23-01-2015,972.583374,1251.800049,1266.025024,1248.050049,1257,3150380,1251.025024
27-01-2015,973.9261475,1251.025024,1257.5,1244.775024,1256.175049,2738736,1269.800049
28-01-2015,988.5424194,1269.800049,1272.449951,1251.449951,1251.5,3121980,1272.324951
29-01-2015,990.5081787,1272.324951,1284.349976,1256.449951,1269,3734392,1241.025024
30-01-2015,966.1409302,1241.025024,1287.5,1235,1280.349976,5817402,1257.099976
02-02-2015,978.6558228,1257.099976,1260.724976,1231.025024,1241,3181802,1279.125
03-02-2015,995.8018799,1279.125,1282.5,1253.550049,1255.824951,2345054,1257.150024
04-02-2015,978.6946411,1257.150024,1285.849976,1251.050049,1284,2245418,1276.199951
05-02-2015,993.5247803,1276.199951,1295.849976,1259.5,1260,4530168,1287.875
06-02-2015,1002.61438,1287.875,1297.400024,1275.425049,1276.5,2136416,1256.449951
09-02-2015,978.1494751,1256.449951,1284.550049,1250,1280.75,2076432,1220.574951
10-02-2015,950.2209473,1220.574951,1263.125,1216.5,1255,3799054,1229.949951
11-02-2015,957.5189819,1229.949951,1243.625,1223.625,1227.525024,2937522,1231.074951
12-02-2015,958.3948364,1231.074951,1239.900024,1223.5,1239.900024,3107980,1269.375
13-02-2015,988.2113647,1269.375,1273.875,1230.125,1235,4158326,1292.400024
16-02-2015,1006.136719,1292.400024,1297.5,1277.5,1280,2364392,1317.824951
18-02-2015,1025.930054,1317.824951,1321.5,1282.625,1292.525024,2660014,1340.525024
19-02-2015,1043.601929,1340.525024,1343.650024,1317.5,1318,2618002,1337.775024
20-02-2015,1041.461182,1337.775024,1349.400024,1321.125,1349.400024,1801588,1348.324951
23-02-2015,1049.674072,1348.324951,1361,1335.5,1335.5,1614892,1352.375
24-02-2015,1052.827148,1352.375,1365,1339.5,1347,2199922,1336.099976
25-02-2015,1040.157227,1336.099976,1361,1333.925049,1355,1767994,1328.224976
26-02-2015,1034.026367,1328.224976,1346.375,1312.675049,1339.5,1991994,1331.175049
27-02-2015,1036.322998,1331.175049,1337.875,1308.150024,1329.724976,2877376,1334.699951
02-03-2015,1039.066772,1334.699951,1354.474976,1326.275024,1339.849976,2176038,1388
03-03-2015,1080.561646,1388,1395,1338.074951,1341,3424308,1373
04-03-2015,1068.884155,1373,1406.050049,1357.824951,1394,3862994,1348.224976
05-03-2015,1049.596191,1348.224976,1385.349976,1340.525024,1375,2173514,1323.400024
09-03-2015,1030.27002,1323.400024,1339.900024,1305,1320,2883174,1321.349976
10-03-2015,1028.674683,1321.349976,1339.125,1297.625,1324.449951,3037052,1303.275024
11-03-2015,1014.602783,1303.275024,1329.974976,1298.900024,1321,2240200,1309.525024
12-03-2015,1019.468872,1309.525024,1312.449951,1295.050049,1311.949951,1827636,1291.175049
13-03-2015,1005.182861,1291.175049,1319.974976,1287.5,1319,1586838,1281.150024
16-03-2015,997.378418,1281.150024,1305,1276,1292.599976,1556296,1291.849976
17-03-2015,1005.707825,1291.849976,1303.349976,1278.875,1291.25,1267318,1279.675049
18-03-2015,996.2301025,1279.675049,1299.724976,1275.849976,1295.474976,1255170,1298.125
19-03-2015,1010.593567,1298.125,1302.925049,1284.050049,1288,2448964,1305.474976
20-03-2015,1016.31543,1305.474976,1309,1289.425049,1298,1963908,1308.574951
23-03-2015,1018.728882,1308.574951,1315.5,1303,1308,1566608,1295.650024
24-03-2015,1008.666504,1295.650024,1318.5,1291.050049,1315,2394878,1286.875
25-03-2015,1001.835693,1286.875,1307,1272.599976,1295.699951,2224858,1256.550049
26-03-2015,978.227417,1256.550049,1293.349976,1250.5,1276.650024,3091642,1257.400024
27-03-2015,978.888916,1257.400024,1285.949951,1252.050049,1265.5,2751776,1282.074951
30-03-2015,998.0987549,1282.074951,1284.949951,1260,1262.5,1339006,1276.974976
31-03-2015,994.1281128,1276.974976,1284.724976,1260.5,1284.724976,2427028,1271.324951
01-04-2015,989.7298584,1271.324951,1281.800049,1261.125,1279,2075758,1273.650024
06-04-2015,991.5396729,1273.650024,1281.449951,1250.050049,1279,1568542,1292.5
07-04-2015,1006.2146,1292.5,1299.5,1272,1281.224976,1886922,1320.699951
08-04-2015,1028.168335,1320.699951,1328.25,1295.425049,1297,1652134,1332.275024
09-04-2015,1037.179321,1332.275024,1343.724976,1317.574951,1329.5,2544450,1326.875
10-04-2015,1032.975708,1326.875,1335.400024,1314,1324.25,1815544,1327.75
13-04-2015,1033.656738,1327.75,1332.5,1314,1332,1308642,1313.875
15-04-2015,1022.855103,1313.875,1356.949951,1304.699951,1327.349976,2913934,1291.400024
16-04-2015,1005.358337,1291.400024,1313.5,1285.675049,1313.474976,3217570,1237.425049
17-04-2015,963.338623,1237.425049,1280,1235,1278.550049,9668742,1214.400024
20-04-2015,945.4134521,1214.400024,1241.949951,1212.425049,1240.025024,2890722,1213.525024
21-04-2015,944.7321777,1213.525024,1226,1200.5,1214.400024,2546032,1222.550049
22-04-2015,951.7580566,1222.550049,1236.5,1203.775024,1215.75,4186812,1228.625
23-04-2015,956.4874878,1228.625,1239.900024,1215.849976,1236,4342990,1246.525024
24-04-2015,970.4226685,1246.525024,1257,1223.775024,1227.650024,3625158,1250.099976
27-04-2015,973.2058716,1250.099976,1260,1243,1249.75,2733052,1247.5
28-04-2015,971.1818848,1247.5,1255,1227.550049,1255,3088298,1243.650024
29-04-2015,968.1845703,1243.650024,1247.5,1225.525024,1242,2019620,1231.849976
30-04-2015,958.998291,1231.849976,1245,1213.550049,1240,3738054,1240.775024
04-05-2015,965.9466553,1240.775024,1252.400024,1228.599976,1245.5,1890630,1258.925049
05-05-2015,980.0762329,1258.925049,1268.224976,1250,1250.5,3255070,1231.525024
06-05-2015,958.7453613,1231.525024,1257.5,1227.900024,1257.5,3394406,1272.625
07-05-2015,990.7416992,1272.625,1276.875,1226.849976,1232.449951,3205028,1263.625
08-05-2015,983.7354126,1263.625,1294,1258.150024,1280,3003664,1278
11-05-2015,994.9260864,1278,1281.525024,1262.5,1267.5,2573082,1261.449951
12-05-2015,982.0419922,1261.449951,1282.5,1256.5,1280,2467386,1257.699951
13-05-2015,979.1224976,1257.699951,1273.5,1240.224976,1273.5,1863774,1249.625
14-05-2015,972.8361206,1249.625,1260,1242.5,1260,1309050,1255.574951
15-05-2015,977.4680786,1255.574951,1266.199951,1250.5,1257.5,1461454,1260.199951
18-05-2015,981.0687866,1260.199951,1262.625,1248.550049,1257.050049,4507752,1256.349976
19-05-2015,978.0715942,1256.349976,1265,1248.375,1259.699951,1957722,1278.525024
20-05-2015,995.335144,1278.525024,1284.949951,1258.449951,1260,1897814,1277.75
21-05-2015,994.7315063,1277.75,1290,1274.074951,1278.5,1579578,1308.949951
22-05-2015,1019.020813,1308.949951,1314.375,1269.625,1275,2691632,1300.5
25-05-2015,1012.442566,1300.5,1318.449951,1292.849976,1310,982978,1304.425049
26-05-2015,1015.498535,1304.425049,1311.625,1294.449951,1302.5,1961740,1307.625
27-05-2015,1017.989502,1307.625,1316.574951,1296,1304,1620690,1304.75
28-05-2015,1015.75116,1304.75,1311.5,1291.125,1301.949951,2763608,1305.150024
29-05-2015,1016.062195,1305.150024,1324.300049,1298.625,1308.5,4423532,1308.875
01-06-2015,1018.962158,1308.875,1323.550049,1304.175049,1304.724976,882264,1299.949951
02-06-2015,1012.014587,1299.949951,1315,1295.25,1308,3935820,1305.449951
03-06-2015,1016.296143,1305.449951,1312.800049,1295.25,1302,1804684,1302.824951
04-06-2015,1014.252502,1302.824951,1311.400024,1294.25,1308.550049,4131468,1287.925049
05-06-2015,1011.973938,1287.925049,1304.5,1285,1296,2308534,1288.724976
08-06-2015,1012.602356,1288.724976,1295,1280.824951,1295,1570320,1280.824951
09-06-2015,1006.394958,1280.824951,1295,1275.5,1292.5,2578914,1300.375
10-06-2015,1021.756165,1300.375,1305,1281.900024,1283,2763350,1285.650024
11-06-2015,1010.186462,1285.650024,1306.5,1278.375,1302.75,1847336,1252.900024
12-06-2015,984.4532471,1252.900024,1294.474976,1238.400024,1285.949951,2571456,1252.400024
15-06-2015,984.06073,1252.400024,1260.224976,1240.5,1252.650024,2525176,1256
16-06-2015,986.8891602,1256,1259.650024,1247.224976,1250,1267396,1256.900024
17-06-2015,987.5961304,1256.900024,1264.574951,1250.900024,1260.5,1975720,1265.025024
18-06-2015,993.9806519,1265.025024,1273.150024,1254,1257.5,2165046,1274.775024
19-06-2015,1001.641541,1274.775024,1277.5,1263.550049,1267.5,1999610,1295.75
22-06-2015,1018.122559,1295.75,1300,1273.5,1273.5,1102002,1287.300049
23-06-2015,1011.483032,1287.300049,1304,1283.599976,1300,898318,1285.150024
24-06-2015,1009.793518,1285.150024,1293.949951,1279.425049,1290,1170246,1275
25-06-2015,1001.818054,1275,1286.5,1272.074951,1281,1930992,1296.400024
26-06-2015,1018.632751,1296.400024,1298.175049,1275.099976,1275.099976,1290102,1296.449951
29-06-2015,1018.672424,1296.449951,1302,1271.699951,1286,1372756,1275.474976
30-06-2015,1002.191223,1275.474976,1294.375,1270,1292.5,1549952,1296.550049
01-07-2015,1018.750793,1296.550049,1304,1278.375,1281.949951,1279708,1288.875
02-07-2015,1012.720154,1288.875,1301.474976,1285.525024,1300,1445880,1301.949951
03-07-2015,1022.993896,1301.949951,1305,1285,1286.525024,963470,1316.650024
06-07-2015,1034.544312,1316.650024,1322.5,1290.150024,1290.150024,1182338,1308.125
07-07-2015,1027.845703,1308.125,1323.449951,1301.5,1316.375,1642836,1297.550049
08-07-2015,1019.536621,1297.550049,1310.849976,1290.25,1298.974976,2667850,1261.25
09-07-2015,991.0143433,1261.25,1299.125,1253.324951,1297.5,3934122,1237.175049
10-07-2015,972.0975952,1237.175049,1279.5,1227.5,1279.5,8263654,1254.775024
13-07-2015,985.9263916,1254.775024,1259.300049,1237.699951,1237.699951,2280308,1249.75
14-07-2015,981.9786377,1249.75,1257.5,1245,1255.5,1703274,1272.875
15-07-2015,1000.148499,1272.875,1274.974976,1250,1250.5,2003660,1270.099976
16-07-2015,997.9682007,1270.099976,1279.425049,1263.300049,1271.849976,1456608,1282.199951
17-07-2015,1007.475586,1282.199951,1285.050049,1271.650024,1273.400024,1070526,1289.574951
20-07-2015,1015.447815,1289.574951,1291.949951,1275.949951,1282,853786,1280.699951
21-07-2015,1008.4599,1280.699951,1300.175049,1277.550049,1288,1274500,1264.025024
22-07-2015,995.3296509,1264.025024,1284.5,1260.525024,1280.5,1320628,1244.300049
23-07-2015,979.7973633,1244.300049,1268.925049,1241.5,1258.75,1496780,1252.574951
24-07-2015,986.3135986,1252.574951,1258.25,1246.050049,1248.75,1574972,1248.525024
27-07-2015,983.1245117,1248.525024,1252.5,1240.574951,1244,2003738,1251.025024
28-07-2015,985.0928345,1251.025024,1259.5,1246.074951,1249.75,1891188,1253.375
29-07-2015,986.9433594,1253.375,1257.525024,1241.75,1255.5,2413318,1240.324951
30-07-2015,976.6676025,1240.324951,1258.400024,1236.400024,1258.025024,2770574,1255.375
31-07-2015,988.5181274,1255.375,1259.5,1243.5,1244.949951,1963776,1254.800049
03-08-2015,988.0657959,1254.800049,1262.5,1250.449951,1251.699951,1179324,1254.449951
04-08-2015,987.789978,1254.449951,1261.5,1243,1255.199951,2342692,1273.574951
05-08-2015,1002.849548,1273.574951,1275,1255.5,1260,988994,1286.650024
06-08-2015,1013.144958,1286.650024,1291.5,1275.050049,1282.5,2211366,1276.025024
07-08-2015,1004.778442,1276.025024,1286.5,1273.5,1286.5,1188506,1286.050049
10-08-2015,1012.672607,1286.050049,1294.5,1278.300049,1286,1431182,1302.099976
11-08-2015,1025.310913,1302.099976,1305,1271.050049,1289,2200306,1335.849976
12-08-2015,1051.886719,1335.849976,1345.699951,1301,1301.550049,3479784,1317.800049
13-08-2015,1037.67334,1317.800049,1342,1278,1335,1406426,1351.599976
14-08-2015,1064.288452,1351.599976,1359.675049,1318.550049,1319,2293964,1342.375
17-08-2015,1057.024658,1342.375,1348.400024,1327.5,1345.050049,773644,1370.449951
18-08-2015,1079.131104,1370.449951,1374.949951,1345,1353.449951,1916926,1366.800049
19-08-2015,1076.257813,1366.800049,1376.425049,1360.949951,1375,1690070,1343.425049
20-08-2015,1057.851563,1343.425049,1372.5,1336,1372.5,2349298,1338.074951
21-08-2015,1053.63855,1338.074951,1364.949951,1327.550049,1356,3536080,1289.324951
24-08-2015,1015.25116,1289.324951,1322.5,1284.550049,1319.5,4692344,1283.574951
25-08-2015,1010.723877,1283.574951,1311,1267.75,1293.949951,3925800,1288.375
26-08-2015,1014.50354,1288.375,1319.5,1255.974976,1279.025024,3216158,1287.324951
27-08-2015,1013.676331,1287.324951,1307.449951,1272.900024,1307.449951,5264798,1285.425049
28-08-2015,1012.180237,1285.425049,1304.5,1278.849976,1304.5,2744152,1282.025024
31-08-2015,1009.503418,1282.025024,1295,1265.525024,1295,3692044,1268.699951
01-09-2015,999.010498,1268.699951,1305.599976,1265,1278,2987602,1295.900024
02-09-2015,1020.429016,1295.900024,1310.224976,1274,1279.849976,3765950,1302.800049
03-09-2015,1025.862183,1302.800049,1307.5,1288.125,1298.050049,2265074,1273.724976
04-09-2015,1002.967712,1273.724976,1307.449951,1269.574951,1305.699951,2426396,1269.875
07-09-2015,999.9360352,1269.875,1279.974976,1266.349976,1276.5,1759184,1270.150024
08-09-2015,1000.152649,1270.150024,1282.050049,1261.75,1272.5,1787746,1274.875
09-09-2015,1003.872864,1274.875,1287,1272,1281.474976,2045076,1272.699951
10-09-2015,1002.160278,1272.699951,1289.25,1263.5,1271,2665818,1276
11-09-2015,1004.758789,1276,1284.199951,1270.300049,1273.25,1592672,1275.824951
14-09-2015,1004.621155,1275.824951,1282.5,1271.5,1282.5,1589318,1268.625
15-09-2015,998.9515381,1268.625,1279.449951,1268,1275.824951,1379900,1275.175049
16-09-2015,1004.109619,1275.175049,1282.5,1270.525024,1277.5,1756816,1275.625
18-09-2015,1004.463684,1275.625,1293,1269.5,1282.5,2455294,1275.525024
21-09-2015,1004.384888,1275.525024,1278.550049,1266.599976,1275,1108840,1263.400024
22-09-2015,994.8374634,1263.400024,1286.199951,1245,1278.75,2081246,1266.324951
23-09-2015,997.1404419,1266.324951,1278.875,1256.300049,1267.150024,1228352,1290.199951
24-09-2015,1015.940369,1290.199951,1295,1264.949951,1267.75,2354254,1296.849976
28-09-2015,1021.177002,1296.849976,1309.5,1289.75,1297,2366812,1294.125
29-09-2015,1019.031372,1294.125,1317,1284.925049,1291.675049,3325952,1294.025024
30-09-2015,1018.952698,1294.025024,1321.849976,1285.474976,1321.849976,3368336,1322.300049
01-10-2015,1041.217041,1322.300049,1324.974976,1296.099976,1299.5,2834408,1355.824951
05-10-2015,1067.615234,1355.824951,1385,1326.349976,1326.349976,4807306,1350
06-10-2015,1063.028809,1350,1363,1342,1362.5,3979590,1326.974976
07-10-2015,1044.898315,1326.974976,1358.5,1323.474976,1346.974976,2065530,1316.900024
08-10-2015,1036.964722,1316.900024,1339.175049,1310,1335,2357550,1314.824951
09-10-2015,1035.330688,1314.824951,1325.300049,1304,1325.25,2249724,1296.300049
12-10-2015,1020.743774,1296.300049,1330.175049,1293.5,1327.5,2455912,1299.275024
13-10-2015,1023.086853,1299.275024,1306,1283.800049,1301.400024,6179712,1241.849976
14-10-2015,977.8682861,1241.849976,1274,1240,1274,8337128,1233.875
15-10-2015,971.588501,1233.875,1251.75,1232.5,1245,3215710,1236
16-10-2015,973.2616577,1236,1246,1235,1240.449951,2333828,1244.375
19-10-2015,979.8562012,1244.375,1247.474976,1227.925049,1245,3130642,1263.375
20-10-2015,994.8178711,1263.375,1265,1247.800049,1248.125,2695084,1265
21-10-2015,996.0974121,1265,1271,1261.125,1267.5,1929688,1268.574951
23-10-2015,1001.088501,1268.574951,1274,1263.650024,1274,2335398,1268.275024
26-10-2015,1000.851807,1268.275024,1274.5,1257.550049,1274.5,1414630,1265.550049
27-10-2015,998.7012939,1265.550049,1272.449951,1260.175049,1265.025024,1530420,1264.550049
28-10-2015,997.9118042,1264.550049,1266.775024,1255.025024,1255.025024,1255342,1247.675049
29-10-2015,984.5953979,1247.675049,1267.699951,1245.025024,1266.775024,3130316,1247.599976
30-10-2015,984.5360718,1247.599976,1255.949951,1242.5,1250,1516696,1258.675049
02-11-2015,993.276001,1258.675049,1261.400024,1243.775024,1250,1319294,1271.724976
03-11-2015,1003.574463,1271.724976,1273.900024,1259.25,1264,1364906,1266.900024
04-11-2015,999.7663574,1266.900024,1273.599976,1260,1272.5,991434,1241.324951
05-11-2015,979.5842896,1241.324951,1267.474976,1240,1265.400024,1596098,1252.875
06-11-2015,988.6990967,1252.875,1259.125,1241.724976,1246,908024,1235.675049
09-11-2015,975.1255493,1235.675049,1251.375,1234.300049,1247.5,2021556,1229.074951
10-11-2015,969.9173584,1229.074951,1238.5,1225,1236.474976,1361920,1198.699951
13-11-2015,945.9471436,1198.699951,1219.025024,1193.275024,1219.025024,2743232,1187.300049
16-11-2015,936.9511108,1187.300049,1195,1178,1195,2043528,1195.275024
17-11-2015,943.2443848,1195.275024,1199.224976,1187.5,1190.25,1985028,1175.724976
18-11-2015,927.8165894,1175.724976,1194.449951,1173,1194.449951,1520352,1181.275024
19-11-2015,932.1963501,1181.275024,1190.800049,1176,1182.675049,1866906,1199.175049
20-11-2015,946.3220215,1199.175049,1211.775024,1180.974976,1183.25,2012126,1195.525024
23-11-2015,943.4415283,1195.525024,1206.699951,1191.125,1202.650024,1088082,1183.974976
24-11-2015,934.3271484,1183.974976,1196.224976,1182.75,1190.025024,998640,1172.775024
26-11-2015,925.4885254,1172.775024,1191.199951,1168.925049,1188.949951,2915292,1176.675049
27-11-2015,928.5662231,1176.675049,1179.724976,1166.25,1174,1737206,1186.775024
30-11-2015,936.536438,1186.775024,1195.625,1175.074951,1182.5,4100048,1180.949951
01-12-2015,931.9396973,1180.949951,1189.025024,1178.525024,1181.449951,1721994,1182.599976
02-12-2015,933.2421265,1182.599976,1189.050049,1173.25,1189,1640296,1175.375
03-12-2015,927.5404663,1175.375,1186.5,1173.5,1180,2283358,1164.199951
04-12-2015,918.7216797,1164.199951,1173.650024,1160.550049,1170,1246092,1159.900024
07-12-2015,915.328186,1159.900024,1171.949951,1157.625,1166.099976,1382604,1164.5
08-12-2015,918.9584351,1164.5,1174.5,1158.650024,1159.699951,1139964,1183.824951
09-12-2015,934.2084961,1183.824951,1186.400024,1160,1168.949951,5282806,1192.275024
10-12-2015,940.8771973,1192.275024,1195.599976,1176,1184.5,1723988,1193
11-12-2015,941.4490356,1193,1195.974976,1181.625,1191.5,1652378,1189.224976
14-12-2015,938.4699707,1189.224976,1193.5,1165.300049,1167.599976,2718532,1187.925049
15-12-2015,937.4440308,1187.925049,1192.5,1181.525024,1189.224976,1135868,1204.199951
16-12-2015,950.2878418,1204.199951,1207.25,1192,1192,1435934,1219.875
17-12-2015,962.6569824,1219.875,1222.5,1196.675049,1207.5,1618844,1208.400024
18-12-2015,953.6017456,1208.400024,1217.099976,1200.324951,1210,3024970,1223.199951
21-12-2015,965.28125,1223.199951,1225,1203.425049,1209.974976,1610104,1202.525024
22-12-2015,948.9653931,1202.525024,1220,1200,1220,1560858,1212.900024
23-12-2015,957.1530151,1212.900024,1217.5,1205.275024,1207.5,849834,1217.125
24-12-2015,960.4872437,1217.125,1219.099976,1202,1210.5,843160,1231.349976
28-12-2015,971.7124023,1231.349976,1233.199951,1210.099976,1214,3704198,1227.900024
29-12-2015,968.9900513,1227.900024,1232.650024,1222.875,1229.175049,1708524,1209.150024
30-12-2015,954.1935425,1209.150024,1229.5,1206.150024,1226.525024,1605762,1218.425049
31-12-2015,961.5129395,1218.425049,1224.25,1203.75,1207.875,1240318,1208.199951
01-01-2016,953.4438477,1208.199951,1219.5,1206.125,1219.5,712262,1184.800049
04-01-2016,934.9782104,1184.800049,1207,1183.025024,1205.074951,1870184,1174.474976
05-01-2016,926.8300781,1174.474976,1193.300049,1170.5,1192.5,2678020,1190.800049
06-01-2016,939.7128906,1190.800049,1193.074951,1175.099976,1175.099976,2653228,1185.625
07-01-2016,935.6290894,1185.625,1191.449951,1180,1185,3199580,1198.800049
08-01-2016,946.026123,1198.800049,1203.675049,1186.25,1192.5,1907544,1181.175049
11-01-2016,932.1172485,1181.175049,1192,1174.425049,1191.25,2930228,1163.525024
12-01-2016,918.1887207,1163.525024,1182.5,1150.800049,1181.349976,3482594,1139.599976
13-01-2016,899.3085327,1139.599976,1163.5,1127.550049,1158.5,4746092,1139.400024
14-01-2016,899.1508179,1139.400024,1149.449951,1125,1136.5,2742052,1130.550049
15-01-2016,892.1669922,1130.550049,1145.849976,1127.5,1144.425049,3269408,1138.824951
18-01-2016,898.6968384,1138.824951,1145.949951,1130,1131,2213922,1139.650024
19-01-2016,899.3480225,1139.650024,1150,1134.150024,1138.5,967910,1140.050049
20-01-2016,899.6638794,1140.050049,1142.5,1121.5,1136.900024,1615954,1127.25
21-01-2016,891.7136841,1127.25,1144.949951,1122.875,1142.5,2675536,1147.875
22-01-2016,908.0292969,1147.875,1151.025024,1130,1136.5,1343178,1152.324951
25-01-2016,911.5492554,1152.324951,1169.5,1145.75,1150.949951,1397560,1159.875
27-01-2016,917.5217896,1159.875,1164.974976,1140.949951,1151,1626986,1165.599976
28-01-2016,922.0505371,1165.599976,1174.449951,1154.025024,1157.75,3106660,1195.650024
29-01-2016,945.8217773,1195.650024,1200,1167.525024,1179.349976,2235744,1201.349976
01-02-2016,950.3305664,1201.349976,1206.474976,1179.5,1195.550049,1495274,1199.050049
02-02-2016,948.5114136,1199.050049,1216.5,1189.849976,1204.5,1475588,1208.150024
03-02-2016,955.7099609,1208.150024,1214.949951,1180.150024,1193.75,1308692,1210.025024
04-02-2016,957.1929932,1210.025024,1220,1201,1210.949951,1250046,1210.974976
05-02-2016,957.9448853,1210.974976,1219.974976,1204.050049,1204.050049,1402996,1181.474976
08-02-2016,934.6085205,1181.474976,1206.025024,1173.5,1200,1063658,1140.699951
09-02-2016,902.3532715,1140.699951,1166.800049,1127.800049,1166.800049,2489610,1134.400024
10-02-2016,897.3696899,1134.400024,1144.949951,1129.050049,1137.5,1890732,1098.974976
11-02-2016,869.3464966,1098.974976,1144.5,1085.824951,1140,1962408,1113.300049
12-02-2016,880.6784668,1113.300049,1121.699951,1082,1100,2172568,1134.574951
15-02-2016,897.5083008,1134.574951,1153.425049,1120,1125,2479712,1132.775024
16-02-2016,896.0842896,1132.775024,1141,1121.5,1133,1588702,1137.775024
17-02-2016,900.0397339,1137.775024,1139.824951,1123.199951,1132.5,1585178,1157.925049
18-02-2016,915.979187,1157.925049,1159.875,1139,1142.5,1529140,1159.824951
19-02-2016,917.4821777,1159.824951,1163.5,1152.724976,1153.675049,879012,1157.949951
22-02-2016,915.9991455,1157.949951,1171.5,1152.5,1160.125,1324884,1132
23-02-2016,895.4713745,1132,1159.949951,1128.375,1155.125,1306852,1105.474976
24-02-2016,874.4885864,1105.474976,1131.224976,1100.599976,1131.224976,1659328,1106.425049
25-02-2016,875.2402344,1106.425049,1114,1092.824951,1109.900024,1830556,1105.25
26-02-2016,874.3106689,1105.25,1128.449951,1099.800049,1114.849976,1537536,1088.400024
29-02-2016,860.9814453,1088.400024,1118.5,1057.5,1118.5,2191718,1138.324951
01-03-2016,900.4745483,1138.324951,1142.550049,1081,1096.5,1999760,1159.425049
02-03-2016,917.1661987,1159.425049,1165,1128.125,1152.5,1527486,1186.574951
03-03-2016,938.6428223,1186.574951,1195.5,1150.5,1168,2648284,1178.775024
04-03-2016,932.4726563,1178.775024,1190,1174.775024,1190,1512966,1177.150024
08-03-2016,931.1872559,1177.150024,1183.5,1152.099976,1171.050049,1268152,1178.625
09-03-2016,932.3543701,1178.625,1184.699951,1147.574951,1170.5,2017784,1174.150024
10-03-2016,928.8140259,1174.150024,1179.925049,1157.474976,1178.025024,1661666,1182.625
11-03-2016,935.5181885,1182.625,1195.425049,1167.5,1170,1530528,1177.5
14-03-2016,931.4640503,1177.5,1199,1170,1181,1636742,1164.949951
15-03-2016,921.5361938,1164.949951,1181.75,1160.050049,1174.525024,1623356,1163.525024
16-03-2016,920.4091797,1163.525024,1166,1153.449951,1157.5,1918246,1176.025024
17-03-2016,930.2973022,1176.025024,1180.900024,1166,1167,2221088,1212.925049
18-03-2016,959.4870605,1212.925049,1215,1180,1180,3204070,1223.125
21-03-2016,967.555542,1223.125,1227.474976,1210,1213,2336982,1236.550049
22-03-2016,978.1757813,1236.550049,1242.5,1218.25,1221,1951984,1236.900024
23-03-2016,978.4528809,1236.900024,1243.949951,1228.650024,1243.949951,2278434,1236.699951
28-03-2016,978.2943726,1236.699951,1258.574951,1230.775024,1245.5,3320882,1234.699951
29-03-2016,976.7121582,1234.699951,1243.474976,1227.5,1239,1838796,1244.75
30-03-2016,984.6622314,1244.75,1252.5,1230,1235.449951,2136504,1260.150024
31-03-2016,996.8444824,1260.150024,1275,1236.074951,1239.150024,4363964,1226.949951
01-04-2016,970.581665,1226.949951,1260.425049,1217.050049,1252.5,3041400,1235.625
04-04-2016,977.4440918,1235.625,1244,1223.5,1228,1752352,1231.375
05-04-2016,974.0818481,1231.375,1242.449951,1221.025024,1235.400024,1491794,1240.949951
06-04-2016,981.65625,1240.949951,1244.5,1229.675049,1235,1763150,1235.400024
07-04-2016,977.2662964,1235.400024,1242.349976,1228.5,1240,2390942,1216.025024
08-04-2016,961.9390259,1216.025024,1236.849976,1213.5,1233,1399500,1253.324951
11-04-2016,991.4457397,1253.324951,1258.5,1206.5,1216.5,2400648,1259.074951
12-04-2016,995.9940186,1259.074951,1262.5,1244.050049,1249,1303628,1263.099976
13-04-2016,999.1781616,1263.099976,1272.5,1256.25,1265,1601468,1259.875
18-04-2016,996.6268921,1259.875,1276.75,1220,1226.5,7121504,1225.175049
20-04-2016,969.1776733,1225.175049,1267.449951,1220,1267.449951,6405024,1212.199951
21-04-2016,958.9135132,1212.199951,1233.699951,1206.099976,1225.5,2525724,1208.525024
22-04-2016,956.0067139,1208.525024,1217.699951,1202.099976,1209.5,1964126,1225.625
25-04-2016,969.5337524,1225.625,1228.525024,1201.150024,1201.150024,2267654,1244.900024
26-04-2016,984.7810059,1244.900024,1246.75,1221,1224.5,2554368,1255.550049
27-04-2016,993.2058105,1255.550049,1257.300049,1237.949951,1240,1848670,1263.875
28-04-2016,999.7914429,1263.875,1270,1249.050049,1250.650024,4992744,1267.75
29-04-2016,1002.856628,1267.75,1271,1255,1258.5,2372178,1263.349976
02-05-2016,999.3757324,1263.349976,1265,1250,1264.5,1116692,1239.050049
03-05-2016,980.1532593,1239.050049,1265,1236,1262.5,2153118,1239
04-05-2016,980.1136475,1239,1247.025024,1228.5,1236.949951,1364892,1235.150024
05-05-2016,977.0680542,1235.150024,1244.974976,1231.775024,1239,1246566,1236.699951
06-05-2016,978.2943726,1236.699951,1242.150024,1215.5,1232.5,885598,1256.275024
09-05-2016,993.7792969,1256.275024,1259,1228.199951,1236.699951,1821276,1261.449951
10-05-2016,997.8731079,1261.449951,1266.974976,1248,1257.5,1158534,1259.150024
11-05-2016,996.0535889,1259.150024,1262.800049,1245,1250,1598716,1283.099976
12-05-2016,1014.999512,1283.099976,1284.949951,1260.275024,1260.275024,1513082,1261.699951
13-05-2016,998.0704956,1261.699951,1283,1255.074951,1282.5,1621730,1275.574951
16-05-2016,1009.04657,1275.574951,1282.400024,1261.25,1269,1111526,1285.099976
17-05-2016,1016.580933,1285.099976,1295.625,1276,1282.099976,1756698,1275.550049
18-05-2016,1009.026733,1275.550049,1282.925049,1263.025024,1282.925049,1500740,1278.474976
19-05-2016,1011.340454,1278.474976,1280,1263.050049,1277.5,1038792,1264.650024
20-05-2016,1000.404236,1264.650024,1282.900024,1261.400024,1271.150024,1230918,1245.724976
23-05-2016,985.4334717,1245.724976,1272.949951,1240.099976,1272,1533016,1233.849976
24-05-2016,976.039917,1233.849976,1244.125,1229.800049,1242,1339158,1263.224976
25-05-2016,999.2773438,1263.224976,1266.474976,1240.5,1240.5,1548678,1274.349976
26-05-2016,1008.077515,1274.349976,1282.449951,1252.550049,1265,1943248,1286.324951
27-05-2016,1017.550415,1286.324951,1289.925049,1275.300049,1276.574951,1104676,1318.199951
30-05-2016,1042.765137,1318.199951,1320.974976,1291,1291.5,1349464,1284.699951
31-05-2016,1016.264893,1284.699951,1323.5,1281,1320,3722608,1316.775024
01-06-2016,1041.637939,1316.775024,1322.5,1285.5,1285.599976,1911942,1325.074951
02-06-2016,1048.203369,1325.074951,1327.150024,1300,1300,1408756,1314.775024
03-06-2016,1040.055908,1314.775024,1329,1310.25,1325.699951,1554922,1306.25
06-06-2016,1044.03186,1306.25,1319.5,1301.599976,1310.25,1322026,1315.574951
07-06-2016,1051.485352,1315.574951,1319.5,1306.5,1307,1202194,1306.550049
08-06-2016,1044.271606,1306.550049,1314.275024,1302.75,1308.625,938266,1288.625
09-06-2016,1029.945068,1288.625,1311.199951,1277.599976,1311.199951,1562138,1277.875
10-06-2016,1021.35321,1277.875,1301.625,1276.599976,1283,1396832,1273.5
13-06-2016,1017.856689,1273.5,1276.675049,1259,1270,1029978,1267.425049
14-06-2016,1013.000732,1267.425049,1279.474976,1259.125,1279.474976,977570,1278.425049
15-06-2016,1021.792664,1278.425049,1282.449951,1261,1265,1270844,1279.150024
16-06-2016,1022.371948,1279.150024,1282.349976,1258.224976,1272.775024,1145070,1301.300049
17-06-2016,1040.075928,1301.300049,1305,1279.5,1279.5,1878988,1329.650024
20-06-2016,1062.734985,1329.650024,1334,1295.900024,1301.300049,1872838,1325.599976
21-06-2016,1059.497803,1325.599976,1332.5,1320.699951,1331.75,1027690,1333.824951
22-06-2016,1066.071899,1333.824951,1338.849976,1315.875,1325,1761712,1322.675049
23-06-2016,1057.160034,1322.675049,1329.75,1312.650024,1327.5,1397014,1286.974976
24-06-2016,1028.626343,1286.974976,1296.599976,1257.074951,1282.574951,3766586,1247.925049
27-06-2016,997.4152832,1247.925049,1273.5,1241.324951,1273.5,4272566,1231.974976
28-06-2016,984.6671753,1231.974976,1251.449951,1229.199951,1247.925049,4499524,1251.449951
29-06-2016,1000.232605,1251.449951,1256.25,1232.650024,1237.5,2531264,1276.550049
30-06-2016,1020.29425,1276.550049,1281.449951,1250.175049,1261,5121812,1250.425049
01-07-2016,999.4134521,1250.425049,1282.300049,1247.175049,1281,2197296,1247.099976
04-07-2016,996.7557983,1247.099976,1262.925049,1241,1258,1883484,1242.650024
05-07-2016,993.1992188,1242.650024,1248.525024,1238.574951,1247.099976,1559748,1214.900024
07-07-2016,971.0199585,1214.900024,1245.925049,1212.5,1243.849976,3316800,1213.300049
08-07-2016,969.7408447,1213.300049,1221.025024,1201.75,1217.5,2456356,1232.074951
11-07-2016,984.7471313,1232.074951,1235.900024,1213.5,1215,1543632,1232.474976
12-07-2016,985.0668945,1232.474976,1237.5,1217.925049,1235.849976,1465536,1246.550049
13-07-2016,996.3161621,1246.550049,1249.625,1225.625,1239,2102300,1260.949951
14-07-2016,1007.825562,1260.949951,1264.5,1235.5,1243,2699988,1222.675049
15-07-2016,977.2341309,1222.675049,1263.900024,1213.275024,1258.5,8336366,1216.724976
18-07-2016,972.4789429,1216.724976,1234.5,1215.300049,1223.5,2598850,1233.099976
19-07-2016,985.5665283,1233.099976,1236.400024,1213.75,1213.75,2362896,1247.474976
20-07-2016,997.0559692,1247.474976,1251.25,1224.074951,1225,2815252,1253.025024
21-07-2016,1001.491577,1253.025024,1259.75,1232.224976,1244.75,2527148,1257.550049
22-07-2016,1005.108398,1257.550049,1262,1246,1249.449951,1517216,1279.474976
25-07-2016,1025.281738,1279.474976,1281.599976,1252.900024,1256,1688796,1276.300049
26-07-2016,1022.737305,1276.300049,1284,1266.5,1279.474976,2311290,1288.775024
27-07-2016,1032.734253,1288.775024,1290.199951,1272.5,1277.5,1750510,1309.625
28-07-2016,1049.441528,1309.625,1314.775024,1288.525024,1290.25,4632080,1309.650024
29-07-2016,1049.461548,1309.650024,1317.449951,1299.5,1307,2488084,1354.125
01-08-2016,1085.100708,1354.125,1362.5,1316,1316,3961704,1349.599976
02-08-2016,1081.474976,1349.599976,1357.849976,1344.900024,1351.449951,2578162,1328.150024
03-08-2016,1064.286377,1328.150024,1349.5,1324.525024,1343,2294702,1326
04-08-2016,1062.563599,1326,1341.474976,1318.125,1335,1415416,1324.550049
05-08-2016,1061.401733,1324.550049,1342.150024,1316,1336.949951,1868484,1324.75
08-08-2016,1061.562256,1324.75,1334,1314.525024,1320,2058244,1325.099976
09-08-2016,1061.842407,1325.099976,1329.900024,1289.425049,1329,2261914,1337.699951
10-08-2016,1071.939331,1337.699951,1341,1324,1325.5,2062078,1354.949951
11-08-2016,1085.762085,1354.949951,1357.5,1332.775024,1332.775024,2233138,1369.224976
12-08-2016,1097.201172,1369.224976,1372.400024,1351.025024,1352.5,2327358,1345.849976
16-08-2016,1078.470215,1345.849976,1370,1336.925049,1369,3183754,1312.275024
17-08-2016,1051.565552,1312.275024,1349.5,1309,1349.5,1848566,1319.275024
18-08-2016,1057.174316,1319.275024,1328.775024,1315.050049,1317.5,1292064,1301.75
19-08-2016,1043.131226,1301.75,1323.224976,1300,1320,2416244,1274.349976
22-08-2016,1021.174744,1274.349976,1297.224976,1268.150024,1294,2265274,1300.525024
23-08-2016,1042.149292,1300.525024,1302.474976,1270.099976,1272.474976,1503374,1286.025024
24-08-2016,1030.530396,1286.025024,1301,1284.525024,1294.900024,1116878,1275.525024
25-08-2016,1022.116333,1275.525024,1294.849976,1263,1290,1939690,1262.474976
26-08-2016,1011.659058,1262.474976,1286.275024,1258.599976,1279.900024,1250314,1250.275024
29-08-2016,1001.882568,1250.275024,1267.474976,1233.375,1267.474976,1488728,1272.074951
30-08-2016,1019.352051,1272.074951,1274.900024,1250.625,1255,1444026,1255.650024
31-08-2016,1006.190002,1255.650024,1275,1250.425049,1275,3231668,1253.75
01-09-2016,1004.667358,1253.75,1267.474976,1243.525024,1262.449951,1345736,1257.400024
02-09-2016,1007.592163,1257.400024,1259.699951,1248.025024,1256,1742330,1242.025024
06-09-2016,995.2722168,1242.025024,1260.074951,1240,1259.949951,2239066,1220.275024
07-09-2016,977.8434448,1220.275024,1249.849976,1211.5,1249.849976,3854040,1161.050049
08-09-2016,930.3841553,1161.050049,1180,1142.375,1180,7021516,1176.224976
09-09-2016,942.5442505,1176.224976,1183.324951,1160.025024,1164.849976,2742438,1179.525024
12-09-2016,945.1888428,1179.525024,1181.974976,1162,1168.5,2024454,1164.224976
14-09-2016,932.9282837,1164.224976,1188.800049,1155,1181,2069858,1163.474976
15-09-2016,932.3276367,1163.474976,1171.050049,1158.375,1169.974976,2818964,1180.849976
16-09-2016,946.2504883,1180.849976,1188,1160,1168.349976,4358004,1205.724976
19-09-2016,966.1838989,1205.724976,1213.5,1175,1182.5,2802546,1203.25
20-09-2016,964.2001343,1203.25,1208.449951,1192.699951,1205.5,1184552,1206.699951
21-09-2016,966.9650269,1206.699951,1212,1200.349976,1203.849976,1678020,1189
22-09-2016,952.7814331,1189,1214,1185.550049,1212.625,2857574,1199.050049
23-09-2016,960.8346558,1199.050049,1201.925049,1185.574951,1191,1800726,1200.550049
26-09-2016,962.0368652,1200.550049,1209.550049,1197.5,1200.550049,1753476,1218.050049
27-09-2016,976.0602417,1218.050049,1224,1200.550049,1200.550049,2038792,1211.525024
28-09-2016,970.8312988,1211.525024,1218.75,1207.599976,1215.5,1731328,1218.900024
29-09-2016,976.7410889,1218.900024,1228.25,1209.800049,1217.5,3603958,1215.400024
30-09-2016,973.9364624,1215.400024,1224.900024,1211.550049,1218.525024,2175364,1205.849976
03-10-2016,966.2835083,1205.849976,1228.824951,1200.550049,1225,1818880,1202.574951
04-10-2016,963.6594849,1202.574951,1212.525024,1199,1210,1780718,1193.175049
05-10-2016,956.1271973,1193.175049,1207.699951,1188.050049,1204,1176354,1194.375
06-10-2016,957.088623,1194.375,1201.199951,1186.375,1197.5,2267572,1183.900024
07-10-2016,948.6949463,1183.900024,1194,1179.099976,1194,1816512,1190.150024
10-10-2016,953.7027588,1190.150024,1193.449951,1177.525024,1184.949951,1202142,1164.449951
13-10-2016,933.1087036,1164.449951,1184.949951,1160.449951,1181.650024,5173334,1183.099976
14-10-2016,948.0537109,1183.099976,1193.5,1145.5,1157.5,7741214,1181.224976
17-10-2016,946.5510864,1181.224976,1187.900024,1172.199951,1184.449951,2728346,1200.099976
18-10-2016,961.6761475,1200.099976,1207.849976,1177.400024,1188,2128632,1197.550049
19-10-2016,959.6331177,1197.550049,1205,1185.150024,1200.5,1985058,1200.574951
20-10-2016,962.0570068,1200.574951,1204.675049,1193,1198.449951,1265854,1214.324951
21-10-2016,973.0750732,1214.324951,1215.949951,1199.125,1200,1259660,1213.849976
24-10-2016,975.3046875,1213.849976,1217.449951,1201.275024,1214.099976,1253190,1199.224976
25-10-2016,963.5536499,1199.224976,1207.300049,1190.5,1202.5,1772466,1198.125
26-10-2016,962.6698608,1198.125,1201.375,1186.25,1199.300049,1437130,1209.050049
27-10-2016,971.447937,1209.050049,1214.75,1182.75,1189.849976,2941602,1199.349976
28-10-2016,963.65448,1199.349976,1207.550049,1194,1205,1752102,1175
01-11-2016,944.0892944,1175,1199.849976,1167.074951,1199.849976,2934776,1152.025024
02-11-2016,925.6296997,1152.025024,1172,1147.5,1170.5,2325076,1159.724976
03-11-2016,931.81604,1159.724976,1167.5,1142.25,1147,1463310,1165.275024
04-11-2016,936.2758179,1165.275024,1168.074951,1147,1160,1183752,1138.525024
07-11-2016,914.7825928,1138.525024,1172.449951,1130.025024,1168.949951,2048052,1141.599976
08-11-2016,917.2531128,1141.599976,1153.5,1130,1140.224976,1933634,1084.925049
09-11-2016,871.7162476,1084.925049,1137.5,1071.425049,1090,4500226,1077.724976
10-11-2016,865.9310913,1077.724976,1108.75,1070.400024,1102.400024,2172426,1050.574951
11-11-2016,844.116394,1050.574951,1073.525024,1043.099976,1073.525024,2398424,1060.650024
15-11-2016,852.2113647,1060.650024,1078.775024,1025.949951,1058.449951,6290324,1094.800049
16-11-2016,879.6506958,1094.800049,1104.449951,1069,1072.550049,4019958,1068.599976
17-11-2016,858.5990601,1068.599976,1104.300049,1065.074951,1092.5,2504688,1062.550049
18-11-2016,853.7383423,1062.550049,1075,1052.099976,1071,2140534,1066.449951
21-11-2016,856.871521,1066.449951,1070,1052.5,1063.099976,1793366,1067.5
22-11-2016,857.715271,1067.5,1088.724976,1061.025024,1066,1318860,1078.175049
23-11-2016,866.2926025,1078.175049,1081.474976,1063.599976,1074.5,1275808,1094.224976
24-11-2016,879.1885986,1094.224976,1103.800049,1068.5,1077.449951,3026234,1150.175049
25-11-2016,924.1428833,1150.175049,1153.625,1096.099976,1106,4276148,1141.300049
28-11-2016,917.012146,1141.300049,1159.724976,1125.949951,1147,1924296,1129.925049
29-11-2016,907.8725586,1129.925049,1146,1126.275024,1137.5,1442296,1138.025024
30-11-2016,914.3808594,1138.025024,1147.375,1121.150024,1132.5,3445832,1131.724976
01-12-2016,909.3188477,1131.724976,1145,1127.025024,1138.5,1123052,1110.925049
02-12-2016,892.6065063,1110.925049,1135.400024,1102.599976,1129,1998032,1093
05-12-2016,878.2042236,1093,1118.925049,1085,1114.5,2249526,1091.175049
06-12-2016,876.7375488,1091.175049,1101.974976,1084.949951,1095,1593444,1077.275024
07-12-2016,865.569458,1077.275024,1092.224976,1072.824951,1091.099976,2065706,1097.875
08-12-2016,882.1210327,1097.875,1099.5,1080,1080.25,3239546,1097.625
09-12-2016,881.920166,1097.625,1109.949951,1086.650024,1102.5,1588718,1104.099976
12-12-2016,887.1226807,1104.099976,1108.800049,1081.5,1097.400024,1311758,1100.150024
13-12-2016,883.9490967,1100.150024,1109,1091.5,1109,2147534,1103.800049
14-12-2016,886.8815918,1103.800049,1112.349976,1094.5,1107,1870366,1129.650024
15-12-2016,907.6518555,1129.650024,1136.050049,1101,1101,4295410,1141.324951
16-12-2016,917.0322266,1141.324951,1145,1126,1138.5,1987230,1144.449951
19-12-2016,919.5432739,1144.449951,1148.849976,1130.650024,1140,1334210,1169.650024
20-12-2016,939.7907715,1169.650024,1172.5,1143.525024,1146,2922760,1156.800049
21-12-2016,929.4663696,1156.800049,1171.900024,1152.800049,1171.900024,2034902,1153.849976
22-12-2016,927.0960083,1153.849976,1162.5,1143.099976,1153,1868300,1144.050049
23-12-2016,919.2218018,1144.050049,1158.875,1139.400024,1150,1118954,1146.550049
26-12-2016,921.2304077,1146.550049,1150.800049,1133,1133,897408,1161.699951
27-12-2016,933.4033203,1161.699951,1165,1140.75,1140.75,1294692,1156.699951
28-12-2016,929.3860474,1156.699951,1174.949951,1151.574951,1163.349976,1350418,1175.849976
29-12-2016,944.772522,1175.849976,1179.949951,1151.5,1151.5,1963516,1182.775024
30-12-2016,950.3365479,1182.775024,1189.300049,1172.824951,1177.449951,1405748,1180.675049
02-01-2017,948.6494141,1180.675049,1187.550049,1176.199951,1183.300049,823132,1184.125
03-01-2017,951.4213257,1184.125,1185.849976,1171.650024,1180.625,1475324,1189.75
04-01-2017,955.940918,1189.75,1194.425049,1179.150024,1184.849976,1420066,1167.199951
05-01-2017,937.8220215,1167.199951,1194.974976,1160.199951,1192,2216404,1140.699951
06-01-2017,916.5300293,1140.699951,1164.675049,1128.550049,1160.5,3009896,1151.849976
09-01-2017,925.4889526,1151.849976,1155.650024,1128.5,1137.5,1854578,1157.675049
10-01-2017,930.1692505,1157.675049,1164.900024,1145.75,1152,1533914,1162.199951
11-01-2017,933.8051147,1162.199951,1164.800049,1140.099976,1157.5,1931296,1172.175049
12-01-2017,941.8195801,1172.175049,1180,1152,1162.199951,2570374,1124.650024
13-01-2017,903.6340332,1124.650024,1178.974976,1118.925049,1174,10235580,1129.275024
16-01-2017,907.3502197,1129.275024,1136.949951,1114,1125,3364808,1139.375
17-01-2017,915.4653931,1139.375,1143.900024,1126.400024,1127.449951,3009956,1147.550049
18-01-2017,922.0339355,1147.550049,1149,1132.724976,1139,3136574,1145.5
19-01-2017,920.3867798,1145.5,1147.574951,1141.474976,1147.5,2251676,1142.675049
20-01-2017,918.1172485,1142.675049,1150,1132.5,1143.5,2037246,1153.349976
23-01-2017,929.3374634,1153.349976,1156.75,1129.900024,1132.5,2318546,1159.175049
24-01-2017,934.0310669,1159.175049,1161.5,1145,1152,2282638,1176.5
25-01-2017,947.991333,1176.5,1180,1159.025024,1161.300049,4111648,1178.900024
27-01-2017,949.9250488,1178.900024,1189.375,1172.525024,1172.525024,2871658,1166.449951
30-01-2017,939.8931274,1166.449951,1175.974976,1159.074951,1170.5,2577956,1114.900024
31-01-2017,898.3555298,1114.900024,1166.025024,1100.025024,1160,4666804,1083.949951
01-02-2017,873.4169922,1083.949951,1119.974976,1077.775024,1110,4864152,1103.824951
02-02-2017,889.4313965,1103.824951,1109.5,1076.5,1085.025024,6009482,1116.275024
03-02-2017,899.463562,1116.275024,1121.5,1095.5,1104.849976,2153372,1120.375
06-02-2017,902.7669678,1120.375,1129.25,1107.474976,1129,2408910,1122.300049
07-02-2017,904.3181763,1122.300049,1126.300049,1113,1122,1814638,1135.474976
08-02-2017,914.9342651,1135.474976,1141.300049,1122.025024,1122.449951,2212584,1158.650024
09-02-2017,933.6080322,1158.650024,1164,1135.099976,1137.5,4033202,1198.974976
10-02-2017,966.1008911,1198.974976,1212.224976,1155.5,1155.5,5782160,1207.125
13-02-2017,972.6674194,1207.125,1214.5,1191.175049,1198,3819812,1203.125
14-02-2017,969.444519,1203.125,1209.824951,1199,1209.824951,2033328,1206.849976
15-02-2017,972.4460449,1206.849976,1214,1187.550049,1198.5,1924972,1223.875
16-02-2017,986.1644897,1223.875,1239,1217.800049,1230,4175680,1203.949951
17-02-2017,970.109314,1203.949951,1237.800049,1201,1236,2723324,1251.099976
20-02-2017,1008.101746,1251.099976,1277.5,1204.050049,1212.5,3973948,1232.675049
21-02-2017,993.2554321,1232.675049,1262.949951,1227.574951,1257,5501112,1205.75
22-02-2017,971.5599365,1205.75,1235,1200.074951,1232.949951,4505496,1240.900024
23-02-2017,999.8828125,1240.900024,1246.625,1207.5,1207.5,4853352,1244.925049
27-02-2017,1003.125977,1244.925049,1251,1235.025024,1239.550049,2139892,1233.125
28-02-2017,993.6182251,1233.125,1245,1225,1244.75,2354828,1239.775024
01-03-2017,998.9758301,1239.775024,1250.949951,1235,1239.949951,1130374,1250.724976
02-03-2017,1007.7995,1250.724976,1255,1235.025024,1243.349976,1544942,1247.025024
03-03-2017,1004.818054,1247.025024,1249.849976,1237.699951,1246,1013970,1236.25
06-03-2017,996.1358643,1236.25,1242,1227.275024,1240,1400694,1249.900024
07-03-2017,1007.134705,1249.900024,1252.5,1237.525024,1241.449951,1511672,1256.099976
08-03-2017,1012.130371,1256.099976,1260,1246.099976,1251,1791510,1259.875
09-03-2017,1015.172302,1259.875,1262,1252.025024,1257.074951,858468,1271.125
10-03-2017,1024.237183,1271.125,1274.775024,1256.974976,1259.800049,1171420,1283.75
14-03-2017,1034.410034,1283.75,1293.574951,1275.525024,1278.400024,3402294,1249.150024
15-03-2017,1006.530334,1249.150024,1286.074951,1246.925049,1286,3022496,1260.449951
16-03-2017,1015.635376,1260.449951,1263.5,1253,1253,1571818,1262.875
17-03-2017,1017.589539,1262.875,1273,1254.875,1273,2593152,1240
20-03-2017,999.1573486,1240,1262.974976,1233,1262.974976,3487540,1243.349976
21-03-2017,1001.857117,1243.349976,1246,1232.5,1241,3373700,1239.474976
22-03-2017,998.7345581,1239.474976,1248,1234.974976,1240.074951,1888716,1230.175049
23-03-2017,991.2407227,1230.175049,1242.525024,1223.599976,1241,2620638,1213.599976
24-03-2017,977.8851318,1213.599976,1234.900024,1211.650024,1234.900024,5099814,1206.025024
27-03-2017,971.781189,1206.025024,1220,1203,1213.474976,2181270,1214.974976
28-03-2017,978.9932861,1214.974976,1221.699951,1205,1205,1153158,1222.300049
29-03-2017,984.8953857,1222.300049,1225.400024,1212.800049,1218,1717764,1220.5
30-03-2017,983.4448242,1220.5,1232.5,1217.5,1222.449951,2986086,1215.900024
31-03-2017,979.7385254,1215.900024,1220.425049,1207.5,1219.199951,1867044,1205.849976
03-04-2017,971.6401978,1205.849976,1217.5,1204.099976,1217.5,1196888,1200.625
05-04-2017,967.4300537,1200.625,1209.949951,1197.5,1209.949951,2905568,1200.025024
06-04-2017,966.9469604,1200.025024,1205,1196.275024,1200,1720704,1214.525024
07-04-2017,978.6305542,1214.525024,1216.625,1196.074951,1197.449951,2277012,1211.125
10-04-2017,975.8909302,1211.125,1224.5,1202.5,1216,2543264,1209.650024
11-04-2017,974.7026367,1209.650024,1221.550049,1203,1208.650024,1557784,1196.625
12-04-2017,964.2071533,1196.625,1214,1191.5,1211.25,1050538,1164.324951
13-04-2017,938.180542,1164.324951,1204.5,1160.525024,1200,2500472,1157.425049
17-04-2017,932.6206665,1157.425049,1166.449951,1147.574951,1165.199951,2270882,1154.400024
18-04-2017,930.1837158,1154.400024,1167.099976,1151.025024,1165,1730620,1149.574951
19-04-2017,926.2955933,1149.574951,1174.349976,1126.400024,1131.75,5626812,1162.75
20-04-2017,936.9116821,1162.75,1166,1145.474976,1152.650024,1268842,1155.400024
21-04-2017,930.9891968,1155.400024,1167.824951,1150.5,1164.550049,1161154,1164.050049
24-04-2017,937.9591064,1164.050049,1169.824951,1141.25,1150,2000020,1155.75
25-04-2017,931.2713623,1155.75,1172.224976,1151.349976,1164,3148710,1155.175049
26-04-2017,930.8078003,1155.175049,1171.974976,1151.525024,1170,2187438,1151.324951
27-04-2017,927.7056885,1151.324951,1163.900024,1138.824951,1153.025024,5773186,1136.574951
28-04-2017,915.8202515,1136.574951,1149.375,1134,1147,2540510,1144.949951
02-05-2017,922.5689087,1144.949951,1151,1140,1147,2382696,1168.650024
03-05-2017,941.6657715,1168.650024,1172.5,1134.25,1147.5,3514406,1165.050049
04-05-2017,938.7648315,1165.050049,1175,1154.400024,1174.974976,2708208,1160.25
05-05-2017,934.8970337,1160.25,1166.25,1151.25,1154,1682474,1171.224976
08-05-2017,943.7406616,1171.224976,1173.699951,1158.849976,1160.5,1071782,1176.275024
09-05-2017,947.8100586,1176.275024,1180.5,1166.275024,1171.974976,1790270,1166.224976
10-05-2017,939.7114868,1166.224976,1178.074951,1158,1177.5,1206388,1174.724976
11-05-2017,946.5606689,1174.724976,1180,1161.375,1173.650024,2071302,1180.324951
12-05-2017,951.0732422,1180.324951,1184.949951,1160.025024,1171.650024,2314446,1182.550049
15-05-2017,952.8662109,1182.550049,1188.974976,1170.800049,1187.550049,1817604,1214.574951
16-05-2017,978.6707153,1214.574951,1217.5,1186.724976,1190,3601026,1227.675049
17-05-2017,989.2264404,1227.675049,1230.375,1211.5,1216.75,2876198,1268.099976
18-05-2017,1021.799927,1268.099976,1286,1221.125,1225,5138594,1253.574951
19-05-2017,1010.095825,1253.574951,1270.275024,1243,1268.099976,1786044,1265.675049
22-05-2017,1019.845886,1265.675049,1276.875,1255,1255,1663940,1260.849976
23-05-2017,1015.958008,1260.849976,1282.074951,1257,1266.599976,2748596,1279.574951
24-05-2017,1031.046265,1279.574951,1285,1264.824951,1267.400024,2534548,1312.300049
25-05-2017,1057.414917,1312.300049,1318.775024,1284,1288.5,4094094,1289.125
26-05-2017,1038.741333,1289.125,1313.425049,1282.324951,1312.5,1362550,1286.425049
29-05-2017,1036.56543,1286.425049,1298.25,1282,1289.5,1749290,1275.550049
30-05-2017,1027.802979,1275.550049,1287.974976,1262.5,1280,927634,1273.300049
31-05-2017,1025.989868,1273.300049,1286.25,1264,1266.5,2502730,1276.800049
01-06-2017,1028.810181,1276.800049,1282,1265,1265,1080064,1282.449951
02-06-2017,1033.362305,1282.449951,1295.925049,1276.25,1278.125,1355648,1301.974976
05-06-2017,1049.095215,1301.974976,1309.949951,1280.074951,1282.5,1500188,1348
06-06-2017,1086.18103,1348,1354.474976,1315,1315.5,5946720,1307.625
07-06-2017,1053.647949,1307.625,1350,1288.275024,1348.5,4927776,1260.800049
08-06-2017,1015.91748,1260.800049,1302.474976,1257.75,1299,3330714,1253.5
09-06-2017,1010.0354,1253.5,1273.699951,1243,1260,3148034,1243.599976
12-06-2017,1002.058167,1243.599976,1256.449951,1235.199951,1248.5,1626506,1225.775024
13-06-2017,998.7382202,1225.775024,1240.550049,1223.5,1232.5,1175414,1235.099976
14-06-2017,1006.335815,1235.099976,1238,1227.5,1227.5,1489142,1205.599976
15-06-2017,982.2998047,1205.599976,1234.849976,1202.5,1234.5,2997198,1199.849976
16-06-2017,977.6149902,1199.849976,1217.5,1193.25,1207.474976,2450426,1215.849976
19-06-2017,990.6515503,1215.849976,1223.175049,1202.574951,1208.449951,1644742,1222.5
20-06-2017,996.0691528,1222.5,1224.5,1190.150024,1215.5,1670958,1203.150024
21-06-2017,980.3036499,1203.150024,1221.074951,1198.599976,1220,1657818,1197.425049
22-06-2017,975.6390381,1197.425049,1215.5,1192.5,1204.5,5775882,1180.849976
23-06-2017,962.1339111,1180.849976,1206.974976,1177,1199.699951,1424756,1171.425049
27-06-2017,954.4545288,1171.425049,1192.349976,1165.800049,1175.300049,1974330,1175.025024
28-06-2017,957.3882446,1175.025024,1179,1167.5,1174.949951,1789726,1166.625
29-06-2017,950.5437622,1166.625,1186.025024,1161.550049,1179.5,2471826,1181.175049
30-06-2017,962.3989868,1181.175049,1188.5,1161.550049,1162.199951,1753848,1186.800049
03-07-2017,966.9821777,1186.800049,1191.525024,1171.550049,1178.699951,1475956,1183.425049
04-07-2017,964.2322998,1183.425049,1190.224976,1175.025024,1186.650024,1215134,1178
05-07-2017,959.8118896,1178,1182.5,1172.5,1180.400024,815856,1173.775024
06-07-2017,956.3693237,1173.775024,1180.949951,1170.050049,1179.5,1026788,1165.974976
07-07-2017,950.0140991,1165.974976,1178.224976,1162.75,1175,1232090,1217.474976
10-07-2017,991.9755249,1217.474976,1222.449951,1189.474976,1203,783608,1237.900024
11-07-2017,1008.617126,1237.900024,1257.400024,1213,1213,3537504,1219.724976
12-07-2017,993.8085327,1219.724976,1241.650024,1215.050049,1241.25,2646450,1223.199951
13-07-2017,996.6400146,1223.199951,1236,1213.300049,1222.5,3131960,1198.724976
14-07-2017,976.6982422,1198.724976,1212.5,1187.5,1191.5,4508432,1197.724976
17-07-2017,975.8833008,1197.724976,1211.050049,1191.099976,1198.849976,2211822,1204.175049
18-07-2017,981.138855,1204.175049,1221.5,1198.074951,1198.074951,1908002,1224.800049
19-07-2017,997.9439697,1224.800049,1230,1207.550049,1207.75,3915576,1222.349976
20-07-2017,995.9476929,1222.349976,1228.449951,1215.25,1224.625,1182504,1245.599976
21-07-2017,1014.891113,1245.599976,1250,1217.275024,1217.449951,2148416,1265.349976
24-07-2017,1033.887817,1265.349976,1270,1241,1241,2271402,1285.75
25-07-2017,1050.556396,1285.75,1290,1259.199951,1262.875,2678832,1278
26-07-2017,1044.224121,1278,1287.5,1273.5,1280,1459826,1240.849976
27-07-2017,1013.869446,1240.849976,1292.400024,1233.25,1271.099976,4255304,1242.150024
28-07-2017,1014.932007,1242.150024,1246.525024,1221,1240.5,1382752,1245.900024
31-07-2017,1017.995789,1245.900024,1259.5,1231.5,1235.5,2019662,1250.824951
01-08-2017,1022.02002,1250.824951,1260.375,1245.5,1250,1747460,1236.900024
02-08-2017,1010.641968,1236.900024,1254,1231,1250,1251024,1244.724976
03-08-2017,1017.035706,1244.724976,1251,1233.224976,1240,1882548,1261.400024
04-08-2017,1030.660645,1261.400024,1264.150024,1244,1245.400024,1387890,1251.724976
07-08-2017,1022.755371,1251.724976,1260,1240.599976,1258.25,1885520,1251.525024
08-08-2017,1022.591919,1251.525024,1264.300049,1248.150024,1256,1073958,1256
09-08-2017,1026.248413,1256,1261.425049,1246.650024,1250,992946,1255.724976
10-08-2017,1026.023926,1255.724976,1260.300049,1243.175049,1254.5,1526172,1248.025024
11-08-2017,1019.7323,1248.025024,1267.5,1241.5,1249.949951,1394736,1234.699951
14-08-2017,1008.844482,1234.699951,1254.949951,1231.5,1251.5,786504,1246.175049
16-08-2017,1018.220703,1246.175049,1271.900024,1232.599976,1242,1373340,1242.824951
17-08-2017,1015.483459,1242.824951,1252.5,1231.050049,1250.349976,1752374,1256.900024
18-08-2017,1026.983643,1256.900024,1274.949951,1235.699951,1237,2837356,1264.400024
21-08-2017,1033.112183,1264.400024,1274.5,1247.150024,1252.75,2304834,1248.775024
22-08-2017,1020.345154,1248.775024,1269.75,1246,1261.5,1131326,1244.724976
23-08-2017,1017.035706,1244.724976,1258.400024,1236.574951,1252.5,1562272,1248.300049
24-08-2017,1019.957153,1248.300049,1258.974976,1243.074951,1248.849976,1623908,1243.650024
28-08-2017,1016.157715,1243.650024,1252.699951,1230.5,1252.300049,2036796,1235.425049
29-08-2017,1009.437012,1235.425049,1248,1231.974976,1241,1312602,1242.275024
30-08-2017,1015.034119,1242.275024,1245,1230.050049,1240.5,970782,1248.175049
31-08-2017,1019.85498,1248.175049,1252.199951,1233.324951,1242.5,1784664,1228.224976
01-09-2017,1003.554321,1228.224976,1249.025024,1218.275024,1240,1702330,1228.099976
04-09-2017,1003.452087,1228.099976,1230.5,1219,1226.550049,1062544,1242.175049
05-09-2017,1014.952393,1242.175049,1245,1218.525024,1230,1165994,1226.599976
06-09-2017,1002.226379,1226.599976,1237.425049,1225,1234.074951,1228764,1230.050049
07-09-2017,1005.045776,1230.050049,1234.199951,1225.525024,1229,870636,1235.300049
08-09-2017,1009.335266,1235.300049,1237,1226.275024,1226.875,1021134,1227.224976
11-09-2017,1002.736877,1227.224976,1241.474976,1225,1235.599976,732764,1244.224976
12-09-2017,1016.627319,1244.224976,1248.5,1228.5,1236.949951,1396460,1244.599976
13-09-2017,1016.933838,1244.599976,1265.824951,1237.599976,1250,1278980,1243.474976
14-09-2017,1016.014465,1243.474976,1248.800049,1235.949951,1241,1081510,1253.025024
15-09-2017,1023.817871,1253.025024,1258.5,1242.5,1249.5,2944072,1249.525024
18-09-2017,1020.957764,1249.525024,1259.474976,1244.625,1252.474976,726600,1249.125
19-09-2017,1020.630798,1249.125,1252.5,1245.75,1252.5,782754,1246.775024
20-09-2017,1018.710815,1246.775024,1257,1237.150024,1257,1334642,1262.449951
21-09-2017,1031.518433,1262.449951,1270.5,1240,1245.525024,2438740,1251.800049
22-09-2017,1022.816711,1251.800049,1263.449951,1246,1259.949951,2435396,1255.375
25-09-2017,1025.738525,1255.375,1267,1246.375,1248.275024,1599558,1237.324951
26-09-2017,1010.98938,1237.324951,1263.199951,1233,1255,1449230,1247.5
27-09-2017,1019.303162,1247.5,1256.099976,1236.875,1245,2010356,1238.224976
28-09-2017,1011.724792,1238.224976,1257,1226,1247.349976,4332866,1217.974976
29-09-2017,995.1791382,1217.974976,1242,1210.75,1239.5,1985014,1224.224976
03-10-2017,1000.286011,1224.224976,1227.150024,1213.525024,1220,1923006,1221.150024
04-10-2017,997.7736206,1221.150024,1227,1212.5,1224.800049,1300778,1214.800049
05-10-2017,992.5848999,1214.800049,1221.724976,1212.199951,1220.5,1684686,1223.324951
06-10-2017,999.5504761,1223.324951,1227.5,1214.025024,1215,1389188,1227.050049
09-10-2017,1002.593689,1227.050049,1233.974976,1220.525024,1220.525024,1773616,1229.625
10-10-2017,1004.698059,1229.625,1234.974976,1225.625,1227.5,1222010,1250.175049
11-10-2017,1021.489075,1250.175049,1257.224976,1228.375,1230,1527746,1274.099976
12-10-2017,1041.037598,1274.099976,1277.5,1253.5,1256.5,5006356,1279.300049
13-10-2017,1045.286865,1279.300049,1304.474976,1261.5,1274.099976,4066320,1292.199951
16-10-2017,1055.82666,1292.199951,1295,1277.525024,1277.525024,1218590,1297.275024
17-10-2017,1059.973511,1297.275024,1307.474976,1288.775024,1292.5,1443016,1293.300049
18-10-2017,1056.725464,1293.300049,1306.824951,1290,1297.5,1514144,1291.949951
19-10-2017,1055.622437,1291.949951,1297.900024,1285.5,1296,86822,1293.949951
23-10-2017,1057.256714,1293.949951,1314.5,1273.724976,1292,1886088,1289.199951
24-10-2017,1053.375366,1289.199951,1310.449951,1284.525024,1310,1339020,1279.949951
25-10-2017,1048.664429,1279.949951,1307,1277.5,1289.25,1105106,1269.425049
26-10-2017,1040.041748,1269.425049,1284.574951,1258.949951,1267.550049,3007552,1292.150024
27-10-2017,1058.660034,1292.150024,1296.574951,1265.150024,1269,1409270,1308.099976
30-10-2017,1071.727661,1308.099976,1310,1290.849976,1293,1137252,1312
31-10-2017,1074.922974,1312,1320,1300.650024,1300.650024,1592634,1301.425049
01-11-2017,1066.259155,1301.425049,1313.425049,1289.425049,1312,741882,1313.074951
02-11-2017,1075.804077,1313.074951,1337,1303.375,1304.25,1468422,1310.050049
03-11-2017,1073.325439,1310.050049,1318.349976,1301.400024,1316.199951,666886,1332.775024
06-11-2017,1091.94397,1332.775024,1335.900024,1305.875,1310,1377000,1355.025024
07-11-2017,1110.173584,1355.025024,1384,1333.025024,1335,2696892,1367.5
08-11-2017,1120.394409,1367.5,1379.5,1359.125,1361.5,1402252,1368.199951
09-11-2017,1120.967773,1368.199951,1375,1359.650024,1375,1152432,1354.375
10-11-2017,1109.640869,1354.375,1363,1346.675049,1361.099976,1356566,1379.474976
13-11-2017,1130.205322,1379.474976,1388.699951,1351.025024,1351.025024,1496996,1357.300049
14-11-2017,1112.037476,1357.300049,1378.275024,1353.75,1378.275024,1657252,1352.650024
15-11-2017,1108.227783,1352.650024,1377.5,1350.675049,1353,6670834,1373.324951
16-11-2017,1125.166626,1373.324951,1381.5,1343.474976,1355,1653482,1353.650024
17-11-2017,1109.046631,1353.650024,1374.050049,1351.800049,1374.050049,1325464,1351.724976
20-11-2017,1107.469727,1351.724976,1363.449951,1347.650024,1357.5,1014498,1336.474976
21-11-2017,1094.975464,1336.474976,1350.5,1333,1350.5,1527740,1340.324951
22-11-2017,1098.129883,1340.324951,1354.849976,1336.199951,1336.5,1822624,1340.625
23-11-2017,1098.375366,1340.625,1346.5,1334.5,1340.5,793470,1344.025024
24-11-2017,1101.161255,1344.025024,1351.449951,1336.550049,1341,2287512,1342.925049
27-11-2017,1100.259766,1342.925049,1347.949951,1331.099976,1344,1856786,1342.650024
28-11-2017,1100.034668,1342.650024,1351.199951,1335,1343,911716,1329.074951
29-11-2017,1088.912598,1329.074951,1346.5,1325,1338.75,1447532,1318.5
30-11-2017,1080.248413,1318.5,1333.474976,1311.5,1326.824951,4299962,1314.974976
01-12-2017,1077.360596,1314.974976,1334,1310.75,1317.5,1031144,1316.175049
04-12-2017,1078.34375,1316.175049,1329.25,1301.474976,1311,1259104,1317.775024
05-12-2017,1079.654541,1317.775024,1325.849976,1314.074951,1315.5,1167914,1316.650024
06-12-2017,1078.73291,1316.650024,1322.5,1306.425049,1318,1407518,1308.625
07-12-2017,1072.157837,1308.625,1322.974976,1307.5,1316.150024,1326300,1300.75
08-12-2017,1065.705933,1300.75,1322.5,1298.5,1309,1385548,1330.550049
11-12-2017,1090.121216,1330.550049,1336.324951,1304.175049,1304.175049,1008002,1306.074951
12-12-2017,1070.068726,1306.074951,1331,1303.699951,1330.5,1882246,1314.199951
13-12-2017,1076.72522,1314.199951,1325.724976,1300.5,1305.699951,2961458,1278.900024
14-12-2017,1047.804443,1278.900024,1316,1265.550049,1316,5504150,1272.800049
15-12-2017,1042.806396,1272.800049,1292.224976,1268.425049,1281.875,2718138,1290.25
18-12-2017,1057.103027,1290.25,1294.474976,1247.175049,1268.5,2180664,1287.650024
19-12-2017,1054.973145,1287.650024,1298.900024,1282.349976,1288,1801952,1294.474976
20-12-2017,1060.565063,1294.474976,1296.375,1275.324951,1291,1577570,1297.849976
21-12-2017,1063.330078,1297.849976,1304,1290.025024,1293.5,1293648,1323.375
22-12-2017,1084.243042,1323.375,1331.949951,1295.099976,1302,3665664,1324.724976
26-12-2017,1085.348633,1324.724976,1344.875,1315.800049,1343,2175786,1309.949951
27-12-2017,1073.243164,1309.949951,1329.25,1305.25,1324.724976,739284,1313.474976
28-12-2017,1076.131348,1313.474976,1326.75,1302.824951,1304.400024,2605088,1350.599976
29-12-2017,1106.547852,1350.599976,1354.449951,1309.275024,1311.550049,2609542,1322.800049
01-01-2018,1083.771729,1322.800049,1347.400024,1317.5,1341.150024,1351760,1315.599976
02-01-2018,1077.872559,1315.599976,1334.800049,1310.099976,1330,1920290,1319.324951
03-01-2018,1080.924927,1319.324951,1334.5,1315.599976,1316,1257120,1328.550049
04-01-2018,1088.482544,1328.550049,1331,1320,1325,913082,1344.599976
05-01-2018,1101.632202,1344.599976,1349.75,1325,1325,1153706,1357.199951
08-01-2018,1111.955322,1357.199951,1363.425049,1340.925049,1350,1242220,1354.5
09-01-2018,1109.743042,1354.5,1360.5,1338.275024,1357.5,2149396,1403.300049
10-01-2018,1149.725342,1403.300049,1408,1347.324951,1355.5,3365850,1395.25
11-01-2018,1143.130005,1395.25,1410.949951,1391.099976,1405,2520744,1388.175049
12-01-2018,1137.333252,1388.175049,1402.5,1370.275024,1402.5,3360314,1373.050049
15-01-2018,1124.941528,1373.050049,1404,1367.525024,1388.574951,1457214,1425.425049
16-01-2018,1167.852295,1425.425049,1430.824951,1375.275024,1378,4267752,1444.474976
17-01-2018,1183.459839,1444.474976,1462.5,1431.074951,1435,4280806,1459.099976
18-01-2018,1195.442017,1459.099976,1466.5,1434.025024,1448.5,2209478,1479.650024
19-01-2018,1212.278687,1479.650024,1491,1451.824951,1465.275024,1820000,1558.199951
22-01-2018,1279.661865,1558.199951,1567.349976,1461,1480.5,4367110,1551
23-01-2018,1273.749023,1551,1571.175049,1545.025024,1557.474976,3239610,1587.300049
24-01-2018,1303.559937,1587.300049,1629.525024,1541.324951,1545,5621538,1560.525024
25-01-2018,1281.571045,1560.525024,1589.900024,1540.5,1587.5,3833844,1599.425049
29-01-2018,1313.517822,1599.425049,1612.5,1561,1565.699951,3141060,1576.425049
30-01-2018,1294.62915,1576.425049,1601.900024,1571.849976,1590,1574758,1556.175049
31-01-2018,1277.999146,1556.175049,1575,1549.300049,1568.5,3043214,1569.300049
01-02-2018,1288.77771,1569.300049,1595,1544.400024,1562,2400630,1576.824951
02-02-2018,1294.95752,1576.824951,1595,1551.724976,1560,2456490,1551.599976
05-02-2018,1274.241577,1551.599976,1594,1538.425049,1555,2757742,1498.625
06-02-2018,1230.736328,1498.625,1538.574951,1492.5,1505,2657306,1477.525024
07-02-2018,1213.408203,1477.525024,1515.5,1473.724976,1513.5,2180324,1487.099976
08-02-2018,1221.271729,1487.099976,1513.800049,1479.5,1489.875,2755004,1485.849976
09-02-2018,1220.244629,1485.849976,1497,1448.324951,1475,2102458,1483.650024
12-02-2018,1218.43811,1483.650024,1511.675049,1477.775024,1489.150024,1974562,1455.900024
14-02-2018,1195.64856,1455.900024,1487.224976,1446.25,1485,2847532,1462.925049
15-02-2018,1201.417847,1462.925049,1471.5,1452.550049,1465.974976,2465236,1466.525024
16-02-2018,1204.374146,1466.525024,1499.800049,1461.5,1461.5,2515756,1461.800049
19-02-2018,1200.493652,1461.800049,1476.650024,1447.599976,1472.5,1568224,1472.375
20-02-2018,1209.178467,1472.375,1492.525024,1463.949951,1464,1889068,1521.150024
21-02-2018,1249.234985,1521.150024,1531.300049,1480.025024,1487,3089228,1525.099976
22-02-2018,1252.478882,1525.099976,1539.5,1511.25,1526,3463010,1537.900024
23-02-2018,1262.990601,1537.900024,1544.5,1496.050049,1525,3362500,1515.849976
26-02-2018,1244.882324,1515.849976,1544.974976,1510.599976,1537.5,1363882,1521.175049
27-02-2018,1249.255493,1521.175049,1539.275024,1516,1520.5,1717800,1517.525024
28-02-2018,1246.258057,1517.525024,1531.974976,1510.724976,1517.5,2706864,1518.849976
01-03-2018,1247.345947,1518.849976,1530.599976,1510,1524.5,1718124,1552.925049
05-03-2018,1275.329712,1552.925049,1556.824951,1516.474976,1524.5,2858168,1521.400024
06-03-2018,1249.440308,1521.400024,1563.5,1515.074951,1561,1906764,1513.724976
07-03-2018,1243.137085,1513.724976,1544.5,1509.25,1535,1917772,1501.974976
08-03-2018,1233.487427,1501.974976,1527.449951,1493.75,1527.449951,1951826,1517.050049
09-03-2018,1245.867798,1517.050049,1531.599976,1488.599976,1502.5,1872436,1526.074951
12-03-2018,1253.279907,1526.074951,1541.949951,1517.75,1521.5,2091340,1443.400024
13-03-2018,1185.383301,1443.400024,1469.849976,1436,1462.449951,88067154,1443.449951
14-03-2018,1185.424316,1443.449951,1461.525024,1437.525024,1446.474976,3668668,1434.849976
15-03-2018,1178.36145,1434.849976,1451.275024,1427.800049,1447.5,2348906,1412.849976
16-03-2018,1160.294189,1412.849976,1436,1402.5,1434.400024,7197482,1415.5
19-03-2018,1162.470215,1415.5,1424,1410,1414.5,3489940,1432.425049
20-03-2018,1176.370117,1432.425049,1436.599976,1409.5,1410,4024984,1428.375
21-03-2018,1173.044067,1428.375,1442.150024,1425,1436.25,3907678,1415.675049
22-03-2018,1162.614136,1415.675049,1437.974976,1411.275024,1429.974976,2326094,1409.074951
23-03-2018,1157.19397,1409.074951,1417.050049,1399.025024,1401,3654122,1408.5
26-03-2018,1156.721436,1408.5,1413.699951,1390.775024,1409.5,2964210,1423.849976
27-03-2018,1169.327637,1423.849976,1431.5,1411.525024,1412.5,2494574,1424.574951
28-03-2018,1169.922974,1424.574951,1437.5,1412.5,1417.949951,6865654,1454.824951
02-04-2018,1194.765991,1454.824951,1457,1420,1420,1662988,1455.625
03-04-2018,1195.422729,1455.625,1464.949951,1446.050049,1446.050049,1937290,1455.449951
04-04-2018,1195.279297,1455.449951,1467,1446,1464.724976,2841820,1478.974976
05-04-2018,1214.598755,1478.974976,1481.875,1460.175049,1463.275024,1809424,1475.150024
06-04-2018,1211.457397,1475.150024,1480,1463.275024,1477,1129018,1461.949951
09-04-2018,1200.617065,1461.949951,1481.75,1457.5,1469.849976,1235866,1468.800049
10-04-2018,1206.242798,1468.800049,1478.625,1462.849976,1462.849976,1184532,1507.074951
11-04-2018,1237.675903,1507.074951,1512.5,1472.800049,1475.300049,3124416,1569.625
12-04-2018,1289.0448,1569.625,1575,1503.974976,1505,6114360,1576.650024
13-04-2018,1294.813843,1576.650024,1620.400024,1566.050049,1575,8179118,1593.824951
16-04-2018,1308.918335,1593.824951,1599.974976,1555.375,1558,6270274,1583.300049
17-04-2018,1300.274902,1583.300049,1597.474976,1573.599976,1593.824951,3301724,1579.550049
18-04-2018,1297.195557,1579.550049,1596.724976,1572.925049,1583,2433066,1595.574951
19-04-2018,1310.355713,1595.574951,1608.599976,1582.875,1589.949951,4820952,1701.224976
20-04-2018,1397.119873,1701.224976,1711.175049,1620,1625,18465662,1704.324951
23-04-2018,1399.666382,1704.324951,1778.949951,1694.775024,1712,15185910,1692.824951
24-04-2018,1390.221924,1692.824951,1721.574951,1671.25,1705,8314336,1735.125
25-04-2018,1424.960327,1735.125,1741.5,1682.525024,1692.5,8196574,1769.625
26-04-2018,1453.293213,1769.625,1780,1733.5,1733.5,12135034,1725.974976
27-04-2018,1417.446045,1725.974976,1772,1710,1762.5,4501330,1766.050049
30-04-2018,1450.357422,1766.050049,1774.5,1718.800049,1725.974976,3458558,1749.875
02-05-2018,1437.073975,1749.875,1766.099976,1735.650024,1765.25,3158046,1740.925049
03-05-2018,1429.723511,1740.925049,1763,1735.199951,1754.900024,3761550,1740.375
04-05-2018,1429.271606,1740.375,1748.5,1735,1746,2347244,1710.474976
07-05-2018,1404.716797,1710.474976,1745,1705.449951,1745,3484426,1720.599976
08-05-2018,1413.032104,1720.599976,1743.25,1698.349976,1717.349976,2992820,1744.650024
09-05-2018,1432.782959,1744.650024,1747.375,1720.099976,1720.099976,2615050,1725.625
10-05-2018,1417.158691,1725.625,1755.574951,1720.099976,1751.474976,3858678,1728.474976
11-05-2018,1419.499146,1728.474976,1742.5,1721.25,1727.099976,2627876,1716.775024
14-05-2018,1409.890869,1716.775024,1735.5,1705.400024,1728.5,2433894,1741.199951
15-05-2018,1429.949097,1741.199951,1747.900024,1716.849976,1725,1952890,1746.949951
16-05-2018,1434.671753,1746.949951,1754.5,1737.625,1739.974976,1648450,1745.900024
17-05-2018,1433.809448,1745.900024,1766.574951,1738,1756.474976,2968048,1751.025024
18-05-2018,1438.018311,1751.025024,1758.849976,1729,1740.400024,1874996,1778.375
21-05-2018,1460.479248,1778.375,1796,1759.025024,1764.349976,3446178,1754.449951
22-05-2018,1440.830933,1754.449951,1787.474976,1746.849976,1779,1857416,1747.550049
23-05-2018,1435.164673,1747.550049,1772.5,1740.5,1762.5,1507298,1801.849976
24-05-2018,1479.757813,1801.849976,1807.5,1751.175049,1755,2962316,1792.900024
25-05-2018,1472.407837,1792.900024,1837.400024,1786.275024,1812.5,3769772,1751.025024
28-05-2018,1438.018311,1751.025024,1808.25,1743,1808.25,3716798,1761.75
29-05-2018,1446.826172,1761.75,1772,1744,1764.949951,3525312,1757.050049
30-05-2018,1442.966309,1757.050049,1766.5,1741.25,1754.525024,3779106,1741.050049
31-05-2018,1441.724487,1741.050049,1759.050049,1726.099976,1734,5049371,1732.449951
01-06-2018,1434.602417,1732.449951,1757.5,1716.300049,1754,1603856,1744.25
04-06-2018,1444.373901,1744.25,1749,1712.599976,1745,1681483,1721.599976
05-06-2018,1425.618042,1721.599976,1751.900024,1711.150024,1744,2449568,1725.75
06-06-2018,1429.054443,1725.75,1734.900024,1715.199951,1723,2236512,1735.550049
07-06-2018,1437.169678,1735.550049,1749,1723.800049,1725,2414762,1747.099976
08-06-2018,1446.733765,1747.099976,1757.300049,1735,1735,2582138,1749.699951
11-06-2018,1448.886719,1749.699951,1763,1743,1747.099976,2179378,1781
12-06-2018,1474.805542,1781,1785,1753,1757,4608875,1824.099976
13-06-2018,1510.49585,1824.099976,1831.650024,1798,1816,5370983,1787.550049
14-06-2018,1480.229492,1787.550049,1832.300049,1784,1830,3819998,1840.050049
15-06-2018,1523.703735,1840.050049,1847.099976,1788.599976,1800,9183574,1829
18-06-2018,1514.553711,1829,1867.949951,1822.150024,1867.949951,4674987,1824.5
19-06-2018,1510.827026,1824.5,1839,1821,1822.150024,3245034,1822.449951
20-06-2018,1509.129517,1822.449951,1836.300049,1818.599976,1832,3107695,1819.349976
21-06-2018,1506.562622,1819.349976,1832,1817.599976,1832,2910659,1809.800049
22-06-2018,1498.654541,1809.800049,1827,1799.550049,1827,2949458,1819.25
25-06-2018,1506.479736,1819.25,1822.349976,1806,1811.900024,2083217,1852
26-06-2018,1533.599365,1852,1861,1821,1823,4679712,1858
27-06-2018,1538.567505,1858,1885.150024,1851.25,1860,4081208,1842.699951
28-06-2018,1525.898193,1842.699951,1871,1826.300049,1865,4888125,1847.75
29-06-2018,1530.0802,1847.75,1867.400024,1842.300049,1844.900024,3506276,1851.349976
02-07-2018,1533.061279,1851.349976,1857.800049,1841.099976,1852,2650290,1874.050049
03-07-2018,1551.858398,1874.050049,1879.900024,1857.050049,1859.949951,3242233,1866.150024
04-07-2018,1545.316895,1866.150024,1879.900024,1857.150024,1879.900024,2700614,1880.300049
05-07-2018,1557.033691,1880.300049,1887.5,1862.099976,1873,2472571,1912.949951
06-07-2018,1584.070313,1912.949951,1921,1881.650024,1882.849976,3713781,1883
09-07-2018,1559.269897,1883,1924.400024,1876.5,1924,6151747,1875.099976
10-07-2018,1552.728027,1875.099976,1898.900024,1870.75,1898,5303302,1979.900024
11-07-2018,1639.510132,1979.900024,1998,1894.150024,1900,22903802,1971.349976
12-07-2018,1632.430054,1971.349976,1990.900024,1960.5,1984,6921701,1981.099976
13-07-2018,1640.503784,1981.099976,1997.900024,1974,1975,4148185,1989.199951
16-07-2018,1647.211182,1989.199951,1996,1977.449951,1990,2582159,2002.150024
17-07-2018,1661.275757,2002.150024,2009,1981,1989,3315492,2000.25
18-07-2018,1659.699219,2000.25,2011.699951,1993.050049,2005,2013869,1981.400024
19-07-2018,1644.058716,1981.400024,2010.449951,1970,2002.099976,1746318,1996.599976
20-07-2018,1656.670654,1996.599976,2000,1984,1984.900024,1934995,2005.650024
23-07-2018,1664.180054,2005.650024,2009.949951,1986,2001,2086201,1999
24-07-2018,1658.662109,1999,2015,1984.150024,2015,2038423,1981.5
25-07-2018,1644.141235,1981.5,2002,1968.400024,2001.900024,1535492,1964.699951
26-07-2018,1630.20166,1964.699951,1985,1955.099976,1974.949951,3503036,1943.75
27-07-2018,1612.818359,1943.75,1964.650024,1940.300049,1960.849976,2033977,1944.599976
30-07-2018,1613.523438,1944.599976,1954.699951,1931.550049,1943,1579251,1940.199951
31-07-2018,1609.872925,1940.199951,1947,1928,1942,2204803,1976.5
01-08-2018,1639.992554,1976.5,1981.550049,1949.800049,1949.949951,2425180,1948.400024
02-08-2018,1616.67688,1948.400024,1985,1945,1980,1509287,1979.449951
03-08-2018,1642.440308,1979.449951,1982.050049,1956.5,1956.5,1505131,1975.550049
06-08-2018,1639.204712,1975.550049,1998.949951,1972.25,1997,1532249,1967.349976
07-08-2018,1632.400757,1967.349976,1979.150024,1960.5,1978.199951,1353521,1974
08-08-2018,1637.918579,1974,1978.300049,1962,1972,1315062,1974.349976
09-08-2018,1638.20874,1974.349976,1980.800049,1966,1980,2060297,1993.099976
10-08-2018,1653.766479,1993.099976,1996.5,1972.050049,1980.949951,2784105,2000.150024
13-08-2018,1659.616455,2000.150024,2004.25,1990,1997.800049,3559575,2003.550049
14-08-2018,1662.437012,2003.550049,2024.599976,1982.400024,1992,3311765,2008.5
16-08-2018,1666.544434,2008.5,2020.050049,1995,2000.300049,2152065,2012.75
17-08-2018,1670.071045,2012.75,2021.900024,2004,2013.849976,1213731,2009.949951
20-08-2018,1667.748047,2009.949951,2024,2003.699951,2024,1587032,2017.650024
21-08-2018,1674.136841,2017.650024,2024,2004,2010.150024,1376866,2035.099976
23-08-2018,1688.615723,2035.099976,2038,2020.300049,2022.800049,3046791,2043
24-08-2018,1695.171021,2043,2046,2031,2035.099976,1570533,2050.899902
27-08-2018,1701.725464,2050.899902,2059,2035,2043,1532702,2069.199951
28-08-2018,1716.910278,2069.199951,2072,2052,2055,1987983,2072
29-08-2018,1719.233398,2072,2076.600098,2045.599976,2072.5,1525867,2082.399902
30-08-2018,1727.862915,2082.399902,2085,2065.5,2068,2408020,2078.399902
31-08-2018,1724.543945,2078.399902,2092,2074,2082.300049,2504554,2052.899902
03-09-2018,1703.385132,2052.899902,2090,2048.399902,2084.800049,1439711,2098.899902
04-09-2018,1741.553101,2098.899902,2104.75,2056.949951,2059.800049,4420803,2079.25
05-09-2018,1725.249146,2079.25,2107.25,2075.050049,2100,1681106,2075.300049
06-09-2018,1721.97168,2075.300049,2081.5,2060.300049,2075,2238097,2079.850098
07-09-2018,1725.746704,2079.850098,2084,2065.399902,2079.300049,1312182,2080.75
10-09-2018,1726.49353,2080.75,2093.399902,2074.25,2084.399902,1530539,2046.25
11-09-2018,1697.867676,2046.25,2089,2042.199951,2089,3679745,2043.949951
12-09-2018,1695.959106,2043.949951,2068.899902,2040,2052.350098,2307661,2065.399902
14-09-2018,1713.757202,2065.399902,2071.550049,2018.150024,2044,3642038,2074.149902
17-09-2018,1721.017456,2074.149902,2077.800049,2054.550049,2070,1033857,2070.75
18-09-2018,1718.196411,2070.75,2078.800049,2057.600098,2073,1456507,2077.899902
19-09-2018,1724.129028,2077.899902,2089,2066.850098,2071.899902,1301268,2103.149902
21-09-2018,1745.079956,2103.149902,2121,2050.149902,2077,4508530,2198.449951
24-09-2018,1824.154907,2198.449951,2210.5,2098.149902,2115,3032226,2183.199951
25-09-2018,1811.501221,2183.199951,2211.899902,2153.800049,2204.899902,2868778,2142.149902
26-09-2018,1777.440063,2142.149902,2199,2135.100098,2187,1970951,2188.850098
27-09-2018,1816.189087,2188.850098,2209.699951,2135.800049,2141.899902,3311802,2183.699951
28-09-2018,1811.916016,2183.699951,2190,2158.850098,2178,2904371,2255.550049
01-10-2018,1871.533691,2255.550049,2275.949951,2190.350098,2190.899902,3772208,2162.850098
03-10-2018,1794.616089,2162.850098,2255,2155.600098,2250.300049,3902322,2064.800049
04-10-2018,1713.259644,2064.800049,2156.649902,2056.350098,2156.600098,4762419,2102.649902
05-10-2018,1744.665283,2102.649902,2120,2020.900024,2050,3417624,2077.550049
08-10-2018,1723.838745,2077.550049,2122.199951,2048.149902,2102.649902,2010154,2091.800049
09-10-2018,1735.662476,2091.800049,2107.649902,2053.199951,2080.350098,1867130,2043.599976
10-10-2018,1695.668701,2043.599976,2105.949951,2029,2100,2749573,1979.949951
11-10-2018,1642.855225,1979.949951,2013,1941,1985,4700256,1918.300049
12-10-2018,1591.702026,1918.300049,1978,1903,1978,9373289,1949.5
15-10-2018,1617.589844,1949.5,1955.550049,1920,1940,2638151,1962.300049
16-10-2018,1628.210449,1962.300049,1971.900024,1935,1958,2815425,1929.400024
17-10-2018,1600.911865,1929.400024,1989,1920,1970,2779207,1913.199951
19-10-2018,1587.469971,1913.199951,1929,1870.050049,1929,3428776,1903
22-10-2018,1579.006226,1903,1916,1886.949951,1914,1778496,1843.650024
23-10-2018,1532.983276,1843.650024,1898,1837,1888,2752811,1848.5
24-10-2018,1537.015991,1848.5,1874,1811.099976,1852.050049,2735913,1853
25-10-2018,1540.75769,1853,1876.900024,1825.050049,1844,2507233,1799.099976
26-10-2018,1495.939941,1799.099976,1853.900024,1791.099976,1853.900024,2285970,1871
29-10-2018,1555.724731,1871,1877.949951,1784.349976,1808.699951,2609483,1894.800049
30-10-2018,1575.514038,1894.800049,1909.400024,1845,1867,2404883,1938.150024
31-10-2018,1611.559204,1938.150024,1943.900024,1875.449951,1900,2769190,1935.75
01-11-2018,1609.563965,1935.75,1944.349976,1901.300049,1943.650024,2769759,1913.449951
02-11-2018,1591.021851,1913.449951,1954.599976,1905,1934.199951,1818635,1890.849976
05-11-2018,1572.229858,1890.849976,1927.349976,1884.75,1910,1713366,1932.699951
06-11-2018,1607.027344,1932.699951,1937.5,1891,1894,1398710,1942.150024
07-11-2018,1614.885376,1942.150024,1949,1937,1940,144530,1909.199951
09-11-2018,1587.487549,1909.199951,1961.949951,1905,1961,2570479,1914.849976
12-11-2018,1592.185669,1914.849976,1946.099976,1908.5,1908.5,2552008,1934.949951
13-11-2018,1608.89856,1934.949951,1939,1903,1915,1418432,1880.650024
14-11-2018,1563.748413,1880.650024,1929.900024,1870,1925,2422318,1872.849976
15-11-2018,1557.262817,1872.849976,1899,1857.599976,1864,1829123,1886.599976
16-11-2018,1568.695923,1886.599976,1899.800049,1870.25,1889,1829729,1902.449951
19-11-2018,1581.875122,1902.449951,1907.349976,1864.300049,1899,1740628,1878.25
20-11-2018,1561.752686,1878.25,1902,1874.199951,1902,1190182,1812
21-11-2018,1506.666382,1812,1871.050049,1798.550049,1871,3840461,1812.550049
22-11-2018,1507.123779,1812.550049,1847.599976,1809.949951,1820,3194219,1846.099976
26-11-2018,1535.020386,1846.099976,1860,1784.5,1819,4333177,1890.25
27-11-2018,1571.730957,1890.25,1897.900024,1835.349976,1854,3344839,1983.900024
28-11-2018,1649.600342,1983.900024,1989,1882.5,1889,5313249,1960.550049
29-11-2018,1630.184937,1960.550049,1997,1942.550049,1997,4035441,1968.25
30-11-2018,1636.587158,1968.25,1991,1959.849976,1966,5268901,1982.400024
03-12-2018,1648.352905,1982.400024,1990,1968.300049,1984,1610576,2010.849976
04-12-2018,1672.009033,2010.849976,2019.400024,1971,1983,3270615,2006.75
05-12-2018,1668.599854,2006.75,2018,1985,2006,2501539,1992.699951
06-12-2018,1656.917358,1992.699951,2017,1979.599976,1998,2321216,1995.199951
07-12-2018,1658.996338,1995.199951,2003.900024,1973,1985.050049,1680420,1975.800049
10-12-2018,1642.865112,1975.800049,2011,1960,1975,2010786,2000
11-12-2018,1662.987427,2000,2010,1961,1970,2942014,2016.800049
12-12-2018,1676.956299,2016.800049,2022,1984.949951,2001.099976,2219993,1982.599976
13-12-2018,1648.519531,1982.599976,2029.699951,1974.5,2024,3748429,1989.75
14-12-2018,1654.464355,1989.75,1998.949951,1975.25,1983,2473761,1994.300049
17-12-2018,1658.247437,1994.300049,2004.900024,1985,1999,1227921,1987.849976
18-12-2018,1652.884766,1987.849976,2002,1976.400024,1991.900024,1768742,1968.449951
19-12-2018,1636.753784,1968.449951,1984.800049,1960.050049,1984.800049,2498833,1954.050049
20-12-2018,1624.780029,1954.050049,1974.900024,1946,1953.800049,1940277,1895.800049
21-12-2018,1576.345703,1895.800049,1950,1886.550049,1948,3729956,1918.5
24-12-2018,1595.220459,1918.5,1938.900024,1905,1905.800049,1864116,1889.199951
26-12-2018,1570.857666,1889.199951,1921.800049,1870.25,1921.800049,2446614,1908.949951
27-12-2018,1587.280151,1908.949951,1941.699951,1872.099976,1909,4968201,1896.050049
28-12-2018,1576.553467,1896.050049,1920,1893,1915,2239130,1893.050049
31-12-2018,1574.059082,1893.050049,1909,1886.150024,1908,1879740,1902.800049
01-01-2019,1582.16626,1902.800049,1910,1885,1896,1094883,1923.300049
02-01-2019,1599.211426,1923.300049,1934.449951,1900,1905,2100463,1899.949951
03-01-2019,1579.796265,1899.949951,1944.949951,1893.099976,1919,2611668,1876.849976
04-01-2019,1560.588745,1876.849976,1901.199951,1841,1900,4280862,1897.900024
07-01-2019,1578.091919,1897.900024,1908.800049,1881,1891.800049,1856423,1893.550049
08-01-2019,1574.474854,1893.550049,1906.400024,1883.300049,1905.400024,1691756,1886.949951
09-01-2019,1568.987061,1886.949951,1919,1866.699951,1907.400024,2414376,1888.550049
10-01-2019,1570.316895,1888.550049,1905,1872.099976,1890,3053461,1842.550049
11-01-2019,1532.068604,1842.550049,1875,1835,1870,9209862,1813.25
14-01-2019,1507.705933,1813.25,1851,1810,1850,3615370,1867.800049
15-01-2019,1553.063843,1867.800049,1869.349976,1808,1810,7711653,1870.150024
16-01-2019,1555.017822,1870.150024,1875,1847,1870,2359280,1894.300049
17-01-2019,1578.474731,1894.300049,1898,1871.300049,1878,2625816,1900.650024
18-01-2019,1583.765869,1900.650024,1904.199951,1876,1881,1683728,1908.699951
21-01-2019,1590.473633,1908.699951,1932,1895.449951,1902,2409803,1901.900024
22-01-2019,1584.807373,1901.900024,1918.25,1890,1907.099976,2457093,1875.599976
23-01-2019,1562.89209,1875.599976,1906.099976,1870,1901,2578169,1901.550049
24-01-2019,1584.515625,1901.550049,1905.25,1875,1884.800049,1962927,1920.800049
25-01-2019,1600.556274,1920.800049,1935,1901,1902,2327080,1955
28-01-2019,1629.054688,1955,1962,1925.5,1933,2769033,1982.75
29-01-2019,1652.177734,1982.75,1989.050049,1936.650024,1962,2557626,1981.400024
30-01-2019,1651.052979,1981.400024,1989.5,1954.650024,1979.599976,2429575,2014.099976
31-01-2019,1678.301025,2014.099976,2019.75,1985,1987,4094319,2029.949951
01-02-2019,1691.508423,2029.949951,2034.75,1998.099976,2009.5,3064163,2050.25
04-02-2019,1708.424072,2050.25,2055.449951,2023,2029.949951,1590764,2044.550049
05-02-2019,1703.674316,2044.550049,2055,2028,2050,1111404,2074.800049
06-02-2019,1728.880737,2074.800049,2086.850098,2041.050049,2049.899902,1789812,2082.899902
07-02-2019,1735.630249,2082.899902,2097.949951,2067,2074.75,1339945,2061.399902
08-02-2019,1717.7146,2061.399902,2089.5,2051,2075,1684474,2065.899902
11-02-2019,1721.464844,2065.899902,2096,2048.899902,2060,1778730,2051.600098
12-02-2019,1709.548828,2051.600098,2070,2018,2070,2422903,2044.599976
14-02-2019,1703.715942,2044.599976,2075,2033.050049,2060.050049,1724085,2029.699951
15-02-2019,1691.300049,2029.699951,2052,2010.949951,2049,1930065,1970.300049
18-02-2019,1641.803467,1970.300049,2041.949951,1962.650024,2037.599976,2942184,1904.800049
19-02-2019,1587.223999,1904.800049,1971,1892,1970,4408554,1914.75
20-02-2019,1595.515259,1914.75,1933.800049,1881.300049,1915,4645778,1914.199951
21-02-2019,1595.056763,1914.199951,1940,1897.050049,1914.75,4683919,1925.650024
22-02-2019,1604.597778,1925.650024,1930,1905.099976,1917.199951,2271955,1985.150024
25-02-2019,1654.177368,1985.150024,1990,1930.5,1932.5,2934880,2038.699951
26-02-2019,1698.799683,2038.699951,2045.150024,1972.25,1984,6453309,2058.100098
27-02-2019,1714.964966,2058.100098,2074.949951,2022,2040,4732082,1983.449951
28-02-2019,1652.760986,1983.449951,2071.350098,1977.599976,2060,8454295,1995.400024
01-03-2019,1662.718506,1995.400024,2005,1980.349976,1995.050049,4148548,1988.099976
05-03-2019,1656.635742,1988.099976,2007,1976.599976,2005,2449622,1999.599976
06-03-2019,1666.21875,1999.599976,2015,1985.050049,1989.300049,2635047,2013.300049
07-03-2019,1677.634521,2013.300049,2024.050049,2000.199951,2005,2539884,2022.699951
08-03-2019,1685.467041,2022.699951,2033,2010.050049,2025,2031071,2014.800049
11-03-2019,1678.884521,2014.800049,2033,2003.650024,2028.900024,3111689,2012.449951
12-03-2019,1676.926025,2012.449951,2024.800049,2003,2014.050049,2658550,2000.5
13-03-2019,1666.968506,2000.5,2015.900024,1978.599976,2013,1833163,1987.400024
14-03-2019,1656.052368,1987.400024,2007.800049,1981,2004.949951,1905495,2039.949951
15-03-2019,1699.841187,2039.949951,2068.949951,1991,1998.900024,5184318,2022.800049
18-03-2019,1685.550415,2022.800049,2064.600098,2011,2043,2349915,2022.800049
19-03-2019,1685.550415,2022.800049,2030,1995.099976,2030,2373993,2015.050049
20-03-2019,1679.092285,2015.050049,2044.800049,2000,2028,3091165,2005.650024
22-03-2019,1671.26001,2005.650024,2016,1983.300049,2015,3148149,1984.25
25-03-2019,1653.427979,1984.25,2007.800049,1977.199951,2007.800049,2429205,1982.650024
26-03-2019,1652.09436,1982.650024,1994.949951,1958.050049,1984,2316539,1967.900024
27-03-2019,1639.803589,1967.900024,1998,1961,1994,2266166,2000.300049
28-03-2019,1666.801636,2000.300049,2014.599976,1972.800049,1980,4054489,2031.650024
01-04-2019,1692.924927,2031.650024,2039.949951,2008.25,2010,2095740,2079.300049
02-04-2019,1732.630737,2079.300049,2086,2037,2037.099976,3719663,2079.300049
03-04-2019,1732.630737,2079.300049,2089.600098,2058.100098,2085,2939886,2014.5
04-04-2019,1678.633911,2014.5,2079.699951,2007.400024,2078.149902,4397518,2048.300049
05-04-2019,1706.799072,2048.300049,2054.399902,2018.800049,2028.650024,3152103,2070.75
08-04-2019,1725.506104,2070.75,2075,2032.699951,2059,2194294,2091.5
09-04-2019,1742.796387,2091.5,2098,2057.649902,2070,2690970,2040.25
10-04-2019,1700.091064,2040.25,2085.5,2036,2083,3313062,2019.5
11-04-2019,1682.800415,2019.5,2055,2013.650024,2045,3422442,2014.5
12-04-2019,1678.633911,2014.5,2039,2007,2038,3198471,2113.300049
15-04-2019,1760.962402,2113.300049,2119.800049,2041,2070,9189201,2131.800049
16-04-2019,1776.377686,2131.800049,2155.949951,2115.550049,2120,5771952,2150.050049
18-04-2019,1791.584961,2150.050049,2155,2114.199951,2149.899902,3413728,2161.449951
22-04-2019,1801.084229,2161.449951,2176,2145.600098,2148,2007135,2155.050049
23-04-2019,1795.750854,2155.050049,2165.5,2134.050049,2163,2163524,2183.449951
24-04-2019,1819.415894,2183.449951,2195,2156.100098,2158,3003071,2195
25-04-2019,1829.040894,2195,2205,2168.050049,2175,4211526,2238.550049
26-04-2019,1865.329468,2238.550049,2243.949951,2193.149902,2203,2716958,2260.350098
30-04-2019,1883.495605,2260.350098,2266.949951,2230.100098,2238.550049,3488395,2215.399902
02-05-2019,1846.039185,2215.399902,2259.399902,2211.100098,2255,2457699,2132
03-05-2019,1776.544189,2132,2186.050049,2125,2185,3780886,2157.850098
06-05-2019,1798.084473,2157.850098,2165,2108.5,2110,2891422,2151.949951
07-05-2019,1793.168457,2151.949951,2184.350098,2138.800049,2160.050049,2201698,2152.850098
08-05-2019,1793.918091,2152.850098,2168,2130.399902,2151,1824895,2172.550049
09-05-2019,1810.333862,2172.550049,2184.100098,2136.100098,2145,2264162,2135.800049
10-05-2019,1779.710449,2135.800049,2192,2125.850098,2175,2039633,2128.75
13-05-2019,1773.836182,2128.75,2167,2121.649902,2133,1701744,2092.350098
14-05-2019,1743.504761,2092.350098,2159.800049,2072.350098,2135,2456110,2095.399902
15-05-2019,1746.046265,2095.399902,2124,2084.5,2097,2346876,2108.75
16-05-2019,1757.17041,2108.75,2124,2077.050049,2096,1946529,2095.449951
17-05-2019,1746.088135,2095.449951,2135,2090,2112.600098,1947908,2143.949951
20-05-2019,1786.501587,2143.949951,2151.399902,2050,2125,2625116,2109.75
21-05-2019,1758.003662,2109.75,2148.699951,2102.550049,2148.050049,1863157,2081.75
22-05-2019,1734.672119,2081.75,2121.949951,2075,2110,2595795,2054.050049
23-05-2019,1711.59021,2054.050049,2115.350098,2050,2098,2541294,2048
24-05-2019,1706.54895,2048,2070,2032.25,2070,2274208,2055.149902
27-05-2019,1712.50708,2055.149902,2068.949951,2040.099976,2054.800049,2329820,2073.75
28-05-2019,1728.005981,2073.75,2097.5,2045,2060,5872979,2107.550049
29-05-2019,1756.170532,2107.550049,2123.699951,2077.100098,2080,3281320,2146.300049
30-05-2019,1788.460205,2146.300049,2156.550049,2114.399902,2123,4971725,2196.550049
31-05-2019,1830.332153,2196.550049,2204.949951,2152.25,2160,4265370,2242.300049
03-06-2019,1868.454224,2242.300049,2247.649902,2185.649902,2201,3682419,2183.100098
04-06-2019,1833.845703,2183.100098,2224,2175,2224,2408658,2166.100098
06-06-2019,1819.565308,2166.100098,2199,2152,2199,3735467,2181.75
07-06-2019,1832.711792,2181.75,2189.800049,2142.100098,2174,2659446,2231.5
10-06-2019,1874.502808,2231.5,2235.850098,2185.5,2196.699951,2080593,2252.800049
11-06-2019,1892.395264,2252.800049,2263.949951,2231,2237,3048937,2260.899902
12-06-2019,1899.19873,2260.899902,2266.899902,2219,2245,2404448,2254.100098
13-06-2019,1893.487671,2254.100098,2285,2243.050049,2264,3320916,2254.5
14-06-2019,1893.82312,2254.5,2263.100098,2234,2257.25,2131408,2249.199951
17-06-2019,1889.371094,2249.199951,2262,2241.449951,2256,1489497,2250.850098
18-06-2019,1890.756836,2250.850098,2260,2231.199951,2244,1877447,2259.899902
19-06-2019,1898.359009,2259.899902,2276,2243.149902,2255,1652817,2277.949951
20-06-2019,1913.521606,2277.949951,2284,2212,2230,2199377,2249.850098
21-06-2019,1889.91748,2249.850098,2292.5,2242,2285,3871804,2275.5
24-06-2019,1911.463867,2275.5,2280,2250.800049,2254.149902,1382424,2267.800049
25-06-2019,1904.995361,2267.800049,2274.449951,2250.5,2270,1386077,2254.199951
26-06-2019,1893.570923,2254.199951,2266.800049,2250,2265,1762224,2252.550049
27-06-2019,1892.184937,2252.550049,2264,2241.300049,2255,2813464,2227.199951
28-06-2019,1870.890747,2227.199951,2261.949951,2222.5,2260,2372928,2239.550049
01-07-2019,1881.264771,2239.550049,2255,2206.600098,2235,2769940,2252.100098
02-07-2019,1891.807129,2252.100098,2257,2216.449951,2244.899902,1771746,2237.649902
03-07-2019,1879.668823,2237.649902,2258.800049,2232,2252.199951,1656881,2242.649902
04-07-2019,1883.869141,2242.649902,2252,2230.100098,2234,984140,2163.100098
05-07-2019,1817.04541,2163.100098,2250,2140,2247,4088470,2175.399902
08-07-2019,1827.377686,2175.399902,2188.800049,2132.100098,2149,2788062,2133.350098
09-07-2019,1792.05481,2133.350098,2174.399902,2104.550049,2174,3977224,2108.199951
10-07-2019,1770.928345,2108.199951,2127.850098,2071.300049,2080,6343581,2102.550049
11-07-2019,1766.182373,2102.550049,2129,2086.050049,2128,2400346,2107.600098
12-07-2019,1770.424072,2107.600098,2119.75,2093.100098,2102.100098,1560725,2145.699951
15-07-2019,1802.428955,2145.699951,2153.600098,2098,2125,2900415,2106
16-07-2019,1773.211914,2106,2132.5,2100,2126,2735399,2117.25
17-07-2019,1782.684937,2117.25,2125,2092.100098,2108,1802969,2065.949951
18-07-2019,1739.491089,2065.949951,2116.199951,2060,2116.199951,3072096,2076.949951
19-07-2019,1748.752686,2076.949951,2097,2062.5,2077,1953177,2109.899902
22-07-2019,1776.495972,2109.899902,2117.449951,2068.800049,2077,1920167,2112.449951
23-07-2019,1778.642822,2112.449951,2130,2102.399902,2127.899902,3538588,2096.800049
24-07-2019,1765.466064,2096.800049,2120.800049,2076.5,2110,2413196,2127.899902
25-07-2019,1791.651245,2127.899902,2135,2092.550049,2108.899902,2544464,2109.050049
26-07-2019,1775.780151,2109.050049,2129.800049,2095,2129.800049,1720592,2130
29-07-2019,1793.419922,2130,2142,2103.300049,2110.800049,1647090,2179.149902
30-07-2019,1834.803101,2179.149902,2185,2120.449951,2130,2851672,2205.699951
31-07-2019,1857.157959,2205.699951,2211.699951,2147.149902,2171.75,3000677,2180.050049
01-08-2019,1835.561157,2180.050049,2217.5,2166.25,2200,2375236,2205.300049
02-08-2019,1856.821045,2205.300049,2210,2165.5,2173,2500816,2248.600098
05-08-2019,1893.278687,2248.600098,2252.25,2195.600098,2199.899902,3039682,2214.899902
06-08-2019,1864.904297,2214.899902,2251.949951,2211.449951,2232.800049,2885467,2213.449951
07-08-2019,1863.683228,2213.449951,2238.5,2207.25,2230,2165362,2258.100098
08-08-2019,1901.277588,2258.100098,2281,2218.899902,2228.899902,2073298,2246.25
09-08-2019,1891.299927,2246.25,2267.899902,2241.350098,2260,1744550,2199.449951
13-08-2019,1851.894897,2199.449951,2246.25,2194.300049,2245,1647281,2204.399902
14-08-2019,1856.063232,2204.399902,2217.850098,2167.399902,2181.100098,1945002,2165.100098
16-08-2019,1822.973755,2165.100098,2241.399902,2143.25,2241.399902,3755507,2163
19-08-2019,1821.205322,2163,2186,2157.699951,2180,974884,2186.75
20-08-2019,1841.202637,2186.75,2205,2166.5,2172,1843611,2186.199951
21-08-2019,1840.739624,2186.199951,2202,2182.25,2184.949951,1214408,2216
22-08-2019,1865.830322,2216,2235.649902,2170,2187,2131601,2247.699951
23-08-2019,1892.520752,2247.699951,2259.899902,2213.899902,2214.949951,2826425,2276.300049
26-08-2019,1916.602173,2276.300049,2282,2225,2247,2345475,2236.5
27-08-2019,1883.090576,2236.5,2274.850098,2229,2270,3432106,2239.25
28-08-2019,1885.406128,2239.25,2252.149902,2216,2240,1294621,2233.449951
29-08-2019,1880.522705,2233.449951,2248.199951,2222.199951,2222.199951,1670652,2259.600098
30-08-2019,1902.540771,2259.600098,2266,2218,2241,2583625,2251.600098
03-09-2019,1895.804443,2251.600098,2296.199951,2236.949951,2270,2545060,2245.399902
04-09-2019,1890.584473,2245.399902,2270,2233,2265,2228092,2215.300049
05-09-2019,1865.240967,2215.300049,2253.649902,2207.300049,2242.199951,2055943,2197.5
06-09-2019,1850.253906,2197.5,2233.5,2192.600098,2216,1890550,2182.850098
09-09-2019,1837.918579,2182.850098,2202.850098,2179.800049,2200,1703945,2154
11-09-2019,1813.627686,2154,2195,2146.550049,2186,2627440,2133.600098
12-09-2019,1796.451416,2133.600098,2165,2120.350098,2155,2118859,2141.949951
13-09-2019,1803.481567,2141.949951,2157.949951,2115.550049,2135,2291174,2150
16-09-2019,1810.259399,2150,2173.399902,2126.399902,2159.949951,2597948,2122.649902
17-09-2019,1787.231201,2122.649902,2156.550049,2105.600098,2154.949951,2796530,2138.550049
18-09-2019,1800.618652,2138.550049,2142.949951,2113.149902,2126.399902,1454663,2101.949951
19-09-2019,1769.802124,2101.949951,2135.800049,2091,2135,1652691,2065.449951
20-09-2019,1739.070068,2065.449951,2129.399902,2057,2104.899902,6941979,2015.800049
23-09-2019,1697.265625,2015.800049,2099,1975,2099,6323401,2044.699951
24-09-2019,1721.598999,2044.699951,2061,2013,2015,4620978,2088.449951
25-09-2019,1758.435547,2088.449951,2092,2060.050049,2065,4002232,2087.600098
26-09-2019,1757.720093,2087.600098,2107,2063,2097.899902,4234281,2056.149902
27-09-2019,1731.23938,2056.149902,2085.199951,2051.399902,2085,2046795,2099.300049
30-09-2019,1767.570923,2099.300049,2104,2060,2061.850098,2620039,2059.949951
01-10-2019,1734.439087,2059.949951,2095.949951,2039.699951,2095.949951,3342877,2060.25
03-10-2019,1734.692017,2060.25,2081.149902,2046.150024,2070,2317618,2079.350098
04-10-2019,1750.773682,2079.350098,2087.949951,2054.949951,2060.600098,2163251,2047.699951
07-10-2019,1724.124756,2047.699951,2094.5,2041,2080,2177916,2020.099976
09-10-2019,1700.886353,2020.099976,2060,2015.5,2060,2066920,2004.449951
10-10-2019,1687.708984,2004.449951,2039.050049,1997.099976,2028,2881452,1986.849976
11-10-2019,1672.890015,1986.849976,1995,1925,1931,12593069,2021
14-10-2019,1701.643799,2021,2032.75,1968,1995,3510704,2037.300049
15-10-2019,1715.368286,2037.300049,2047,2022.699951,2032,2261310,2046.400024
16-10-2019,1723.030396,2046.400024,2056,2016,2038,3034082,2030.949951
17-10-2019,1748.469727,2030.949951,2038,1999.300049,2014,3818774,2057.350098
18-10-2019,1771.198242,2057.350098,2063.899902,2025,2037.5,3087901,2051.399902
22-10-2019,1766.075928,2051.399902,2111.5,2040.050049,2080,5552505,2070.100098
23-10-2019,1782.175049,2070.100098,2083.850098,2052.5,2060,2348134,2082
24-10-2019,1792.420044,2082,2099,2061.300049,2084,2798671,2124.949951
25-10-2019,1829.395996,2124.949951,2130,2075.050049,2094,3954245,2115.699951
27-10-2019,1821.432739,2115.699951,2129,2108.800049,2129,224405,2194.850098
29-10-2019,1889.574097,2194.850098,2201.699951,2121.5,2121.5,5064173,2252.800049
30-10-2019,1939.463745,2252.800049,2260,2176.850098,2225,5195136,2269.649902
31-10-2019,1953.969727,2269.649902,2284.949951,2237,2250,4879261,2200.899902
01-11-2019,1894.781616,2200.899902,2275,2195,2264,4172620,2193.949951
04-11-2019,1888.799072,2193.949951,2229.199951,2180.899902,2207,2646411,2201.850098
05-11-2019,1895.599976,2201.850098,2211,2169,2197,2693475,2188.5
06-11-2019,1884.106934,2188.5,2210.800049,2179,2200,2540719,2185.350098
07-11-2019,1881.395142,2185.350098,2204.5,2175.199951,2204.5,1915598,2129.949951
08-11-2019,1833.70105,2129.949951,2189.600098,2124,2189.600098,2788759,2100.949951
11-11-2019,1808.734131,2100.949951,2139,2091,2135,2983768,2178.600098
13-11-2019,1875.58374,2178.600098,2183.800049,2118,2118,3823365,2196.800049
14-11-2019,1891.252808,2196.800049,2200,2146.699951,2187.5,2995915,2174.449951
15-11-2019,1872.010986,2174.449951,2211.5,2168.75,2196,2724180,2152.600098
18-11-2019,1853.199829,2152.600098,2187.75,2148.75,2178.399902,1611089,2108.800049
19-11-2019,1815.492432,2108.800049,2154.649902,2105,2153,2975313,2108.550049
20-11-2019,1815.276855,2108.550049,2135,2094.5,2121.949951,2894129,2118.100098
21-11-2019,1823.498657,2118.100098,2126.600098,2107.399902,2112,2052574,2071.699951
22-11-2019,1783.552246,2071.699951,2107,2060.5,2097,3742049,2081.5
25-11-2019,1791.989136,2081.5,2084.949951,2052.199951,2074.550049,2737010,2046.650024
26-11-2019,1761.986572,2046.650024,2097.899902,2035.050049,2089.850098,6561580,2054.300049
27-11-2019,1768.572754,2054.300049,2071.699951,2046.550049,2052,2907521,2077.350098
28-11-2019,1788.416626,2077.350098,2094.399902,2060,2067.050049,2924429,2053.25
29-11-2019,1767.668457,2053.25,2085,2045.800049,2085,2064271,2021.050049
02-12-2019,1739.947021,2021.050049,2067.699951,2016,2060,3809860,2051
03-12-2019,1765.731445,2051,2062,2010,2027.699951,4664774,2078.5
04-12-2019,1789.406372,2078.5,2082,2045.5,2053,3334301,2121.300049
05-12-2019,1826.253296,2121.300049,2126.800049,2068.350098,2083,3902721,2123.600098
06-12-2019,1828.233521,2123.600098,2128,2101,2124,1829461,2060.449951
09-12-2019,1773.867188,2060.449951,2127.949951,2053.5,2127.949951,2244747,2012.849976
10-12-2019,1732.887451,2012.849976,2060.850098,2003.25,2060,4520045,2041.900024
11-12-2019,1757.896973,2041.900024,2048,2006.75,2025.400024,4943024,2020.900024
12-12-2019,1739.818237,2020.900024,2083.649902,1984,2051.100098,7137306,2071.25
13-12-2019,1783.165161,2071.25,2077.399902,2007,2023,5711133,2126.75
16-12-2019,1830.945557,2126.75,2136,2080.300049,2096,5574177,2164.949951
17-12-2019,1863.832397,2164.949951,2169,2119,2126.5,6059673,2167.75
18-12-2019,1866.24292,2167.75,2203.449951,2153,2174,8251081,2229.050049
19-12-2019,1919.017212,2229.050049,2236.5,2167.550049,2179.800049,6251505,2222.899902
20-12-2019,1913.722168,2222.899902,2246.699951,2208.25,2220,5548338,2231.699951
23-12-2019,1921.298462,2231.699951,2241.949951,2210,2210,2247329,2215.600098
24-12-2019,1907.437622,2215.600098,2243.550049,2211.149902,2239,1805896,2201.949951
26-12-2019,1895.686035,2201.949951,2229,2195.199951,2216.399902,1880367,2198.5
27-12-2019,1892.716309,2198.5,2226.399902,2176,2208,2720261,2183.199951
30-12-2019,1879.543823,2183.199951,2225,2177.100098,2207,2288830,2161.699951
31-12-2019,1861.034668,2161.699951,2197,2157.449951,2189,1909289,2167.600098
01-01-2020,1866.114014,2167.600098,2183.899902,2154,2168,1354908,2157.649902
02-01-2020,1857.547852,2157.649902,2179.949951,2149.199951,2179.949951,2380752,2200.649902
03-01-2020,1894.567139,2200.649902,2223,2164,2164,4655761,2200.449951
06-01-2020,1894.394409,2200.449951,2225.949951,2187.899902,2205,3023209,2205.850098
07-01-2020,1899.043213,2205.850098,2214.649902,2183.800049,2200.5,2429317,2255.25
08-01-2020,1941.572754,2255.25,2260,2202.050049,2205,5197454,2214.350098
09-01-2020,1906.361206,2214.350098,2251.949951,2210,2248.75,3734173,2213.550049
10-01-2020,1905.672119,2213.550049,2234,2208,2228,1915807,2190.350098
13-01-2020,1885.699829,2190.350098,2218.949951,2184.699951,2217.850098,2843893,2206.899902
14-01-2020,1899.947266,2206.899902,2229.800049,2195,2195,2948452,2226.899902
15-01-2020,1917.166016,2226.899902,2231,2194.199951,2213,2620681,2238.800049
16-01-2020,1927.410522,2238.800049,2249,2215,2226.949951,3117214,2219.100098
17-01-2020,1910.450806,2219.100098,2253.550049,2213,2240.75,3281059,2170.350098
20-01-2020,1868.481323,2170.350098,2242.199951,2156.199951,2194.899902,5817599,2171.050049
21-01-2020,1869.083618,2171.050049,2186.550049,2158.050049,2169.949951,1902980,2206.899902
22-01-2020,1899.947266,2206.899902,2210,2173.699951,2181,1773686,2190.949951
23-01-2020,1890.499146,2190.949951,2217.75,2183.699951,2209.800049,2069866,2183.399902
24-01-2020,1883.984985,2183.399902,2190.949951,2170,2190.949951,1319430,2169.25
27-01-2020,1871.775269,2169.25,2193.449951,2165,2189.699951,1549101,2183.75
28-01-2020,1884.286987,2183.75,2187.800049,2152,2174,1743024,2154.600098
29-01-2020,1859.133911,2154.600098,2186.949951,2150,2185,2306761,2137.850098
30-01-2020,1844.68103,2137.850098,2165,2125,2160,2098567,2079.050049
31-01-2020,1793.94458,2079.050049,2144.350098,2071.600098,2139.399902,3287223,2102.5
03-02-2020,1814.178467,2102.5,2194.699951,2093.199951,2152,4728073,2107.75
04-02-2020,1818.708618,2107.75,2136.699951,2086.600098,2129,3509339,2146.550049
05-02-2020,1852.188354,2146.550049,2156.699951,2104.300049,2115,2439322,2128.350098
06-02-2020,1836.483643,2128.350098,2174.199951,2115.5,2145,2640065,2136.550049
07-02-2020,1843.559204,2136.550049,2151,2119,2139,2083442,2161.949951
10-02-2020,1865.476318,2161.949951,2167,2119,2140.899902,2383032,2153.399902
11-02-2020,1858.098877,2153.399902,2174.800049,2147.600098,2163,1335820,2170.75
12-02-2020,1873.069824,2170.75,2185,2150,2151.100098,1620407,2191.949951
13-02-2020,1891.361816,2191.949951,2197,2171,2172.949951,1645948,2184.199951
14-02-2020,1884.674805,2184.199951,2212,2171,2188,1500115,2203.25
17-02-2020,1901.113037,2203.25,2217,2190.199951,2196.949951,1774724,2215.75
18-02-2020,1911.898682,2215.75,2221,2186.050049,2199.949951,2486223,2196.350098
19-02-2020,1895.159424,2196.350098,2230,2190.5,2215.75,1760463,2156.800049
20-02-2020,1861.032471,2156.800049,2214.399902,2151.25,2204.5,2317278,2115.350098
24-02-2020,1825.26709,2115.350098,2178.949951,2106.699951,2156,3092877,2156.149902
25-02-2020,1860.471313,2156.149902,2176.649902,2111,2115.5,2674567,2123.600098
26-02-2020,1832.385254,2123.600098,2163.899902,2112.949951,2154,2686842,2105.5
27-02-2020,1816.767212,2105.5,2119.949951,2086.199951,2119.949951,2349001,2000.150024
28-02-2020,1725.864746,2000.150024,2069.5,1990,2068,4298076,2001.300049
02-03-2020,1726.856689,2001.300049,2053.949951,1985.699951,2035,2667076,2036.199951
03-03-2020,1756.970825,2036.199951,2060,2012,2020,2757585,2083.199951
04-03-2020,1797.525391,2083.199951,2094.449951,2025,2056,3237002,2125.050049
05-03-2020,1833.636475,2125.050049,2147.75,2084.050049,2085.699951,3937056,2116.449951
06-03-2020,1826.215942,2116.449951,2123.649902,2071.600098,2098,2595027,1972.349976
09-03-2020,1701.876709,1972.349976,2079.899902,1935,2075,4940975,1953.699951
11-03-2020,1685.783691,1953.699951,1987.300049,1920,1933,6796449,1769.849976
12-03-2020,1527.145996,1769.849976,1908.400024,1758.349976,1904,8728786,1806.300049
13-03-2020,1558.597412,1806.300049,1820,1506.050049,1687.900024,8029720,1696.400024
16-03-2020,1463.768433,1696.400024,1842.25,1675.849976,1755,7844271,1658
17-03-2020,1430.634155,1658,1731,1623.150024,1730,5713248,1654.400024
18-03-2020,1427.527588,1654.400024,1713.550049,1627.75,1676.800049,7258778,1636.349976
19-03-2020,1422.269531,1636.349976,1685.449951,1546.75,1559.699951,5135111,1797.449951
20-03-2020,1562.292847,1797.449951,1869,1627,1630,8547498,1669.699951
23-03-2020,1451.256104,1669.699951,1750,1617.75,1620,7003490,1703.150024
24-03-2020,1480.3302,1703.150024,1770,1632.849976,1653.050049,6350865,1750.300049
25-03-2020,1521.311646,1750.300049,1810,1680,1700,2765520,1790.949951
26-03-2020,1556.643188,1790.949951,1832.050049,1722.550049,1831.599976,4556067,1824.5
27-03-2020,1585.804321,1824.5,1850,1750.400024,1820,4331250,1778.5
30-03-2020,1545.822266,1778.5,1905,1763.550049,1766,8513547,1826.099976
31-03-2020,1587.19458,1826.099976,1855,1780,1837.400024,3927593,1708.75
01-04-2020,1485.19751,1708.75,1834.75,1702,1825.900024,4941878,1654.199951
03-04-2020,1437.784058,1654.199951,1740,1650,1740,5735369,1775.199951
07-04-2020,1542.953979,1775.199951,1785.849976,1705,1710,5427577,1705.449951
08-04-2020,1482.329102,1705.449951,1806,1701,1760,6285615,1766.150024
09-04-2020,1535.087891,1766.150024,1778.800049,1731.199951,1750.449951,5307397,1759.25
13-04-2020,1529.090576,1759.25,1787,1746,1761,2990438,1735.150024
15-04-2020,1508.143799,1735.150024,1812,1727.800049,1785,4761399,1716.050049
16-04-2020,1491.542358,1716.050049,1764.900024,1675.050049,1709.949951,6245533,1806.199951
17-04-2020,1569.898193,1806.199951,1851.949951,1753,1800,9895823,1818.650024
20-04-2020,1580.719727,1818.650024,1830,1802.5,1830,3244282,1737.650024
21-04-2020,1510.316406,1737.650024,1794.599976,1727.699951,1765,5122541,1769.5
22-04-2020,1537.999756,1769.5,1790,1719.150024,1737.650024,3829836,1878.25
23-04-2020,1632.522095,1878.25,1900,1760.849976,1780,5934366,1818.550049
24-04-2020,1580.632446,1818.550049,1851.949951,1807.800049,1840.699951,2987102,1836.599976
27-04-2020,1596.321167,1836.599976,1875,1825,1832.300049,3374741,1859.050049
28-04-2020,1615.834106,1859.050049,1868,1832.599976,1865,2678505,1905.650024
29-04-2020,1656.337158,1905.650024,1912.550049,1850.050049,1874,4241510,2014.449951
30-04-2020,1750.903076,2014.449951,2032,1942.199951,1980,5915544,1930.449951
04-05-2020,1677.8927,1930.449951,1966,1913.650024,1966,3729348,1932.75
05-05-2020,1679.891968,1932.75,1977,1927,1955.099976,2905528,1903.599976
06-05-2020,1654.555298,1903.599976,1953.699951,1893.599976,1939.800049,3517431,1891.650024
07-05-2020,1644.168945,1891.650024,1934.449951,1883.349976,1910,3166754,1893.400024
08-05-2020,1645.690063,1893.400024,1939.5,1886.25,1939.099976,2686530,1935.300049
11-05-2020,1682.108398,1935.300049,1951.400024,1909,1909,2449841,1949.5
12-05-2020,1694.450684,1949.5,1956.5,1910.25,1933.400024,3256595,1949.650024
13-05-2020,1694.581055,1949.650024,1994,1925.650024,1994,2656665,1902.349976
14-05-2020,1653.469482,1902.349976,1923.099976,1891.099976,1910,2263146,1892.900024
15-05-2020,1645.255371,1892.900024,1917.400024,1865.199951,1916,3173682,1945.599976
18-05-2020,1691.060669,1945.599976,1952.949951,1872.099976,1907,3727694,1948.650024
19-05-2020,1693.711914,1948.650024,1966.449951,1903,1903,3198693,1953.599976
20-05-2020,1698.01416,1953.599976,1962.900024,1931.699951,1950,2778505,1991.199951
21-05-2020,1730.694946,1991.199951,1998,1941.150024,1946,3400908,2020.349976
22-05-2020,1756.031128,2020.349976,2032,1961.25,1977.099976,3663418,1943
26-05-2020,1688.800903,1943,2024,1925,2015,4575317,2005.300049
27-05-2020,1742.950439,2005.300049,2010,1941.25,1959,3482160,2004.300049
28-05-2020,1742.081299,2004.300049,2014,1971.300049,1988.5,3475681,1972.349976
29-05-2020,1714.311279,1972.349976,2002.650024,1962.400024,1982,7237735,2045.25
01-06-2020,1777.67395,2045.25,2060,1981.099976,1990,3747773,2047.150024
02-06-2020,1779.325317,2047.150024,2081,2040.050049,2060.199951,2443886,2046.150024
03-06-2020,1783.683838,2046.150024,2063.75,2020,2051.850098,3699799,2091.550049
04-06-2020,1823.260376,2091.550049,2100,2046.75,2046.75,4048593,2048.25
05-06-2020,1785.514282,2048.25,2098,2040.300049,2091.600098,3573289,2071.75
08-06-2020,1806.000122,2071.75,2095,2062.100098,2078.25,2957841,2072.050049
09-06-2020,1806.261475,2072.050049,2095.5,2060.25,2063.100098,2909439,2108.75
10-06-2020,1838.253906,2108.75,2132,2073.5,2077.050049,5168397,2067.649902
11-06-2020,1802.425903,2067.649902,2105,2061.800049,2100,2269513,2039.5
12-06-2020,1777.886597,2039.5,2049.199951,2011,2011.199951,2842642,2029.900024
15-06-2020,1769.518311,2029.900024,2059,2000.949951,2039.099976,2399022,2045.800049
16-06-2020,1783.379028,2045.800049,2073.949951,2031,2065,2146528,2047.800049
17-06-2020,1785.122192,2047.800049,2058.850098,2026.550049,2046,2703527,2038.099976
18-06-2020,1776.666504,2038.099976,2059.199951,2025.199951,2045,1944389,2044.599976
19-06-2020,1782.332764,2044.599976,2090,2032,2042,5681758,2027.949951
22-06-2020,1767.818115,2027.949951,2052.25,2019.150024,2050,3196138,2035.300049
23-06-2020,1774.225342,2035.300049,2044,2010,2027,4205944,2042.199951
24-06-2020,1780.240112,2042.199951,2064.25,2031.599976,2034,2560937,2016.099976
25-06-2020,1757.488403,2016.099976,2060,2009.25,2035,3043931,2118.850098
26-06-2020,1847.05835,2118.850098,2132,2019.949951,2025,6300722,2101.649902
29-06-2020,1832.064331,2101.649902,2127.600098,2091.300049,2108,3076341,2082.149902
30-06-2020,1815.065918,2082.149902,2111.899902,2075.050049,2100,3071725,2092.050049
01-07-2020,1823.696167,2092.050049,2113.949951,2079.5,2079.699951,2503466,2157.149902
02-07-2020,1880.44519,2157.149902,2165,2098,2102,3758699,2199.649902
03-07-2020,1917.493408,2199.649902,2205,2160.25,2163.649902,4185208,2263.199951
06-07-2020,1972.892212,2263.199951,2269.899902,2205,2205,5190366,2269.899902
07-07-2020,1978.732666,2269.899902,2302.699951,2232.149902,2275,5630055,2218.899902
08-07-2020,1934.27478,2218.899902,2274.399902,2207.600098,2270,2793358,2204.350098
09-07-2020,1921.590698,2204.350098,2244.5,2191.050049,2229,3443998,2222.350098
10-07-2020,1937.28186,2222.350098,2249.850098,2176,2205.25,9610320,2220
13-07-2020,1935.233398,2220,2244.949951,2210,2220,2963503,2171.949951
14-07-2020,1893.346802,2171.949951,2239,2165,2210,2976738,2233.899902
15-07-2020,1947.35022,2233.899902,2260,2181.100098,2185,5569321,2234.75
16-07-2020,1952.46167,2234.75,2333,2220.100098,2244,8582118,2200.75
17-07-2020,1922.756104,2200.75,2243.899902,2190.050049,2237,4509135,2207.899902
20-07-2020,1929.00293,2207.899902,2226.899902,2190.800049,2201,2952646,2225.050049
21-07-2020,1943.986572,2225.050049,2238.649902,2201.149902,2230,2665286,2190.949951
22-07-2020,1914.194092,2190.949951,2231,2184.199951,2231,2861534,2171.199951
23-07-2020,1896.939331,2171.199951,2190.949951,2163,2190.949951,2265766,2157.399902
24-07-2020,1884.882202,2157.399902,2163,2125.100098,2154.5,3665100,2206.800049
27-07-2020,1928.042236,2206.800049,2215,2163.5,2165,4248480,2309.75
28-07-2020,2017.988159,2309.75,2320,2215,2215,8092319,2276.050049
29-07-2020,1988.544678,2276.050049,2342,2246.050049,2292,6090431,2279.5
30-07-2020,1991.55896,2279.5,2358,2272.25,2285.899902,7098496,2281.399902
31-07-2020,1993.218262,2281.399902,2334.800049,2257.449951,2303.149902,4723290,2254.149902
03-08-2020,1969.411133,2254.149902,2303.850098,2230.699951,2290.449951,4012337,2249.699951
04-08-2020,1965.522827,2249.699951,2269.649902,2225.050049,2259.949951,2927928,2259.5
05-08-2020,1974.085205,2259.5,2300,2253,2260,3800641,2308.100098
06-08-2020,2016.545898,2308.100098,2319.5,2265.350098,2275,4748047,2295.350098
07-08-2020,2005.407104,2295.350098,2328,2287,2308,3165491,2282.800049
10-08-2020,1994.441772,2282.800049,2325,2276.050049,2318,2929353,2279.899902
11-08-2020,1991.908325,2279.899902,2312,2275.600098,2283,2774423,2257.350098
12-08-2020,1972.206665,2257.350098,2296.399902,2246.550049,2288.350098,3415751,2254.449951
13-08-2020,1969.673096,2254.449951,2300,2250.5,2273,2695682,2242.149902
14-08-2020,1958.927002,2242.149902,2281.300049,2233.100098,2277,2270405,2253.399902
17-08-2020,1968.755615,2253.399902,2270,2238.25,2263,2625630,2269.75
18-08-2020,1983.040039,2269.75,2289,2248.300049,2262.800049,3493374,2256.600098
19-08-2020,1971.551025,2256.600098,2284.600098,2252.5,2276.350098,2843005,2252.850098
20-08-2020,1968.275146,2252.850098,2276.550049,2240.050049,2257,2895164,2248.600098
21-08-2020,1964.561523,2248.600098,2271,2241.050049,2260,1975294,2248.100098
24-08-2020,1964.125122,2248.100098,2259.949951,2230,2250.600098,2167966,2242.649902
25-08-2020,1959.364014,2242.649902,2250,2233.550049,2245,1663419,2253.5
26-08-2020,1968.843018,2253.5,2259.899902,2216.449951,2242,2618149,2248.399902
27-08-2020,1964.387329,2248.399902,2287.350098,2241.75,2266,3579393,2238.550049
28-08-2020,1955.781372,2238.550049,2279.949951,2235.100098,2268.399902,2941136,2257.25
31-08-2020,1972.119141,2257.25,2276.199951,2228,2240,6018154,2246.350098
01-09-2020,1962.596191,2246.350098,2278,2241.300049,2269,3610908,2265.149902
02-09-2020,1979.021118,2265.149902,2268.75,2241.649902,2247,2084137,2299.5
03-09-2020,2009.032104,2299.5,2324,2268,2268,4654146,2288.800049
04-09-2020,1999.683594,2288.800049,2324.25,2262.949951,2275,5231303,2327.050049
07-09-2020,2033.102417,2327.050049,2343.5,2283.350098,2289,4620401,2348.199951
08-09-2020,2051.580811,2348.199951,2390.449951,2327.050049,2335.949951,7453998,2327.649902
09-09-2020,2033.626221,2327.649902,2359,2320,2325,3866535,2331.149902
10-09-2020,2036.684326,2331.149902,2348.5,2324.300049,2335,2308813,2374.100098
11-09-2020,2074.209473,2374.100098,2383,2330.149902,2330.949951,4145424,2491.399902
14-09-2020,2176.69165,2491.399902,2505.75,2381.850098,2384.100098,7512131,2491.399902
15-09-2020,2176.69165,2491.399902,2538,2464.600098,2491.399902,7318770,2503
16-09-2020,2186.826416,2503,2507.600098,2477.300049,2488.949951,3074003,2460.949951
17-09-2020,2150.088135,2460.949951,2495.75,2450.600098,2480,4828176,2449.899902
18-09-2020,2140.434082,2449.899902,2500.399902,2436.399902,2485,4183256,2465.300049
21-09-2020,2153.888672,2465.300049,2504.899902,2452.149902,2465,4598809,2522.949951
22-09-2020,2204.256836,2522.949951,2555,2458,2485,7499613,2467.449951
23-09-2020,2155.76709,2467.449951,2519.850098,2409,2510,7502280,2332.25
24-09-2020,2037.645874,2332.25,2450,2302.600098,2450,8424708,2422.300049
25-09-2020,2116.320801,2422.300049,2440,2352.100098,2368,8228267,2426.300049
28-09-2020,2119.815674,2426.300049,2444,2366,2440,4347166,2488.399902
29-09-2020,2174.070801,2488.399902,2511.050049,2426.300049,2434.850098,6995811,2492.300049
30-09-2020,2177.478516,2492.300049,2505,2460,2489,3917166,2523.449951
01-10-2020,2204.693115,2523.449951,2540,2492.300049,2510,2610337,2705.800049
05-10-2020,2364.009766,2705.800049,2728.100098,2603.050049,2620,17412105,2714.300049
06-10-2020,2371.435791,2714.300049,2736,2650.100098,2736,9846367,2735.949951
07-10-2020,2390.35083,2735.949951,2770,2703,2742,9656101,2825.699951
08-10-2020,2468.76416,2825.699951,2885,2800,2800,19839329,2812.949951
09-10-2020,2457.624756,2812.949951,2829.850098,2780,2810,7739245,2830
12-10-2020,2472.520508,2830,2854,2800.75,2815.5,4623203,2826.550049
13-10-2020,2469.506836,2826.550049,2854.899902,2812.199951,2845,4209878,2809.600098
14-10-2020,2465.164063,2809.600098,2842,2787.550049,2842,4395936,2740.600098
15-10-2020,2404.622559,2740.600098,2827.75,2727,2811,6629355,2763.300049
16-10-2020,2424.540039,2763.300049,2771.649902,2731.300049,2750.100098,5273773,2711.550049
19-10-2020,2379.133057,2711.550049,2774,2706.600098,2774,3331194,2739
20-10-2020,2403.218018,2739,2759.899902,2717.949951,2725,3406273,2675.399902
21-10-2020,2347.415283,2675.399902,2749,2663.050049,2739,4570143,2671.149902
22-10-2020,2343.685547,2671.149902,2686.649902,2638.100098,2661,5262294,2686.800049
23-10-2020,2357.417969,2686.800049,2702,2670.100098,2687.800049,3499091,2688.199951
26-10-2020,2358.646729,2688.199951,2709.949951,2670.5,2689.949951,2672752,2630.149902
27-10-2020,2307.712646,2630.149902,2718.149902,2624.100098,2699.75,3537502,2622.199951
28-10-2020,2300.737305,2622.199951,2655.949951,2606,2650,3569445,2632.649902
29-10-2020,2309.90625,2632.649902,2655,2600.25,2608,3105968,2664.850098
30-10-2020,2338.15918,2664.850098,2674.350098,2621.600098,2636.100098,3427003,2604.600098
02-11-2020,2285.294922,2604.600098,2664.850098,2600.050049,2660,2571196,2633.600098
03-11-2020,2310.73999,2633.600098,2665,2601.050049,2604,2879269,2653.149902
04-11-2020,2327.893311,2653.149902,2721.850098,2610,2610,4893928,2685.699951
05-11-2020,2356.452881,2685.699951,2710,2667,2685,2816502,2707.449951
06-11-2020,2375.535889,2707.449951,2713.25,2681.300049,2699,3884421,2726.600098
09-11-2020,2392.338379,2726.600098,2744,2695.100098,2731.100098,3646592,2649.600098
10-11-2020,2324.778809,2649.600098,2713.149902,2638.350098,2697.199951,4760020,2687.800049
11-11-2020,2358.29541,2687.800049,2692.800049,2643.399902,2667.949951,3242441,2671.050049
12-11-2020,2343.598145,2671.050049,2713,2661.75,2686,2437505,2656.850098
13-11-2020,2331.139893,2656.850098,2664.899902,2636,2655.75,2548093,2670.350098
14-11-2020,2342.984619,2670.350098,2689,2660.050049,2677.949951,298819,2666.050049
17-11-2020,2339.211914,2666.050049,2695,2650.050049,2695,2827273,2626.649902
18-11-2020,2304.642578,2626.649902,2664.199951,2607.050049,2661,2893762,2636.899902
19-11-2020,2313.635254,2636.899902,2676.149902,2630.850098,2637,4167501,2660.25
20-11-2020,2334.122559,2660.25,2676,2627.550049,2655,2711471,2724.25
23-11-2020,2390.276367,2724.25,2730,2665,2690,3706418,2722.050049
24-11-2020,2388.346436,2722.050049,2743,2705,2734.399902,3120516,2701.300049
25-11-2020,2370.140137,2701.300049,2732.949951,2688.199951,2729,3302249,2720.600098
26-11-2020,2387.074219,2720.600098,2730.949951,2680,2686,2341099,2679.649902
27-11-2020,2351.144287,2679.649902,2717.699951,2669.050049,2705,6086808,2726.800049
01-12-2020,2392.514648,2726.800049,2735.899902,2624.449951,2679,3605017,2749.550049
02-12-2020,2412.475342,2749.550049,2754.699951,2702.449951,2719,2509032,2709.449951
03-12-2020,2377.291504,2709.449951,2773.899902,2700.800049,2773.899902,2852548,2727.550049
04-12-2020,2393.171875,2727.550049,2738.850098,2699,2710.800049,2686527,2737.699951
07-12-2020,2402.077881,2737.699951,2744,2706.149902,2715,1996400,2797.300049
08-12-2020,2454.371582,2797.300049,2805.550049,2732.449951,2740,4277818,2810.800049
09-12-2020,2466.216553,2810.800049,2840,2793.149902,2815,3659996,2784.300049
10-12-2020,2442.965576,2784.300049,2827.300049,2780.25,2818,2127801,2783.600098
11-12-2020,2442.351074,2783.600098,2807.699951,2764.550049,2792.699951,1795408,2797.699951
14-12-2020,2454.722412,2797.699951,2804,2756.25,2802,2483658,2761.550049
15-12-2020,2423.00415,2761.550049,2794.699951,2755,2786,2365509,2814.199951
16-12-2020,2469.199707,2814.199951,2819.800049,2760.449951,2779,2565149,2838.199951
17-12-2020,2490.257568,2838.199951,2853.699951,2805,2811,2863460,2861
18-12-2020,2510.262207,2861,2898,2846.199951,2868,6076692,2820.149902
21-12-2020,2474.419678,2820.149902,2886.5,2785,2861,2705195,2872.5
22-12-2020,2520.352539,2872.5,2883.649902,2818.649902,2834,2881737,2908.75
23-12-2020,2552.158691,2908.75,2919,2865.449951,2876.050049,2790988,2909.350098
24-12-2020,2552.685059,2909.350098,2921.350098,2883.199951,2909,1807144,2929.399902
28-12-2020,2570.276855,2929.399902,2949.699951,2902,2910,2108994,2930.5
29-12-2020,2571.242188,2930.5,2952,2920,2920,1994151,2909.300049
30-12-2020,2552.641357,2909.300049,2947.699951,2902,2934.399902,2637968,2862.75
31-12-2020,2511.797363,2862.75,2905,2845,2900,4040956,2928.25
01-01-2021,2569.267334,2928.25,2940,2879,2880,2681440,3039.449951
04-01-2021,2666.835693,3039.449951,3050.75,2940.949951,2950,5113293,3093
05-01-2021,2713.820801,3093,3114.25,3039.600098,3039.600098,5801309,3051.5
06-01-2021,2677.407959,3051.5,3113.5,3037.199951,3100,3726716,3032.800049
07-01-2021,2661.000732,3032.800049,3080.850098,3000.25,3075,3717827,3120.899902
08-01-2021,2738.300293,3120.899902,3128,3060,3090,5879039,3176.449951
11-01-2021,2787.040527,3176.449951,3230,3146.550049,3230,9508039,3174.850098
12-01-2021,2785.636719,3174.850098,3210,3150,3176.449951,3611458,3158.949951
13-01-2021,2771.685791,3158.949951,3177,3126.25,3175,3572801,3250.699951
14-01-2021,2857.61499,3250.699951,3266.5,3120.399902,3155,6931542,3233.350098
15-01-2021,2842.363281,3233.350098,3274,3210,3235,4131692,3221.75
18-01-2021,2832.16626,3221.75,3256.75,3187.399902,3250,4160906,3260.699951
19-01-2021,2866.40625,3260.699951,3279,3232,3233,2975735,3308.800049
20-01-2021,2908.689209,3308.800049,3327.949951,3267.100098,3270,3453446,3273.850098
21-01-2021,2877.966553,3273.850098,3309.149902,3262.100098,3305,2778546,3303.100098
22-01-2021,2903.678955,3303.100098,3325,3241.899902,3241.899902,3052459,3291.300049
25-01-2021,2893.306396,3291.300049,3339.800049,3278.649902,3308.949951,2272887,3261.050049
27-01-2021,2866.714355,3261.050049,3306.449951,3227,3300,2786662,3196.550049
28-01-2021,2810.013672,3196.550049,3275,3183.800049,3230,3083938,3111.350098
29-01-2021,2735.115723,3111.350098,3216.850098,3100,3210.050049,5445659,3139.350098
01-02-2021,2759.730469,3139.350098,3165,3044.100098,3100,3985846,3203.449951
02-02-2021,2816.079102,3203.449951,3224,3150,3174,2881837,3200.050049
03-02-2021,2813.0896,3200.050049,3236,3162.649902,3213,2505866,3188.449951
04-02-2021,2802.893066,3188.449951,3237.850098,3176,3216.050049,2057261,3157.949951
05-02-2021,2776.081055,3157.949951,3205.850098,3129,3198.949951,2366135,3214.100098
08-02-2021,2825.441162,3214.100098,3226,3155.149902,3189.5,2526592,3176.899902
09-02-2021,2792.739258,3176.899902,3245.800049,3164,3195,2658751,3213.300049
10-02-2021,2824.738037,3213.300049,3219.399902,3157.300049,3185,2127983,3206
11-02-2021,2818.320557,3206,3219.300049,3185.050049,3215,1165882,3190.800049
12-02-2021,2804.958496,3190.800049,3245.5,3182,3184.199951,2777404,3139.850098
15-02-2021,2760.169434,3139.850098,3209,3131.550049,3209,2630853,3108.800049
16-02-2021,2732.874268,3108.800049,3167.649902,3100,3150,3435770,3073.100098
17-02-2021,2701.491699,3073.100098,3132.850098,3045.550049,3105.100098,3678426,3057.350098
18-02-2021,2687.645996,3057.350098,3097.899902,3031,3065,4189909,3071.850098
19-02-2021,2700.392334,3071.850098,3087.149902,3016.149902,3058,3725028,2958.449951
22-02-2021,2600.705322,2958.449951,3096,2943.149902,3096,5366696,2980.199951
23-02-2021,2619.825195,2980.199951,3028,2968,2970,3832829,2948.100098
24-02-2021,2591.607422,2948.100098,3003.350098,2921.149902,2972,3774549,2995.300049
25-02-2021,2633.098877,2995.300049,3029.899902,2968.449951,2974,4224073,2894.300049
26-02-2021,2544.313232,2894.300049,2972.350098,2880,2960,5553153,2924.199951
01-03-2021,2570.597168,2924.199951,2965,2901.800049,2926,3265871,3006.350098
02-03-2021,2642.813477,3006.350098,3025,2948,2960,3306469,3059.100098
03-03-2021,2689.18457,3059.100098,3064,2996.899902,3035,3509857,3049.699951
04-03-2021,2680.920654,3049.699951,3081.449951,3016.050049,3023,3916760,3008.050049
05-03-2021,2644.307617,3008.050049,3063.199951,2996.600098,3016.100098,3203686,3006.949951
08-03-2021,2643.34082,3006.949951,3033,2996,3016,2003125,3050.949951
09-03-2021,2682.02002,3050.949951,3066.899902,2992.100098,3006.949951,1942397,3070.949951
10-03-2021,2699.601318,3070.949951,3093.199951,3060,3075,3053778,3057.949951
12-03-2021,2688.173828,3057.949951,3117,3041.350098,3075,2938317,3066.149902
15-03-2021,2695.381348,3066.149902,3099,3041,3041,3097083,3110.050049
16-03-2021,2733.973389,3110.050049,3141,3060,3060,4894756,3112.949951
17-03-2021,2736.521973,3112.949951,3155,3085.300049,3105,3838390,3036.5
18-03-2021,2669.316895,3036.5,3146.449951,2987.050049,3125.949951,3656306,3050.199951
19-03-2021,2681.360352,3050.199951,3099,3005,3030,5776626,3129.649902
22-03-2021,2751.202881,3129.649902,3139.449951,3018.649902,3048.699951,2821646,3142.600098
23-03-2021,2762.587158,3142.600098,3169,3122.850098,3140,3305973,3121.100098
24-03-2021,2743.687256,3121.100098,3152.300049,3111.149902,3111.199951,2207104,3064.850098
25-03-2021,2694.239258,3064.850098,3130.850098,3050,3112.199951,3179786,3066.800049
26-03-2021,2695.953125,3066.800049,3118,3043.050049,3090.649902,3697370,3158.550049
30-03-2021,2776.608398,3158.550049,3188.449951,3060.899902,3083,4694008,3177.850098
31-03-2021,2793.574707,3177.850098,3205,3132,3155,3530069,3165
01-04-2021,2782.278564,3165,3215,3145,3191.100098,4285076,3238.899902
05-04-2021,2847.242432,3238.899902,3263,3151,3171,5317862,3264.699951
06-04-2021,2869.922363,3264.699951,3275,3230,3275,2291562,3271.399902
07-04-2021,2875.812012,3271.399902,3277.550049,3234.800049,3259,2491268,3317.350098
08-04-2021,2916.205811,3317.350098,3335,3266.050049,3270,2578118,3322.25
09-04-2021,2920.513428,3322.25,3354.350098,3308,3354,2911129,3246.550049
12-04-2021,2853.967285,3246.550049,3338.100098,3213.199951,3322.25,3791828,3104.050049
13-04-2021,2728.698975,3104.050049,3214,3073.050049,3214,8654596,3218.949951
15-04-2021,2829.704834,3218.949951,3237.25,3087.449951,3160.300049,6062760,3195.149902
16-04-2021,2808.782715,3195.149902,3247,3182.600098,3229,3224657,3161.800049
19-04-2021,2779.46582,3161.800049,3189,3135.100098,3169,2679106,3144.550049
20-04-2021,2764.30127,3144.550049,3225.350098,3126.350098,3225,3141893,3118.800049
22-04-2021,2741.665283,3118.800049,3148,3105.25,3148,1988980,3109.5
23-04-2021,2733.48999,3109.5,3119,3091.050049,3105,1615309,3100.800049
26-04-2021,2725.842041,3100.800049,3153,3088.050049,3102.050049,2490260,3132
27-04-2021,2753.268799,3132,3136.100098,3103,3106,1471417,3124.100098
28-04-2021,2746.324951,3124.100098,3151,3112,3149.949951,1639037,3115.25
29-04-2021,2738.543945,3115.25,3157.350098,3105.5,3145.600098,1621395,3035.649902
30-04-2021,2668.570313,3035.649902,3132.050049,3020,3099,3072305,3037
03-05-2021,2669.756836,3037,3055,3004,3024.899902,1545831,3049.75
04-05-2021,2680.9646,3049.75,3090,3035,3062.800049,1990777,3095.699951
05-05-2021,2721.359131,3095.699951,3099.399902,3052.399902,3070,1939289,3111.449951
06-05-2021,2735.203613,3111.449951,3134,3074,3105.5,1791671,3132.899902
07-05-2021,2754.060547,3132.899902,3159.850098,3111.800049,3133,1912540,3145.5
10-05-2021,2765.136719,3145.5,3164.199951,3125,3145.949951,2137153,3122.600098
11-05-2021,2745.005371,3122.600098,3128.100098,3091.149902,3125,2415625,3087.600098
12-05-2021,2714.238525,3087.600098,3120,3070.600098,3120,1978558,3051.5
14-05-2021,2682.503174,3051.5,3098.5,3040,3098.5,2043935,3069.75
17-05-2021,2698.546143,3069.75,3075.199951,3036,3055,2890462,3088.800049
18-05-2021,2715.292725,3088.800049,3124,3078,3100,2098538,3082
19-05-2021,2709.314941,3082,3118,3067.100098,3084,1986041,3060
20-05-2021,2689.975098,3060,3088.800049,3052.100098,3067.100098,2329027,3080.5
21-05-2021,2707.996582,3080.5,3088.199951,3055.100098,3061,1685566,3081.5
24-05-2021,2708.875488,3081.5,3105,3072,3081.5,1652260,3114
25-05-2021,2750.835938,3114,3128.25,3082.100098,3092,1841613,3158.5
26-05-2021,2790.145996,3158.5,3165,3103.800049,3120,1923753,3180
27-05-2021,2809.139404,3180,3217.75,3161.800049,3161.949951,5959785,3143.600098
28-05-2021,2776.984131,3143.600098,3198,3135.649902,3189.5,1763701,3159.149902
31-05-2021,2790.720703,3159.149902,3170.350098,3128.600098,3150,1652799,3153
01-06-2021,2785.288086,3153,3169.949951,3132,3168.600098,1377441,3129.449951
02-06-2021,2764.484131,3129.449951,3159.449951,3115,3150.850098,2240078,3141.25
03-06-2021,2774.907959,3141.25,3154.550049,3122.649902,3154.550049,1281706,3143.75
04-06-2021,2777.116455,3143.75,3156.850098,3125,3128,1836060,3183.199951
07-06-2021,2811.96582,3183.199951,3190.449951,3133.600098,3145,2559821,3200.149902
08-06-2021,2826.939209,3200.149902,3231,3187.199951,3198,2574057,3200.25
09-06-2021,2827.027588,3200.25,3220,3186.199951,3202,1710925,3216.800049
10-06-2021,2841.646973,3216.800049,3224,3193,3210,1874324,3273.800049
11-06-2021,2891.999268,3273.800049,3309,3211,3211.550049,3452954,3276.350098
14-06-2021,2894.252197,3276.350098,3308.699951,3270.350098,3279,1847360,3262.75
15-06-2021,2882.238525,3262.75,3298,3251.550049,3298,1304985,3274.350098
16-06-2021,2892.485352,3274.350098,3294.699951,3253,3262.100098,1635552,3317.75
17-06-2021,2930.82373,3317.75,3336.050049,3260,3265.5,2273413,3297.300049
18-06-2021,2912.759277,3297.300049,3358,3275,3350.899902,3380431,3273.100098
21-06-2021,2891.381348,3273.100098,3286,3251.699951,3265,1130569,3301.199951
22-06-2021,2916.204102,3301.199951,3327.050049,3285,3304,1708688,3261.399902
23-06-2021,2881.045654,3261.399902,3329,3256.399902,3329,1467104,3373.600098
24-06-2021,2980.1604,3373.600098,3383,3278.5,3284,4155204,3380.800049
25-06-2021,2986.521484,3380.800049,3399.649902,3350,3375.25,2722861,3336.75
28-06-2021,2947.608398,3336.75,3391.5,3333,3391.5,1355238,3340.850098
29-06-2021,2951.229736,3340.850098,3366.300049,3326.5,3342,1497322,3345.75
30-06-2021,2955.558594,3345.75,3382,3338.5,3346,1693146,3341.5
01-07-2021,2951.803955,3341.5,3362,3332.350098,3358,990310,3325.449951
02-07-2021,2937.625977,3325.449951,3339.699951,3295.199951,3331,1682274,3321
05-07-2021,2933.695313,3321,3374,3302,3342,1972858,3262.300049
06-07-2021,2881.84082,3262.300049,3328,3256.100098,3313,2159420,3274.949951
07-07-2021,2893.015381,3274.949951,3282.699951,3241.600098,3275,2640710,3258.5
08-07-2021,2878.483643,3258.5,3298,3231.899902,3298,2485811,3208.149902
09-07-2021,2834.006104,3208.149902,3282,3201,3250,6365067,3193.100098
12-07-2021,2820.711182,3193.100098,3236,3188.350098,3235,1892226,3187.550049
13-07-2021,2815.808105,3187.550049,3214,3175,3214,1809339,3214.550049
14-07-2021,2839.659668,3214.550049,3222,3185,3187,2044279,3202.949951
15-07-2021,2835.586914,3202.949951,3231.850098,3194,3227.600098,2232968,3194.800049
16-07-2021,2828.37207,3194.800049,3219.850098,3192,3213,1256526,3184.600098
19-07-2021,2819.341797,3184.600098,3199.800049,3176,3180,1597058,3205.800049
20-07-2021,2838.109863,3205.800049,3215,3156.149902,3184.600098,1811945,3216.350098
22-07-2021,2847.450439,3216.350098,3224.949951,3190,3190,2859334,3212.850098
23-07-2021,2844.351563,3212.850098,3241.550049,3206.649902,3230,1776193,3197.550049
26-07-2021,2830.806885,3197.550049,3224.25,3190.850098,3200,1259611,3182.949951
27-07-2021,2817.880615,3182.949951,3210,3161.149902,3200,1121367,3197.800049
28-07-2021,2831.028076,3197.800049,3204.449951,3132.399902,3188,1660654,3195.800049
29-07-2021,2829.257568,3195.800049,3225.449951,3190.300049,3200.25,1731997,3167.449951
30-07-2021,2804.158936,3167.449951,3223.5,3162.350098,3219,2999943,3219.399902
02-08-2021,2850.150635,3219.399902,3224.899902,3167,3180,2608669,3284.899902
03-08-2021,2908.137451,3284.899902,3290,3218.949951,3229,3804735,3273.949951
04-08-2021,2898.443848,3273.949951,3305.199951,3261.199951,3300,2929598,3283.949951
05-08-2021,2907.296387,3283.949951,3315,3262.5,3275,2534521,3309.800049
06-08-2021,2930.181641,3309.800049,3324,3265,3272.550049,2292362,3322.699951
09-08-2021,2941.602539,3322.699951,3337,3310,3323.899902,1510489,3333.899902
10-08-2021,2951.517822,3333.899902,3349.899902,3315.600098,3315.600098,2040777,3344.199951
11-08-2021,2960.635986,3344.199951,3360,3327.100098,3350,1929707,3351.75
12-08-2021,2967.320557,3351.75,3368,3326,3326,1310205,3463.399902
13-08-2021,3066.164795,3463.399902,3480,3357.5,3360.75,4363584,3472.949951
16-08-2021,3074.619141,3472.949951,3494.350098,3436.5,3460,2083489,3553.050049
17-08-2021,3145.532471,3553.050049,3560.800049,3463,3482.100098,4336019,3560.550049
18-08-2021,3152.172119,3560.550049,3595,3536.600098,3573.850098,2631309,3559.5
20-08-2021,3151.24292,3559.5,3575,3500,3506,2836148,3637.399902
23-08-2021,3220.207764,3637.399902,3673,3561.899902,3580,3744176,3613.199951
24-08-2021,3198.782959,3613.199951,3667.350098,3594.399902,3657,2511141,3659
25-08-2021,3239.330811,3659,3697.75,3607.050049,3610,2123263,3671.850098
26-08-2021,3250.706787,3671.850098,3687.600098,3647.899902,3660,1902533,3720.149902
27-08-2021,3293.466797,3720.149902,3729.5,3651.100098,3666,3944728,3701.300049
30-08-2021,3276.779053,3701.300049,3740.350098,3687.600098,3715,2033114,3786.449951
31-08-2021,3352.162842,3786.449951,3804.100098,3703.449951,3709.399902,3207480,3714.949951
01-09-2021,3288.862793,3714.949951,3816.699951,3707,3796,2643336,3836.75
02-09-2021,3396.693604,3836.75,3859.149902,3722,3734,3403717,3842.050049
03-09-2021,3401.385254,3842.050049,3856.899902,3804.550049,3825,1746812,3852
06-09-2021,3410.19458,3852,3877.600098,3814,3849.699951,1723693,3815.899902
07-09-2021,3378.234619,3815.899902,3869.949951,3808.25,3864,1585039,3774.149902
08-09-2021,3341.273193,3774.149902,3815,3756,3810,4147175,3791.399902
09-09-2021,3356.544678,3791.399902,3808.699951,3765,3789.699951,1441148,3845.350098
13-09-2021,3404.307129,3845.350098,3852.399902,3767,3767,1691473,3885.899902
14-09-2021,3440.206299,3885.899902,3896.5,3825,3849.949951,1991188,3954.550049
15-09-2021,3500.982422,3954.550049,3980,3866,3882.100098,2461369,3903.300049
16-09-2021,3455.61084,3903.300049,3981.75,3892.100098,3930,2946666,3827.850098
17-09-2021,3388.814453,3827.850098,3945,3805,3920,6477148,3823.5
20-09-2021,3384.962891,3823.5,3871,3807.850098,3809,2002008,3862.949951
21-09-2021,3419.888184,3862.949951,3871.550049,3821.649902,3858,1568129,3862.149902
22-09-2021,3419.179932,3862.149902,3896.850098,3852.449951,3862.5,1744067,3869.25
23-09-2021,3425.465576,3869.25,3879,3835,3870,2003869,3871.300049
24-09-2021,3427.280762,3871.300049,3944.399902,3855,3890,2320754,3836.949951
27-09-2021,3396.870605,3836.949951,3904,3802.899902,3900,1673362,3779.149902
28-09-2021,3345.699463,3779.149902,3850,3751.25,3850,2253075,3791.899902
29-09-2021,3356.987793,3791.899902,3806,3722.149902,3759.800049,2489161,3775.550049
30-09-2021,3342.512695,3775.550049,3805,3750.100098,3805,2252412,3730.199951
01-10-2021,3302.364502,3730.199951,3810,3725,3781.75,1578374,3773.300049
04-10-2021,3340.520996,3773.300049,3783.649902,3707.449951,3724.800049,1356860,3833.300049
05-10-2021,3393.63916,3833.300049,3840,3741.600098,3754,1877966,3810.899902
06-10-2021,3373.808594,3810.899902,3857.449951,3795,3836,1678154,3892.899902
07-10-2021,3446.403076,3892.899902,3899,3820.050049,3830,1647233,3935.649902
08-10-2021,3484.25,3935.649902,3989.899902,3900,3925,2934339,3685.600098
11-10-2021,3262.879639,3685.600098,3757.5,3660,3755,11845402,3652.850098
12-10-2021,3233.885742,3652.850098,3707,3630.600098,3706,5752877,3655.199951
13-10-2021,3235.96582,3655.199951,3675.449951,3645,3650,3545655,3611.449951
14-10-2021,3203.368652,3611.449951,3670,3608.199951,3625,6442299,3647.149902
18-10-2021,3235.034912,3647.149902,3652.699951,3601.449951,3603.449951,3590107,3634.149902
19-10-2021,3223.50415,3634.149902,3690.100098,3625.199951,3669,3135441,3608.850098
20-10-2021,3201.062744,3608.850098,3630,3578.300049,3612,2933693,3532.5
21-10-2021,3133.340088,3532.5,3607.449951,3511.25,3604.100098,4871211,3498.850098
22-10-2021,3103.492188,3498.850098,3561.600098,3485,3560,2691670,3492.949951
25-10-2021,3098.258789,3492.949951,3514.550049,3450,3503,2595594,3482.600098
26-10-2021,3089.079102,3482.600098,3529,3475,3494.5,3878763,3489.75
27-10-2021,3095.420898,3489.75,3511.25,3483,3483,2510813,3421.649902
28-10-2021,3035.015625,3421.649902,3518,3415,3518,2424942,3397.75
29-10-2021,3013.816162,3397.75,3461,3385.949951,3400.050049,3960501,3476.399902
01-11-2021,3083.579346,3476.399902,3487,3412.949951,3437.949951,2020718,3484.199951
02-11-2021,3090.497559,3484.199951,3513.600098,3469.75,3494,3087414,3492.25
03-11-2021,3097.638428,3492.25,3519.899902,3466.050049,3504.199951,1537639,3508.649902
04-11-2021,3112.184814,3508.649902,3513.25,3505,3512.949951,328991,3502.75
08-11-2021,3106.95166,3502.75,3548,3481.199951,3548,2526082,3505.699951
09-11-2021,3109.568359,3505.699951,3535,3496,3508,1782692,3484.300049
10-11-2021,3090.58667,3484.300049,3519.699951,3480.199951,3498,1516489,3488.199951
11-11-2021,3094.045654,3488.199951,3510.050049,3436,3480,1284514,3526.050049
12-11-2021,3127.618408,3526.050049,3534.149902,3485.699951,3506,1747259,3553.300049
15-11-2021,3151.789307,3553.300049,3569.600098,3528,3528,1809157,3556.399902
16-11-2021,3154.539307,3556.399902,3575.550049,3542,3569,2013204,3521.899902
17-11-2021,3123.937744,3521.899902,3562.850098,3506.399902,3550.600098,1632914,3475.699951
18-11-2021,3082.958252,3475.699951,3520.850098,3451.600098,3515.149902,2136598,3458.399902
22-11-2021,3067.612793,3458.399902,3515.949951,3440.300049,3478.399902,3167936,3464.25
23-11-2021,3072.802002,3464.25,3480.949951,3407.800049,3445,2153461,3443.300049
24-11-2021,3054.219482,3443.300049,3493.050049,3424,3472.199951,2161746,3445.899902
25-11-2021,3056.525635,3445.899902,3463,3434.050049,3443.899902,1849619,3446.850098
26-11-2021,3057.368652,3446.850098,3490,3411.899902,3425,1941251,3502
29-11-2021,3106.286133,3502,3529.350098,3406.449951,3447.149902,2981745,3529.149902
30-11-2021,3130.368652,3529.149902,3563.75,3491,3491,5588446,3577.800049
01-12-2021,3173.521484,3577.800049,3590,3535,3535,2102118,3642.899902
02-12-2021,3231.265381,3642.899902,3648,3574.100098,3589.199951,3152938,3640.449951
03-12-2021,3229.091797,3640.449951,3665.949951,3630.850098,3646.449951,2486263,3536.399902
06-12-2021,3136.799072,3536.399902,3658,3522,3640.449951,1849642,3584.5
07-12-2021,3179.464355,3584.5,3598,3524.300049,3562.5,1484458,3626.899902
08-12-2021,3217.072998,3626.899902,3646.449951,3601,3601,1428660,3601.75
09-12-2021,3194.764893,3601.75,3634.75,3566,3610,1567957,3636.800049
10-12-2021,3225.85498,3636.800049,3642,3575.100098,3585,1510718,3609.649902
13-12-2021,3201.772461,3609.649902,3662,3601.699951,3650,1883864,3623.800049
14-12-2021,3214.322998,3623.800049,3635,3576.699951,3605,1747007,3570.350098
15-12-2021,3166.912842,3570.350098,3623,3558.149902,3620,1603233,3581.600098
16-12-2021,3176.89209,3581.600098,3608.449951,3570,3582,2072320,3584.350098
17-12-2021,3179.331543,3584.350098,3651.350098,3573.699951,3602.5,4333992,3556.899902
20-12-2021,3154.983154,3556.899902,3606,3510.149902,3589,2312310,3608.300049
21-12-2021,3200.575195,3608.300049,3641.199951,3566.399902,3582.649902,2340989,3630.75
22-12-2021,3220.488281,3630.75,3636.800049,3606.25,3624,1224328,3662.699951
23-12-2021,3248.828125,3662.699951,3670.5,3630,3648,1792861,3670.899902
24-12-2021,3256.101074,3670.899902,3705,3644.800049,3685,2209923,3696.100098
27-12-2021,3278.453613,3696.100098,3700,3653.100098,3671,1534135,3706.550049
28-12-2021,3287.723145,3706.550049,3725,3693.850098,3710,1456218,3694.699951
29-12-2021,3277.212402,3694.699951,3719.949951,3685,3692.25,1456923,3733.75
30-12-2021,3311.849365,3733.75,3740,3680,3681.350098,1966475,3738.350098
31-12-2021,3315.929443,3738.350098,3760,3731.300049,3742.800049,1207141,3817.75
03-01-2022,3386.35791,3817.75,3830,3745,3750,2346158,3884.75
04-01-2022,3445.786621,3884.75,3889.149902,3811.699951,3831.100098,2488606,3860.949951
05-01-2022,3424.67627,3860.949951,3870,3812.399902,3865,1733031,3807.449951
06-01-2022,3377.221436,3807.449951,3835,3772,3812,1810293,3853.5
07-01-2022,3418.068115,3853.5,3864.899902,3796.399902,3820,2460591,3879.850098
10-01-2022,3441.440918,3879.850098,3978,3861,3978,3937092,3915.899902
11-01-2022,3473.416992,3915.899902,3925,3856,3856,1906106,3859.899902
12-01-2022,3423.745117,3859.899902,3929,3836.550049,3925,3203744,3897.899902
13-01-2022,3457.451416,3897.899902,3923,3857,3918,6684507,3968.149902
14-01-2022,3519.763184,3968.149902,3977,3860.050049,3877.850098,3348123,4019.149902
17-01-2022,3565.000732,4019.149902,4043,3962.300049,3992.699951,3442604,3990.600098
18-01-2022,3539.67627,3990.600098,4041.699951,3980,4033.949951,2389041,3914.649902
19-01-2022,3478.409912,3914.649902,4012,3910.5,4012,3102539,3826.550049
20-01-2022,3400.128174,3826.550049,3920,3811,3910,6176776,3833.5
21-01-2022,3406.303223,3833.5,3851.550049,3771.100098,3807,3112358,3771.350098
24-01-2022,3351.079346,3771.350098,3849.649902,3740.100098,3840,3258414,3769.899902
25-01-2022,3349.791016,3769.899902,3809.399902,3722.199951,3769.5,3330501,3649.25
27-01-2022,3242.585205,3649.25,3733.399902,3625.100098,3731,5718297,3690.050049
28-01-2022,3278.838623,3690.050049,3729.800049,3646,3646,3143862,3736.25
31-01-2022,3319.890625,3736.25,3758,3721.399902,3749,2739393,3800.649902
01-02-2022,3377.114258,3800.649902,3808,3736.399902,3770,2105169,3856.199951
02-02-2022,3426.473389,3856.199951,3864,3800.649902,3827.899902,1984212,3824.600098
03-02-2022,3398.395508,3824.600098,3882.5,3816.050049,3851,1960538,3814.899902
04-02-2022,3389.775635,3814.899902,3824.699951,3769,3815.300049,2307366,3779
07-02-2022,3357.876465,3779,3831.800049,3756.149902,3791,1919149,3743.449951
08-02-2022,3326.288574,3743.449951,3799.699951,3721,3791.550049,2946443,3760.550049
09-02-2022,3341.482666,3760.550049,3777.949951,3746.100098,3750,1638721,3770.350098
10-02-2022,3350.19043,3770.350098,3789.800049,3758,3789.800049,2112459,3694.949951
11-02-2022,3283.192627,3694.949951,3752.5,3690,3752.5,3851488,3733.75
14-02-2022,3317.668213,3733.75,3793.25,3710,3724,5951745,3817.800049
15-02-2022,3392.352783,3817.800049,3835,3748,3786,3931683,3813.100098
16-02-2022,3388.176514,3813.100098,3854.100098,3806,3844,3256906,3784.199951
17-02-2022,3362.496826,3784.199951,3835,3779,3825,3134372,3793.899902
18-02-2022,3371.115967,3793.899902,3815.949951,3757.600098,3769,3688883,3719.399902
21-02-2022,3304.917725,3719.399902,3827.800049,3705.550049,3810,7465922,3586.399902
22-02-2022,3186.739258,3586.399902,3667.899902,3570,3650,5408531,3563.800049
23-02-2022,3166.657959,3563.800049,3622.899902,3555.649902,3611,2426203,3401.649902
24-02-2022,3022.577637,3401.649902,3483.850098,3391.100098,3474,5039136,3520.75
25-02-2022,3128.405273,3520.75,3530,3462,3468,2549723,3554.199951
28-02-2022,3158.12793,3554.199951,3563.75,3455.899902,3490,3288942,3546.149902
02-03-2022,3150.975098,3546.149902,3571.949951,3506,3552.5,2761341,3544.399902
03-03-2022,3149.419678,3544.399902,3578.600098,3530.100098,3562.850098,1928039,3524.350098
04-03-2022,3131.604004,3524.350098,3561.199951,3487.050049,3501.5,2370257,3484.899902
07-03-2022,3096.550049,3484.899902,3548,3431.550049,3450,3054130,3599.949951
08-03-2022,3198.778809,3599.949951,3609,3460,3460,3300992,3632.600098
09-03-2022,3227.791016,3632.600098,3654,3597.050049,3605,2719654,3620.949951
10-03-2022,3217.439453,3620.949951,3684,3615,3684,2005441,3599.149902
11-03-2022,3198.068604,3599.149902,3639.850098,3592.850098,3603.25,1623423,3643
14-03-2022,3237.031494,3643,3648.350098,3580,3580,1765688,3593.899902
15-03-2022,3193.403809,3593.899902,3659,3585.399902,3659,3651133,3655.899902
16-03-2022,3248.494141,3655.899902,3668,3616.25,3640.5,3090475,3672.75
17-03-2022,3263.466797,3672.75,3710,3660.300049,3696.600098,3600452,3626.699951
21-03-2022,3222.54834,3626.699951,3713.949951,3615,3696,2413831,3700.949951
22-03-2022,3288.52417,3700.949951,3711,3625,3640,2907611,3712.399902
23-03-2022,3298.698486,3712.399902,3729.800049,3690,3708,1596195,3749.850098
24-03-2022,3331.974854,3749.850098,3758.199951,3695,3700,1879046,3707.449951
25-03-2022,3294.300049,3707.449951,3779.5,3672,3759.899902,1690133,3707.699951
28-03-2022,3294.521973,3707.699951,3713,3661.199951,3695,1760990,3705.350098
29-03-2022,3292.434082,3705.350098,3722,3691,3694.75,2689063,3731.550049
30-03-2022,3315.7146,3731.550049,3738,3706.199951,3738,1583455,3739.949951
31-03-2022,3323.177979,3739.949951,3754.649902,3720.199951,3740,2168110,3758.75
01-04-2022,3339.883057,3758.75,3763,3728.050049,3748,1387014,3770.350098
04-04-2022,3350.19043,3770.350098,3780,3737.100098,3762,1472994,3814.800049
05-04-2022,3389.687012,3814.800049,3835.600098,3772,3772,2314947,3755.350098
06-04-2022,3336.861816,3755.350098,3809.300049,3731.149902,3809.300049,2051729,3684.149902
07-04-2022,3273.59668,3684.149902,3745.5,3679,3745.5,2494829,3685.649902
08-04-2022,3274.928955,3685.649902,3705,3642.5,3690,2296773,3696.399902
11-04-2022,3284.480713,3696.399902,3712.350098,3656.100098,3690,2291660,3691.100098
12-04-2022,3279.772461,3691.100098,3739,3648.350098,3683,4483476,3661.949951
13-04-2022,3253.869873,3661.949951,3709.850098,3655.550049,3707,1621672,3528.050049
18-04-2022,3134.89209,3528.050049,3610,3522.5,3610,3820792,3471.899902
19-04-2022,3084.998535,3471.899902,3563.550049,3439.149902,3550,3170014,3556.800049
20-04-2022,3160.437988,3556.800049,3569.149902,3480,3500,2640370,3628.649902
21-04-2022,3224.28125,3628.649902,3644,3567.399902,3580,2280996,3612.550049
22-04-2022,3209.975342,3612.550049,3617,3571.5,3581.100098,1581465,3548.199951
25-04-2022,3152.796387,3548.199951,3584,3533.100098,3558,1960694,3546.300049
26-04-2022,3151.108154,3546.300049,3587.899902,3518.149902,3575.149902,1943469,3561.199951
27-04-2022,3164.347412,3561.199951,3568.449951,3506.300049,3546,1727648,3584.300049
28-04-2022,3184.873779,3584.300049,3604.399902,3538.050049,3588,1703660,3546.699951
29-04-2022,3151.462891,3546.699951,3623.25,3536.850098,3597,2051115,3542.399902
02-05-2022,3147.642822,3542.399902,3547.949951,3492.75,3519.899902,1324161,3479.75
04-05-2022,3091.973877,3479.75,3545.449951,3465.300049,3538.5,2305825,3513.399902
05-05-2022,3121.874268,3513.399902,3533,3485.350098,3512.100098,1612262,3432.600098
06-05-2022,3050.078369,3432.600098,3474.5,3424.5,3459,2010812,3445.100098
09-05-2022,3061.184814,3445.100098,3456,3346.850098,3398,2481830,3438.75
10-05-2022,3055.542725,3438.75,3464.800049,3422,3434,1622685,3412
11-05-2022,3031.774658,3412,3448.449951,3382.149902,3435,1841769,3408.649902
12-05-2022,3028.797119,3408.649902,3449.699951,3350.100098,3378,2807195,3414.899902
13-05-2022,3034.351074,3414.899902,3439.899902,3382.149902,3435,2187823,3376.800049
16-05-2022,3000.49707,3376.800049,3430,3366.600098,3415,1195813,3451.600098
17-05-2022,3066.961426,3451.600098,3467,3350.399902,3370,1754076,3448.800049
18-05-2022,3064.473145,3448.800049,3495,3443.050049,3465,1866781,3261.949951
19-05-2022,2898.445068,3261.949951,3405,3230,3397,4642963,3293
20-05-2022,2926.035645,3293,3313.899902,3270.050049,3310,3065125,3321.75
23-05-2022,2951.581299,3321.75,3338.899902,3267,3304.800049,2293690,3288
24-05-2022,2921.592529,3288,3324.850098,3275.600098,3315.149902,1711510,3167.649902
25-05-2022,2833.61377,3167.649902,3292.850098,3154.050049,3292.850098,3548046,3226.949951
26-05-2022,2886.6604,3226.949951,3241.5,3180.550049,3191,2813186,3261.300049
27-05-2022,2917.387939,3261.300049,3278.899902,3229.199951,3253.199951,3103153,3375.25
30-05-2022,3019.322021,3375.25,3386.600098,3286.350098,3297,2094624,3364.350098
31-05-2022,3009.571533,3364.350098,3383.399902,3325,3354.149902,4840965,3355.199951
01-06-2022,3001.385986,3355.199951,3388,3340.050049,3388,1493835,3423
02-06-2022,3062.036621,3423,3432,3346.300049,3355,2657939,3440.149902
03-06-2022,3077.377686,3440.149902,3477.300049,3431.199951,3459.399902,1913622,3430.949951
06-06-2022,3069.148438,3430.949951,3453,3377.149902,3418,1084210,3362.699951
07-06-2022,3008.094971,3362.699951,3418.850098,3356,3401.050049,2308256,3404.149902
08-06-2022,3045.174561,3404.149902,3413.949951,3346.5,3380.149902,2185707,3427.100098
09-06-2022,3065.704102,3427.100098,3437,3353.100098,3385,1279197,3359.899902
10-06-2022,3005.590332,3359.899902,3393,3352,3382,1527582,3219.600098
13-06-2022,2880.085205,3219.600098,3293,3192.449951,3290,3030921,3210.550049
14-06-2022,2871.989502,3210.550049,3238.899902,3174.699951,3190,2611493,3206.300049
15-06-2022,2868.1875,3206.300049,3234,3201,3218.5,1404536,3142
16-06-2022,2810.668457,3142,3244.850098,3133.050049,3240,2032028,3088.899902
17-06-2022,2763.167969,3088.899902,3118.75,3023.850098,3092,5240434,3112.399902
20-06-2022,2784.189209,3112.399902,3138.75,3069,3094,1502769,3211.949951
21-06-2022,2873.242188,3211.949951,3237.75,3125.399902,3130,2964461,3222.949951
22-06-2022,2883.082031,3222.949951,3250.550049,3183,3199.899902,3336315,3308.800049
23-06-2022,2959.879395,3308.800049,3318,3222.949951,3222.949951,3692578,3293.100098
24-06-2022,2945.835205,3293.100098,3345,3277.5,3339,2132118,3314.699951
27-06-2022,2965.156982,3314.699951,3362.899902,3306.5,3350,2037686,3318.149902
28-06-2022,2968.24292,3318.149902,3330,3272.600098,3307,1400046,3290.5
29-06-2022,2943.508545,3290.5,3333,3271,3271,2133994,3267.100098
30-06-2022,2922.576172,3267.100098,3310.899902,3255,3272,2719603,3315.100098
01-07-2022,2965.514648,3315.100098,3333,3252.050049,3260,1502879,3235.050049
04-07-2022,2893.906494,3235.050049,3317.949951,3225.050049,3312,2622535,3216.300049
05-07-2022,2877.133301,3216.300049,3272,3206.949951,3255,2170627,3260.75
06-07-2022,2916.896484,3260.75,3268.5,3202.25,3218.5,2182144,3287.850098
07-07-2022,2941.138428,3287.850098,3319.399902,3265.050049,3271,1989921,3265.449951
08-07-2022,2921.100342,3265.449951,3305,3250,3300,2136916,3113.800049
11-07-2022,2785.442139,3113.800049,3225,3106,3206.149902,6974600,3084.699951
12-07-2022,2759.410889,3084.699951,3136.199951,3080.25,3114.899902,3734815,3038.75
13-07-2022,2718.306641,3038.75,3110,3035,3104,3863530,2998.75
14-07-2022,2689.605225,2998.75,3057,2967,3056,4764908,2994.600098
15-07-2022,2685.883301,2994.600098,3028.899902,2953,3018.550049,4574806,3063.5
18-07-2022,2747.68042,3063.5,3076.949951,3014.300049,3023,3202795,3074.25
19-07-2022,2757.321777,3074.25,3078.949951,3030.050049,3030.050049,1865074,3164.800049
20-07-2022,2838.536865,3164.800049,3171.949951,3098.050049,3107.800049,3402251,3177.300049
21-07-2022,2849.748779,3177.300049,3184,3144.050049,3167,2420640,3171
22-07-2022,2844.0979,3171,3197,3143.5,3185,2075886,3166.75
25-07-2022,2840.285889,3166.75,3186.449951,3149.100098,3165,1797504,3115.899902
26-07-2022,2794.678467,3115.899902,3168.899902,3096.5,3164.699951,2639367,3188.850098
27-07-2022,2860.107422,3188.850098,3194.100098,3110,3115,1389808,3260.5
28-07-2022,2924.371094,3260.5,3264,3201.649902,3216,2106333,3301.899902
29-07-2022,2961.503174,3301.899902,3317.300049,3275,3290,2430257,3298.800049
01-08-2022,2958.722412,3298.800049,3327,3271,3327,1306913,3291.800049
02-08-2022,2952.44458,3291.800049,3312.899902,3271.649902,3290,1269114,3339.5
03-08-2022,2995.227539,3339.5,3349,3277.050049,3280,2895824,3354.949951
04-08-2022,3009.084473,3354.949951,3387.899902,3307.350098,3350,2150567,3365.050049
05-08-2022,3018.142578,3365.050049,3377,3355,3361.199951,1106933,3374.449951
08-08-2022,3026.57373,3374.449951,3378.899902,3336,3365,1068836,3354.25
10-08-2022,3008.457031,3354.25,3385,3335,3385,1878359,3422.5
11-08-2022,3069.67041,3422.5,3428.699951,3375.050049,3400,1449248,3401.550049
12-08-2022,3050.880615,3401.550049,3419,3381.25,3419,1472354,3392.699951
16-08-2022,3042.942383,3392.699951,3414.850098,3387.5,3411,839942,3401.100098
17-08-2022,3050.476318,3401.100098,3417.949951,3371.100098,3385.100098,1622326,3381.25
18-08-2022,3032.67334,3381.25,3392,3362,3390,1430659,3385.75
19-08-2022,3036.709229,3385.75,3421.5,3371.25,3387,1398410,3354.550049
22-08-2022,3008.725342,3354.550049,3384.100098,3347.399902,3365,1536532,3284.600098
23-08-2022,2945.987061,3284.600098,3341.899902,3270,3319.949951,1849256,3255.350098
24-08-2022,2919.751709,3255.350098,3308,3250.199951,3292,1691923,3218.199951
25-08-2022,2886.432129,3218.199951,3278.149902,3214.75,3276,1946930,3222.199951
26-08-2022,2890.019287,3222.199951,3257,3216.800049,3234.300049,1457962,3132.550049
29-08-2022,2809.612061,3132.550049,3142.699951,3081,3125,2539173,3211.149902
30-08-2022,2880.108643,3211.149902,3226.5,3142.100098,3155,3431525,3131.699951
01-09-2022,2808.849609,3131.699951,3190,3121,3190,3546935,3130.399902
02-09-2022,2807.68335,3130.399902,3163,3120.300049,3163,2052900,3133.399902
05-09-2022,2810.374023,3133.399902,3147.949951,3112.25,3123.649902,2147912,3127.050049
06-09-2022,2804.678711,3127.050049,3140.850098,3106.350098,3135.5,1936453,3149.600098
07-09-2022,2824.904053,3149.600098,3161.899902,3102,3102,1291534,3169.649902
08-09-2022,2842.887207,3169.649902,3183.5,3160.100098,3170,1346113,3217.649902
09-09-2022,2885.938721,3217.649902,3233.5,3168.5,3195,1561185,3242.949951
12-09-2022,2908.630859,3242.949951,3269.800049,3225,3239.899902,1785928,3229.350098
13-09-2022,2896.432861,3229.350098,3263.449951,3225,3263.449951,1972678,3120.399902
14-09-2022,2798.714355,3120.399902,3141.399902,3113.800049,3135,5090269,3104.350098
15-09-2022,2784.319336,3104.350098,3137.75,3100,3130,2138023,3008.699951
16-09-2022,2698.529297,3008.699951,3094.350098,3000,3076,5322221,3028.800049
19-09-2022,2716.557617,3028.800049,3042,2987.800049,3036,2072220,3040.300049
20-09-2022,2726.87207,3040.300049,3079.949951,3030,3050,1544295,3001.199951
21-09-2022,2691.802734,3001.199951,3041.399902,2998.149902,3028,2253818,3007.399902
22-09-2022,2697.363525,3007.399902,3029.949951,2979.300049,2990,2017983,2982.050049
23-09-2022,2674.626953,2982.050049,3022.5,2979,3004,2652374,2994.399902
26-09-2022,2685.703857,2994.399902,3025.850098,2926.100098,2959.850098,2925489,3017.449951
27-09-2022,2706.37793,3017.449951,3025,2976,3009.399902,2227447,3035.649902
28-09-2022,2722.70166,3035.649902,3049.949951,2980,2980,2739767,2997.300049
29-09-2022,2688.304932,2997.300049,3055.850098,2990,3054,2493902,3004.550049
30-09-2022,2694.807373,3004.550049,3019.699951,2950.100098,2990.850098,2817353,2984.949951
03-10-2022,2677.228516,2984.949951,3020.699951,2974,2995,1763331,3091.149902
04-10-2022,2772.479736,3091.149902,3098,3023,3029.949951,2145875,3101.949951
06-10-2022,2782.166504,3101.949951,3124,3092.449951,3111,1790816,3064.899902
07-10-2022,2748.935303,3064.899902,3105,3058.100098,3097.399902,1939879,3118.550049
10-10-2022,2797.054932,3118.550049,3127,3005,3010,3064063,3069.550049
11-10-2022,2753.106934,3069.550049,3145,3053.350098,3100,4730645,3100.75
12-10-2022,2781.090088,3100.75,3109.899902,3062.050049,3084.899902,1665247,3103.300049
13-10-2022,2783.377197,3103.300049,3110,3052.350098,3100.75,2054781,3099.149902
14-10-2022,2779.655029,3099.149902,3150,3071,3145,2245977,3111.75
17-10-2022,2798.178955,3111.75,3128.399902,3071.449951,3072.649902,1517005,3144.699951
18-10-2022,2827.808838,3144.699951,3155.350098,3128.550049,3150,1793722,3121.850098
19-10-2022,2807.261963,3121.850098,3159,3112,3159,1194289,3157.300049
20-10-2022,2839.139404,3157.300049,3160,3105,3105,1587601,3137.399902
21-10-2022,2821.244385,3137.399902,3160.399902,3127,3157.800049,1021913,3161.699951
24-10-2022,2843.095459,3161.699951,3178,3155,3170.100098,260949,3162.100098
25-10-2022,2843.455322,3162.100098,3184.25,3151.149902,3180.5,2069643,3157.399902
27-10-2022,2839.229004,3157.399902,3174,3134.350098,3160.699951,2438421,3163.25
28-10-2022,2844.489746,3163.25,3178.5,3145,3150,1355739,3193.149902
31-10-2022,2871.376465,3193.149902,3199,3177.800049,3199,1919414,3259.699951
01-11-2022,2931.220215,3259.699951,3262.600098,3203.449951,3214.5,2991060,3241.699951
02-11-2022,2915.034424,3241.699951,3270,3222.050049,3270,1405955,3206.75
03-11-2022,2883.605957,3206.75,3228.050049,3195,3228.050049,1422652,3217.399902
04-11-2022,2893.182861,3217.399902,3220.050049,3166.149902,3217,1464013,3233.699951
07-11-2022,2907.840088,3233.699951,3242.800049,3195.100098,3229,1474498,3216.050049
09-11-2022,2891.968994,3216.050049,3249.800049,3201.649902,3249.800049,1162267,3205.649902
10-11-2022,2882.616455,3205.649902,3225,3170,3170,1573092,3315.949951
11-11-2022,2981.802246,3315.949951,3341.600098,3255.050049,3269.600098,3265394,3335.5
14-11-2022,2999.381592,3335.5,3349,3309,3324,1342074,3332.600098
15-11-2022,2996.774658,3332.600098,3339.949951,3292,3321,1400708,3355.350098
16-11-2022,3017.232178,3355.350098,3367.899902,3321.449951,3338.899902,1748235,3349
17-11-2022,3011.521729,3349,3360,3317.75,3340,1417986,3343.449951
18-11-2022,3006.530273,3343.449951,3362.75,3321,3350,1164540,3283.5
21-11-2022,2952.62207,3283.5,3333.699951,3273,3322.5,1304194,3314.949951
22-11-2022,2980.903076,3314.949951,3318.949951,3255.25,3280,1149739,3308.300049
23-11-2022,2974.923096,3308.300049,3330,3291,3330,1150011,3380.149902
24-11-2022,3039.532471,3380.149902,3392.949951,3308.300049,3316.25,1296591,3389.649902
25-11-2022,3048.074951,3389.649902,3403.350098,3348,3383,1588981,3395.25
28-11-2022,3053.11084,3395.25,3417,3365.550049,3366,2195437,3397.350098
29-11-2022,3054.999023,3397.350098,3429,3383,3383,1576028,3390.800049
30-11-2022,3049.109375,3390.800049,3414.899902,3375,3383,3410702,3475.649902
01-12-2022,3125.408691,3475.649902,3480,3420,3425,2180856,3439.149902
02-12-2022,3092.587646,3439.149902,3468.899902,3413,3458.100098,2411749,3425.899902
05-12-2022,3080.672119,3425.899902,3439.149902,3407,3433,1475065,3385.350098
06-12-2022,3044.208252,3385.350098,3407.949951,3368,3400.050049,1166999,3380.600098
07-12-2022,3039.9375,3380.600098,3393.699951,3354,3368.300049,1167505,3350.550049
08-12-2022,3012.915283,3350.550049,3380.600098,3339.449951,3360,1285619,3292.75
09-12-2022,2960.939941,3292.75,3374.100098,3276.350098,3374.100098,1797896,3286.449951
12-12-2022,2955.274902,3286.449951,3296,3236.100098,3255.5,1527610,3332.100098
13-12-2022,2996.324463,3332.100098,3336.449951,3267.800049,3277.199951,1378016,3365.350098
14-12-2022,3026.223633,3365.350098,3377,3340.899902,3348.800049,1213311,3305.100098
15-12-2022,2972.045654,3305.100098,3364.75,3298.949951,3358.800049,1415694,3240.25
16-12-2022,2913.730225,3240.25,3292,3225.199951,3275,2703680,3202.050049
19-12-2022,2879.379395,3202.050049,3245.5,3194.5,3227,2120965,3243.949951
20-12-2022,2917.057373,3243.949951,3249,3163.649902,3198.899902,1529971,3268.550049
21-12-2022,2939.178223,3268.550049,3283.050049,3240,3249,1432566,3259.699951
22-12-2022,2931.220215,3259.699951,3294,3245.100098,3294,1384101,3228.350098
23-12-2022,2903.029785,3228.350098,3266.850098,3217,3217,1360281,3252.899902
26-12-2022,2925.105225,3252.899902,3272,3225.050049,3228.350098,870157,3259.5
27-12-2022,2931.040771,3259.5,3273.800049,3231.5,3269.199951,835883,3257.100098
28-12-2022,2928.882324,3257.100098,3266.100098,3226,3249.800049,910795,3268.75
29-12-2022,2939.358154,3268.75,3271.5,3228,3231.100098,1037927,3256.699951
30-12-2022,2928.522217,3256.699951,3299,3246.199951,3286.050049,1163131,3261.449951
02-01-2023,2932.793945,3261.449951,3266.850098,3235.199951,3261,709547,3311.350098
03-01-2023,2977.665771,3311.350098,3320,3245.300049,3252,1245178,3314.649902
04-01-2023,2980.632813,3314.649902,3327.350098,3286.199951,3306.699951,1231668,3311.100098
05-01-2023,2977.440918,3311.100098,3337.300049,3281.949951,3330.199951,1826057,3211.550049
06-01-2023,2887.922363,3211.550049,3301.550049,3200,3300,2488376,3319.949951
09-01-2023,2985.398926,3319.949951,3327,3221.149902,3229,2885060,3286.399902
10-01-2023,2955.229736,3286.399902,3298,3230.100098,3285,3864655,3328.699951
11-01-2023,2993.266846,3328.699951,3349.5,3271.149902,3290.100098,2720512,3334.350098
12-01-2023,2998.3479,3334.350098,3350,3315.550049,3329,2250391,3374.550049
13-01-2023,3034.497314,3374.550049,3379,3305,3342.899902,1742837,3334.050049
16-01-2023,3066.225586,3334.050049,3353,3298.050049,3317,1843607,3378.399902
17-01-2023,3107.012939,3378.399902,3381.800049,3321,3330,1688475,3390
18-01-2023,3117.681396,3390,3408.949951,3372.25,3380,2421189,3373.100098
19-01-2023,3102.138428,3373.100098,3387,3361,3380,1585044,3363.100098
20-01-2023,3092.941895,3363.100098,3394.649902,3355.600098,3365,1529349,3414.899902
23-01-2023,3140.580811,3414.899902,3419,3355.600098,3388,1067916,3436.300049
24-01-2023,3160.261963,3436.300049,3451.949951,3417.300049,3425,1387863,3429.75
25-01-2023,3154.237793,3429.75,3435,3405,3425.300049,874110,3411.050049
27-01-2023,3137.040283,3411.050049,3446,3382.300049,3426,1785879,3433.649902
30-01-2023,3157.824463,3433.649902,3458.449951,3385.550049,3420,1953798,3358.699951
31-01-2023,3088.895264,3358.699951,3449,3351,3449,2820375,3408.350098
01-02-2023,3134.557373,3408.350098,3419,3355,3363,2205161,3460.399902
02-02-2023,3182.426025,3460.399902,3469,3420.100098,3427,1813847,3482.300049
03-02-2023,3202.56665,3482.300049,3504,3452.899902,3504,1804469,3459.949951
06-02-2023,3182.011719,3459.949951,3473.149902,3436.850098,3473.149902,1138714,3472.550049
07-02-2023,3193.599854,3472.550049,3493,3461.399902,3468.899902,1455647,3520.100098
08-02-2023,3237.330322,3520.100098,3539.899902,3478.050049,3478.050049,1986946,3540.850098
09-02-2023,3256.413574,3540.850098,3547.600098,3505.300049,3515,1655427,3537.550049
10-02-2023,3253.37793,3537.550049,3542.350098,3508.149902,3520,1187821,3482.399902
13-02-2023,3202.658447,3482.399902,3549,3473.399902,3549,1087939,3500.100098
14-02-2023,3218.936768,3500.100098,3524.850098,3495,3505,1579818,3520.649902
15-02-2023,3237.835693,3520.649902,3526,3460.149902,3487,1429449,3558.050049
16-02-2023,3272.231689,3558.050049,3575,3527,3527.199951,1618931,3501.149902
17-02-2023,3219.9021,3501.149902,3538.899902,3490,3526.149902,1061369,3487.300049
20-02-2023,3207.164795,3487.300049,3522,3475.050049,3502,1296082,3451
21-02-2023,3173.781006,3451,3508.899902,3444.75,3494,1139541,3401.550049
22-02-2023,3128.302979,3401.550049,3447,3395,3414.949951,1218430,3413.800049
23-02-2023,3139.569336,3413.800049,3452.399902,3408,3421,1441570,3400.449951
24-02-2023,3127.291748,3400.449951,3433.949951,3382.300049,3422.5,977592,3331.850098
27-02-2023,3064.202881,3331.850098,3390,3316,3390,1128022,3312.850098
28-02-2023,3046.728271,3312.850098,3392,3299.899902,3328.5,4116217,3385.699951
01-03-2023,3113.726563,3385.699951,3389,3315,3323,1669307,3321.449951
02-03-2023,3054.637451,3321.449951,3369.899902,3318,3361,1556538,3342.149902
03-03-2023,3073.675049,3342.149902,3358,3331.100098,3354,1043190,3371.850098
06-03-2023,3100.989014,3371.850098,3404.949951,3359,3361.899902,1334132,3390.399902
08-03-2023,3118.048584,3390.399902,3396,3330.850098,3364,1844590,3336.850098
09-03-2023,3068.800781,3336.850098,3385,3330.850098,3385,1648500,3331
10-03-2023,3063.420654,3331,3337.25,3290,3312.899902,1024404,3281.949951
13-03-2023,3018.310791,3281.949951,3369.800049,3272,3333,1901233,3214.949951
14-03-2023,2956.692627,3214.949951,3304.399902,3209.399902,3280,2670334,3198.899902
15-03-2023,2941.931641,3198.899902,3260.350098,3192,3250,1780522,3185
16-03-2023,2929.148682,3185,3219.800049,3172,3208,1901060,3179.300049
17-03-2023,2923.906738,3179.300049,3221.399902,3144,3150.5,6739966,3143.300049
20-03-2023,2890.798828,3143.300049,3169.649902,3095.050049,3169.649902,2289468,3106.100098
21-03-2023,2856.586914,3106.100098,3156.75,3097.449951,3143.300049,1815297,3130.800049
22-03-2023,2879.303223,3130.800049,3143.5,3106.100098,3130.050049,1123939,3124.649902
23-03-2023,2873.646729,3124.649902,3146.350098,3101,3114.899902,1372218,3120.5
24-03-2023,2869.830322,3120.5,3170,3106,3148.899902,1329577,3122.300049
27-03-2023,2871.485596,3122.300049,3152.75,3106,3135,1524217,3115.899902
28-03-2023,2865.599609,3115.899902,3149.550049,3110.149902,3127,1303530,3138.899902
29-03-2023,2886.751709,3138.899902,3150,3104.100098,3129,1740616,3205.899902
31-03-2023,2948.369629,3205.899902,3213,3152,3189.949951,2382581,3200
03-04-2023,2942.943848,3200,3224.949951,3173.75,3224.949951,1521830,3239.800049
05-04-2023,2979.546631,3239.800049,3264.350098,3185.5,3185.5,2655065,3220.699951
06-04-2023,2961.980713,3220.699951,3257.350098,3215,3225,1703464,3263.399902
10-04-2023,3001.250488,3263.399902,3272,3215,3220,2203187,3213.800049
11-04-2023,2955.635254,3213.800049,3272.949951,3192.149902,3264,2348779,3241.649902
12-04-2023,2981.248047,3241.649902,3260.949951,3199,3227.949951,2417727,3188.850098
13-04-2023,2932.689209,3188.850098,3230,3180,3210,4174070,3139.5
17-04-2023,2887.303711,3139.5,3163.399902,3070.25,3134.100098,5505048,3130.75
18-04-2023,2879.256592,3130.75,3156.850098,3110.600098,3154.949951,2617302,3089.600098
19-04-2023,2841.412109,3089.600098,3140,3071.5,3130.75,3298034,3104.800049
20-04-2023,2855.391357,3104.800049,3113,3078,3090,2419999,3160.850098
21-04-2023,2906.938721,3160.850098,3164.449951,3100.800049,3110,1929184,3174.800049
24-04-2023,2919.768066,3174.800049,3180.949951,3126.149902,3151.100098,1640676,3176
25-04-2023,2920.871338,3176,3191.199951,3147.5,3183,2024090,3198.149902
26-04-2023,2941.242432,3198.149902,3208.399902,3181,3181,2000029,3187.949951
27-04-2023,2931.861572,3187.949951,3199.199951,3170.649902,3185,2434446,3219.25
28-04-2023,2960.647705,3219.25,3227.25,3196.25,3200.399902,2931312,3219.399902
02-05-2023,2960.785156,3219.399902,3235,3210,3235,2321159,3179.899902
03-05-2023,2924.458008,3179.899902,3216,3173.149902,3216,2468285,3220.699951
04-05-2023,2961.980713,3220.699951,3224.449951,3178,3180.149902,1953253,3230.699951
05-05-2023,2971.177979,3230.699951,3244,3210.050049,3220,1710027,3250.600098
08-05-2023,2989.479492,3250.600098,3254.850098,3231.300049,3245,928235,3283.25
09-05-2023,3019.506592,3283.25,3298,3246,3252.600098,1107375,3286.800049
10-05-2023,3022.770752,3286.800049,3306.5,3266.050049,3290,1559987,3282.149902
11-05-2023,3018.494629,3282.149902,3309.699951,3272,3309,1719623,3274.300049
12-05-2023,3011.275146,3274.300049,3290,3260,3279.149902,1027479,3255.050049
15-05-2023,2993.571533,3255.050049,3292,3248.350098,3284,1150390,3258.149902
16-05-2023,2996.422363,3258.149902,3285,3250.449951,3256.199951,986306,3208.699951
17-05-2023,2950.94458,3208.699951,3280,3198.25,3255.949951,1588815,3199.850098
18-05-2023,2942.805908,3199.850098,3228.949951,3195,3225.949951,1369364,3222.850098
19-05-2023,2963.958008,3222.850098,3234.5,3203.050049,3210,1152449,3298.699951
22-05-2023,3033.714844,3298.699951,3308.449951,3217.050049,3230,1333243,3297.050049
23-05-2023,3032.197754,3297.050049,3327.949951,3290.100098,3306,1687418,3303.350098
24-05-2023,3037.991699,3303.350098,3317.199951,3276,3276,1016555,3293.5
25-05-2023,3028.932617,3293.5,3306,3267.100098,3294,1374917,3328.899902
26-05-2023,3061.489014,3328.899902,3338.649902,3291,3293.5,1791115,3320.350098
29-05-2023,3053.625977,3320.350098,3372,3312,3360.800049,1210372,3316.199951
30-05-2023,3049.80957,3316.199951,3326.949951,3301.350098,3315,1344224,3289.5
31-05-2023,3025.254395,3289.5,3327.699951,3265.149902,3309,5815424,3324
01-06-2023,3056.982666,3324,3340,3297.5,3314,1177314,3305.600098
02-06-2023,3040.061035,3305.600098,3335.899902,3297.449951,3326.25,2030661,3288.899902
05-06-2023,3024.702393,3288.899902,3327,3285.050049,3315,1861468,3232.300049
06-06-2023,2972.649414,3232.300049,3288.850098,3220.600098,3280,2022849,3274.899902
07-06-2023,3011.826904,3274.899902,3278.850098,3241,3253,1567196,3236.449951
08-06-2023,2976.465332,3236.449951,3270,3233,3261,1759366,3209.300049
09-06-2023,2951.496582,3209.300049,3250,3205.350098,3245,1775689,3246.899902
12-06-2023,2986.076172,3246.899902,3254.399902,3211,3215,2324605,3243.699951
13-06-2023,2983.133545,3243.699951,3265,3239,3260,1371928,3251.050049
14-06-2023,2989.892578,3251.050049,3255.850098,3225.850098,3243.699951,1658544,3216.300049
15-06-2023,2979.932617,3216.300049,3247.449951,3210,3245.300049,2273810,3174.899902
16-06-2023,2941.575195,3174.899902,3199.399902,3156,3197,4156189,3210.399902
19-06-2023,2974.466064,3210.399902,3214.899902,3175,3190,1468186,3227.699951
20-06-2023,2990.495117,3227.699951,3232.5,3201.050049,3214,1528452,3258.199951
21-06-2023,3018.753662,3258.199951,3261.399902,3223.949951,3250,1645987,3238.5
22-06-2023,3000.501221,3238.5,3267.649902,3230.100098,3260,1529603,3216.350098
23-06-2023,2979.979736,3216.350098,3249.399902,3209.149902,3237.300049,1119505,3189.649902
26-06-2023,2955.241211,3189.649902,3213.899902,3173,3205,1978803,3197.350098
27-06-2023,2962.375488,3197.350098,3209.649902,3182.300049,3202,863542,3215.449951
28-06-2023,2979.14502,3215.449951,3230.949951,3193.399902,3208,1575872,3302.25
30-06-2023,3059.566406,3302.25,3310,3214.100098,3220,2672406,3272.300049
03-07-2023,3031.817139,3272.300049,3318.800049,3268.75,3314.300049,1687264,3308.850098
04-07-2023,3065.681396,3308.850098,3315,3277.300049,3290,1656681,3319.949951
05-07-2023,3075.965576,3319.949951,3329,3305,3320,1453008,3322.899902
06-07-2023,3078.69873,3322.899902,3328.449951,3302,3306.550049,1848238,3329.25
07-07-2023,3084.582275,3329.25,3356.899902,3302,3302,1789326,3271.949951
10-07-2023,3031.493164,3271.949951,3324.75,3265.199951,3324.75,1407431,3272.399902
11-07-2023,3031.909912,3272.399902,3295,3260.800049,3295,1110172,3259.899902
12-07-2023,3020.328369,3259.899902,3289.149902,3250.100098,3280.949951,1515240,3340.550049
13-07-2023,3095.051758,3340.550049,3367.449951,3272.75,3284,4585146,3514.649902
14-07-2023,3256.357178,3514.649902,3524.850098,3352,3365,6306101,3491.699951
17-07-2023,3235.09375,3491.699951,3549.899902,3477.050049,3510,2743228,3496.850098
18-07-2023,3239.865234,3496.850098,3524,3465,3476,2600090,3470.050049
19-07-2023,3215.034668,3470.050049,3516.850098,3445.649902,3500,2405370,3463.300049
20-07-2023,3217.125,3463.300049,3478.899902,3436.050049,3453.100098,1715404,3368.300049
21-07-2023,3128.877686,3368.300049,3434.899902,3359.050049,3404.050049,3770223,3394.75
24-07-2023,3153.446777,3394.75,3413.449951,3372.100098,3381,1680132,3399.149902
25-07-2023,3157.53418,3399.149902,3406.800049,3380.199951,3397.5,1272980,3388.300049
26-07-2023,3147.455811,3388.300049,3420.850098,3385,3400.350098,1066803,3396.899902
27-07-2023,3155.444336,3396.899902,3411.649902,3385.050049,3394.949951,1701769,3355.399902
28-07-2023,3116.894775,3355.399902,3393.699951,3331,3385,2599831,3421.449951
31-07-2023,3178.249756,3421.449951,3426.649902,3360.899902,3364.399902,2743678,3452.050049
01-08-2023,3206.674316,3452.050049,3460,3415,3415,1956167,3440.649902
02-08-2023,3196.084473,3440.649902,3446.399902,3413.600098,3434.949951,1914899,3399.949951
03-08-2023,3158.277832,3399.949951,3433.25,3368,3420,2026351,3443.550049
04-08-2023,3198.778564,3443.550049,3471,3401.25,3401.25,2248493,3484.050049
07-08-2023,3236.400146,3484.050049,3488,3441.25,3453.949951,1853889,3470.600098
08-08-2023,3223.90625,3470.600098,3489.949951,3456.600098,3484.050049,1634225,3462.5
09-08-2023,3216.381592,3462.5,3467,3425.050049,3464.899902,1794589,3442.100098
10-08-2023,3197.431396,3442.100098,3464.899902,3430.050049,3450,1096701,3448.800049
11-08-2023,3203.655762,3448.800049,3466.649902,3414,3438.100098,1679974,3449.850098
14-08-2023,3204.630859,3449.850098,3455,3411,3440.699951,1190425,3458.399902
16-08-2023,3212.572998,3458.399902,3466,3435.199951,3450,1328445,3435.75
17-08-2023,3191.533691,3435.75,3460.800049,3413.199951,3455,1843241,3367.100098
18-08-2023,3127.763184,3367.100098,3410,3356.5,3410,2526749,3401.649902
21-08-2023,3159.856934,3401.649902,3409.75,3372,3375,1375579,3382.149902
22-08-2023,3141.74292,3382.149902,3411,3365.050049,3400,1222012,3398.25
23-08-2023,3156.698486,3398.25,3402,3376,3388,1330046,3387.75
24-08-2023,3146.945313,3387.75,3413.050049,3378.100098,3408,1152881,3381.300049
25-08-2023,3140.953369,3381.300049,3385.800049,3350.25,3375,1158046,3375.550049
28-08-2023,3135.612305,3375.550049,3394,3360.100098,3394,1037485,3376.149902
29-08-2023,3136.169434,3376.149902,3389.550049,3365,3381.050049,944517,3390.949951
30-08-2023,3149.91748,3390.949951,3408.100098,3383.050049,3398,1188200,3356.800049
31-08-2023,3118.195313,3356.800049,3417.399902,3343.649902,3401,3417652,3379.199951
01-09-2023,3139.002686,3379.199951,3389,3356.800049,3366,1277950,3418.5
04-09-2023,3175.509277,3418.5,3432.850098,3370.050049,3378,1828332,3429.350098
05-09-2023,3185.588623,3429.350098,3447,3405.149902,3420,1501842,3429.899902
06-09-2023,3186.098633,3429.899902,3443.899902,3398.100098,3434,1314818,3455.25
07-09-2023,3209.647217,3455.25,3460,3422.300049,3430.800049,1885092,3441.899902
08-09-2023,3197.24585,3441.899902,3465,3435.050049,3455.25,1518917,3480.649902
11-09-2023,3233.241455,3480.649902,3485.699951,3445,3462,1783604,3580.800049
12-09-2023,3326.272705,3580.800049,3589.899902,3483,3492,4476016,3567.850098
13-09-2023,3314.243408,3567.850098,3588.850098,3545,3571.100098,1754929,3560.050049
14-09-2023,3306.997803,3560.050049,3597.699951,3545.600098,3570.050049,2604721,3598.300049
15-09-2023,3342.529053,3598.300049,3607.350098,3562.449951,3567.850098,2952897,3606.149902
18-09-2023,3349.820557,3606.149902,3619.300049,3575.25,3580.050049,1395753,3606.050049
20-09-2023,3349.728027,3606.050049,3625,3580,3580,1649396,3585.300049
21-09-2023,3330.452881,3585.300049,3605,3528,3588.550049,2004073,3603.649902
22-09-2023,3347.498779,3603.649902,3633.75,3565.050049,3584,1989083,3577.149902
25-09-2023,3322.881836,3577.149902,3620,3558.649902,3602.5,1238778,3585.699951
26-09-2023,3330.824463,3585.699951,3594.949951,3536,3567.600098,1726062,3589.300049
27-09-2023,3334.168701,3589.300049,3614,3555.699951,3590,1541134,3536.75
28-09-2023,3285.354004,3536.75,3602.800049,3527.350098,3600,1755753,3528.600098
29-09-2023,3277.782959,3528.600098,3568.449951,3505.550049,3537.199951,2243791,3513.850098
03-10-2023,3264.081787,3513.850098,3534.199951,3480.100098,3534.199951,1948148,3537.75
04-10-2023,3286.282715,3537.75,3548,3477.300049,3486.300049,1788138,3589.350098
05-10-2023,3334.215088,3589.350098,3624,3551.199951,3554,2990768,3621.399902
06-10-2023,3363.986816,3621.399902,3634.949951,3575.050049,3591,2075691,3638.350098
09-10-2023,3379.732178,3638.350098,3679,3631,3645.050049,4233074,3628.899902
10-10-2023,3370.953857,3628.899902,3648,3601.350098,3640.050049,1848148,3609.899902
11-10-2023,3353.304443,3609.899902,3650,3605,3650,2426417,3542.550049
12-10-2023,3290.741455,3542.550049,3588.649902,3538.100098,3575,4241281,3570.850098
13-10-2023,3317.030029,3570.850098,3577,3525,3530,2890357,3524.050049
16-10-2023,3273.557129,3524.050049,3574.649902,3519.100098,3566,1671104,3507.050049
17-10-2023,3257.765137,3507.050049,3534.149902,3503.350098,3530,1672065,3487.25
18-10-2023,3239.372314,3487.25,3522.699951,3484,3511,1408245,3455.649902
19-10-2023,3218.324219,3455.649902,3476.850098,3451.899902,3469.5,1514545,3494.550049
20-10-2023,3254.552979,3494.550049,3499.5,3444.050049,3450.399902,1481211,3410.149902
23-10-2023,3175.949219,3410.149902,3478.949951,3401.300049,3473,1106272,3390.100098
25-10-2023,3157.276123,3390.100098,3425,3377.199951,3390.5,1518537,3336.75
26-10-2023,3107.590332,3336.75,3373.699951,3330,3368.050049,1984471,3350.949951
27-10-2023,3120.814941,3350.949951,3362,3337,3350,1108851,3378.550049
30-10-2023,3146.519775,3378.550049,3382.850098,3333.75,3350,910972,3368.75
31-10-2023,3137.392334,3368.75,3399,3350.050049,3399,999811,3330.649902
01-11-2023,3101.909424,3330.649902,3371.600098,3311,3355,1563475,3360.100098
02-11-2023,3129.33667,3360.100098,3375.949951,3343.199951,3343.199951,1245384,3350.899902
03-11-2023,3120.768066,3350.899902,3387.899902,3344.300049,3382,1402598,3380.25
06-11-2023,3148.102539,3380.25,3392.300049,3359,3375,1099852,3370.449951
07-11-2023,3138.976074,3370.449951,3404.149902,3366,3378,1191144,3381.550049
08-11-2023,3149.313477,3381.550049,3401.949951,3369.550049,3371.449951,992899,3347.449951
09-11-2023,3117.555664,3347.449951,3391.5,3342.050049,3390.100098,2112352,3333.449951
10-11-2023,3104.51709,3333.449951,3347.449951,3322.350098,3338,1338557,3331.550049
13-11-2023,3102.747559,3331.550049,3356,3327,3356,1030990,3404.300049
15-11-2023,3170.500977,3404.300049,3413,3356.050049,3383.100098,2059802,3497.850098
16-11-2023,3257.626221,3497.850098,3529.350098,3414.199951,3430.050049,3951984,3502.449951
17-11-2023,3261.909912,3502.449951,3524.5,3492.550049,3497.850098,2021292,3519.600098
20-11-2023,3277.882568,3519.600098,3533.899902,3491.25,3491.25,1475621,3510.199951
21-11-2023,3269.12793,3510.199951,3539.050049,3501,3519.600098,1807236,3530.149902
22-11-2023,3287.707764,3530.149902,3532.649902,3481.100098,3500,1798051,3508.25
23-11-2023,3267.312012,3508.25,3544,3500,3530,2729804,3457.100098
24-11-2023,3219.675049,3457.100098,3504.550049,3453,3494.25,1989733,3470.149902
28-11-2023,3231.828613,3470.149902,3481.25,3433,3457.100098,1689195,3513.75
29-11-2023,3272.434326,3513.75,3518,3475.800049,3481,1441634,3487.600098
30-11-2023,3248.080322,3487.600098,3516.649902,3481,3499.449951,3266235,3511.649902
01-12-2023,3270.478516,3511.649902,3516.949951,3490.050049,3500,1172141,3512.449951
04-12-2023,3271.223633,3512.449951,3547.800049,3498,3544.649902,1625213,3531.600098
05-12-2023,3289.058594,3531.600098,3538,3502.800049,3538,1377656,3604.100098
06-12-2023,3356.57959,3604.100098,3612.850098,3525.149902,3532.600098,1896572,3614.899902
07-12-2023,3366.637451,3614.899902,3630.550049,3591.699951,3605,1967653,3626.699951
08-12-2023,3377.627197,3626.699951,3645,3602.050049,3633,1641155,3642.899902
11-12-2023,3392.7146,3642.899902,3653,3615,3622.899902,1102503,3672.100098
12-12-2023,3419.909912,3672.100098,3698.399902,3631,3638.949951,2236866,3593.550049
13-12-2023,3346.753906,3593.550049,3650,3563,3643.550049,3850968,3667.25
14-12-2023,3415.39209,3667.25,3678,3627.600098,3630,3290396,3861
15-12-2023,3595.835693,3861,3895.949951,3666.699951,3666.699951,8531230,3859.199951
18-12-2023,3594.159424,3859.199951,3929,3830.149902,3858.100098,2521612,3816.199951
19-12-2023,3554.112549,3816.199951,3855.100098,3790,3845,2004435,3780.050049
20-12-2023,3520.445557,3780.050049,3898.800049,3766.550049,3827.25,2586083,3787.5
21-12-2023,3527.383789,3787.5,3806.699951,3743.350098,3756.25,1517562,3824
22-12-2023,3561.377197,3824,3845.949951,3762,3800,2413058,3795.550049
26-12-2023,3534.880859,3795.550049,3834,3790.149902,3819.850098,1285231,3811.199951
27-12-2023,3549.456543,3811.199951,3818.199951,3768,3799,1293976,3799.899902
28-12-2023,3538.931885,3799.899902,3838,3792.100098,3824,1682889,3793.399902
29-12-2023,3532.878662,3793.399902,3822.600098,3765.399902,3792,1574996,3811.100098
01-01-2024,3549.363281,3811.100098,3832,3773,3790,825907,3783.199951
02-01-2024,3523.378906,3783.199951,3811.100098,3767.25,3811.100098,1344068,3691.75
03-01-2024,3438.209717,3691.75,3771.850098,3687.050049,3767,1803075,3666.800049
04-01-2024,3414.973389,3666.800049,3719,3651,3701.75,3598144,3737.899902
05-01-2024,3481.190186,3737.899902,3747.75,3674.850098,3675,1963127,3678.300049
08-01-2024,3425.68335,3678.300049,3739.75,3672.399902,3737.899902,1067805,3689.899902
09-01-2024,3436.486572,3689.899902,3752.350098,3682.75,3709.949951,1370944,3713.050049
10-01-2024,3458.047119,3713.050049,3729.25,3688,3690,1292227,3735.550049
11-01-2024,3479.001709,3735.550049,3773,3707,3724,1777909,3882.800049
12-01-2024,3616.13916,3882.800049,3905.25,3821.600098,3848,6813450,3903.800049
15-01-2024,3635.697021,3903.800049,3965,3885,3960,2801505,3861.300049
16-01-2024,3596.115234,3861.300049,3899,3855.550049,3899,1432672,3884.600098
17-01-2024,3617.81543,3884.600098,3909.949951,3812.550049,3819,3458696,3902.600098
18-01-2024,3634.579102,3902.600098,3908.800049,3862,3898,2239110,3943.050049
19-01-2024,3697.834473,3943.050049,3963.550049,3915.050049,3945,2941975,3858.25
23-01-2024,3618.308105,3858.25,3933.899902,3842.75,3900,2618854,3841.800049
24-01-2024,3602.881104,3841.800049,3883.649902,3805.600098,3880,2657709,3810.300049
25-01-2024,3573.340088,3810.300049,3861,3778.699951,3839.899902,2205154,3801
29-01-2024,3564.618408,3801,3820,3780.850098,3800.800049,1646747,3800.550049
30-01-2024,3564.196533,3800.550049,3847.800049,3787,3807.449951,1411621,3815.949951
31-01-2024,3578.638672,3815.949951,3834,3796.449951,3811.199951,2459358,3854.149902
01-02-2024,3614.463135,3854.149902,3904.899902,3805.050049,3820,2363107,3966.300049
02-02-2024,3719.638916,3966.300049,3984.399902,3872,3875.050049,2826510,3973.300049
05-02-2024,3726.203369,3973.300049,4022,3962.100098,3983,1691523,4136
06-02-2024,3878.784668,4136,4149.899902,3990,3997,4474396,4083.399902
07-02-2024,3829.456055,4083.399902,4155,4073.949951,4153,2124267,4134.100098
08-02-2024,3877.003662,4134.100098,4158,4086.050049,4090,2345173,4133.700195
09-02-2024,3876.628418,4133.700195,4184.75,4100,4136.549805,2100596,4120.700195
12-02-2024,3864.437012,4120.700195,4159.600098,4105.549805,4130,1013716,4149.5
13-02-2024,3891.445801,4149.5,4170,4081.5,4125.450195,1257415,4100.100098
14-02-2024,3845.11792,4100.100098,4114.899902,4049.5,4107,1391283,4103.200195
15-02-2024,3848.025146,4103.200195,4146.299805,4083,4128,1091582,4128.299805
16-02-2024,3871.563721,4128.299805,4147.950195,4100.100098,4113.25,1307556,4103.799805
19-02-2024,3848.587646,4103.799805,4128.299805,4055,4123.049805,772291,4030.649902
20-02-2024,3779.986328,4030.649902,4098,4010,4082.100098,1193648,3991.5
21-02-2024,3743.271729,3991.5,4063.350098,3980.600098,4013,1885939,4087.100098
22-02-2024,3832.92627,4087.100098,4094.949951,3971,3971,2982052,4052.100098
23-02-2024,3800.102539,4052.100098,4130,4046.399902,4130,2538072,4001.050049
26-02-2024,3752.227051,4001.050049,4050,3982.75,4036,1379284,4104.399902
27-02-2024,3849.149902,4104.399902,4124,3999,3999,2960475,4118.950195
28-02-2024,3862.795898,4118.950195,4154.899902,4089,4095.600098,1939225,4095.100098
29-02-2024,3840.428467,4095.100098,4138.100098,4064.550049,4099,3772719,4094.350098
01-03-2024,3839.725586,4094.350098,4140,4086.800049,4107.200195,2043265,4080.699951
04-03-2024,3826.924072,4080.699951,4117.899902,4075.899902,4105,1749271,4012.100098
05-03-2024,3762.59082,4012.100098,4064,3980,4062,2070859,4064.300049
06-03-2024,3811.544434,4064.300049,4072,3958.449951,3994.050049,1744204,4108.600098
07-03-2024,3853.089111,4108.600098,4124,4037.699951,4065,2688905,4122.350098
11-03-2024,3865.984375,4122.350098,4153,4089,4089,2304068,4192.25
12-03-2024,3931.536865,4192.25,4229.950195,4121.049805,4122.350098,4039801,4149
13-03-2024,3890.976807,4149,4241,4131.899902,4205,2837260,4207.600098
14-03-2024,3945.932373,4207.600098,4225,4086,4153.450195,2919608,4219.25
15-03-2024,3956.857666,4219.25,4239,4177,4192.600098,3373143,4152.5
18-03-2024,3894.258789,4152.5,4254.75,4117.850098,4215.25,1526904,3977.300049
19-03-2024,3729.954346,3977.300049,4058,3966.600098,4051.25,8931209,3970.899902
20-03-2024,3723.952393,3970.899902,4018,3960.199951,3986,1817913,3972.949951
21-03-2024,3725.874756,3972.949951,4008.399902,3948,3990.050049,3829582,3910.899902
22-03-2024,3667.683838,3910.899902,3938,3855,3897,5852485,3877.5
26-03-2024,3636.36084,3877.5,3946.699951,3871.449951,3875,3440925,3840.899902
27-03-2024,3602.036865,3840.899902,3895,3829.399902,3888.5,1968575,3876.300049
28-03-2024,3635.235352,3876.300049,3915,3840.5,3850.100098,4311783,3916.75
01-04-2024,3673.170166,3916.75,3933.300049,3888.050049,3897.699951,1569676,3883.800049
02-04-2024,3642.269287,3883.800049,3909.850098,3873,3890,2142666,3947.300049
03-04-2024,3701.820313,3947.300049,3981,3851,3851,3973090,4003.300049
04-04-2024,3754.337646,4003.300049,4028.649902,3935.25,3975.899902,3394637,3979.25
05-04-2024,3731.783203,3979.25,4002,3960.5,3978,1636819,3972.550049
08-04-2024,3725.5,3972.550049,4032.649902,3960,3983,2302538,3946.550049
09-04-2024,3701.116943,3946.550049,4015.850098,3925.050049,3984,1876992,3984.649902
10-04-2024,3736.847168,3984.649902,3990.199951,3918,3956.399902,2101965,4001.399902
12-04-2024,3752.555908,4001.399902,4013.350098,3945.5,3971,4354821,3941.199951
15-04-2024,3696.099365,3941.199951,4064.199951,3919.050049,4001.399902,4200329,3872.800049
16-04-2024,3631.953125,3872.800049,3928.699951,3862.850098,3902,3051420,3862
18-04-2024,3621.824951,3862,3936,3850,3876.800049,3476284,3826.199951
19-04-2024,3588.251465,3826.199951,3852.550049,3800.899902,3838,2957749,3864.600098
22-04-2024,3624.263184,3864.600098,3878,3812,3837,1728883,3874.699951
23-04-2024,3633.735107,3874.699951,3895,3860.600098,3877.050049,1807586,3831.050049
24-04-2024,3592.800049,3831.050049,3898,3824.449951,3890,1317312,3852.199951
25-04-2024,3612.634277,3852.199951,3873.649902,3811,3811.199951,2856271,3821.350098
26-04-2024,3583.702881,3821.350098,3876.800049,3802.550049,3855.149902,2039178,3870.199951
29-04-2024,3629.514893,3870.199951,3877.800049,3819.199951,3838,1110693,3820.649902
30-04-2024,3583.046387,3820.649902,3881.75,3810,3872,2203078,3863.300049
02-05-2024,3623.043945,3863.300049,3871.100098,3778.050049,3778.050049,2491044,3843.399902
03-05-2024,3604.381592,3843.399902,3893.600098,3797.600098,3890.149902,2962234,3921.050049
06-05-2024,3677.202393,3921.050049,3939.949951,3853,3853,2053831,3978.949951
07-05-2024,3731.501953,3978.949951,3988,3913.5,3930.800049,2062112,3976.949951
08-05-2024,3729.626221,3976.949951,3984.300049,3938.600098,3961,1247685,3960.199951
09-05-2024,3713.917969,3960.199951,3971,3910.050049,3962,1726486,3893.899902
10-05-2024,3651.740967,3893.899902,3973.600098,3885.050049,3962.600098,1672489,3947.800049
13-05-2024,3702.289063,3947.800049,3955,3870,3884.5,931326,3901.199951
14-05-2024,3658.587158,3901.199951,3945.800049,3892.899902,3936,1058317,3880.399902
15-05-2024,3639.080811,3880.399902,3926.949951,3875.5,3904.5,1115021,3900.949951
16-05-2024,3684.942139,3900.949951,3909.5,3843.5,3891.100098,2599399,3834.100098
17-05-2024,3621.793945,3834.100098,3920,3830,3919,2765804,3820.199951
21-05-2024,3608.663574,3820.199951,3844.75,3810.050049,3830.600098,1908117,3832
22-05-2024,3619.810303,3832,3841.25,3817.550049,3835,1311168,3893.449951
23-05-2024,3677.857422,3893.449951,3905,3825.5,3840.949951,2095742,3849.5
24-05-2024,3636.341064,3849.5,3883.800049,3844.300049,3878.25,1309452,3847.050049
27-05-2024,3634.0271,3847.050049,3908.350098,3841.350098,3855,1841538,3839.899902
28-05-2024,3627.272705,3839.899902,3870,3830,3858,1801993,3803.649902
29-05-2024,3593.029785,3803.649902,3848.899902,3800,3848.899902,1568095,3736.100098
30-05-2024,3529.220459,3736.100098,3794.399902,3715.449951,3777,2919230,3670.949951
31-05-2024,3467.677734,3670.949951,3749.800049,3653.75,3740,10956800,3702.850098
03-06-2024,3497.811523,3702.850098,3751.550049,3696,3732.800049,2156773,3715
04-06-2024,3509.289063,3715,3745,3591.5,3700,3395997,3746.449951
05-06-2024,3538.997314,3746.449951,3783.800049,3700,3716,2799670,3830.399902
06-06-2024,3618.298584,3830.399902,3839.899902,3741.5,3781,4328036,3893.949951
07-06-2024,3678.329834,3893.949951,3915,3837.300049,3837.300049,4552445,3858.699951
10-06-2024,3645.031982,3858.699951,3905.899902,3841.899902,3895,1734661,3852.100098
11-06-2024,3638.797363,3852.100098,3879.949951,3841,3845,1419898,3831.649902
12-06-2024,3619.479492,3831.649902,3893.5,3827.449951,3874.399902,2177001,3878.149902
13-06-2024,3663.404785,3878.149902,3890,3852,3856.800049,1932323,3832.050049
14-06-2024,3619.857666,3832.050049,3889,3828,3889,1860730,3815.100098
18-06-2024,3603.846191,3815.100098,3842,3795.050049,3826.050049,1774045,3801.699951
19-06-2024,3591.187988,3801.699951,3833.850098,3792.949951,3827.649902,1509050,3787.25
20-06-2024,3577.538086,3787.25,3809.949951,3780.050049,3796,2846526,3810.75
21-06-2024,3599.737061,3810.75,3877.800049,3798.050049,3827,4642195,3816.800049
24-06-2024,3605.451904,3816.800049,3857,3791.300049,3808.75,1702154,3838.449951
25-06-2024,3625.902588,3838.449951,3847.649902,3792.899902,3817,1338808,3855.850098
26-06-2024,3642.3396,3855.850098,3866.949951,3841,3844.5,1639845,3934.149902
27-06-2024,3716.303955,3934.149902,3942,3818.100098,3831,4526556,3904.149902
28-06-2024,3687.965088,3904.149902,3960,3897.850098,3917.800049,2731571,3978.199951
01-07-2024,3757.915039,3978.199951,4001.699951,3884,3884,2658723,4017.399902
02-07-2024,3794.943848,4017.399902,4023.399902,3982.550049,3993.600098,2307449,3965.25
03-07-2024,3745.681885,3965.25,4026.100098,3955,4020,1821198,4020.949951
04-07-2024,3798.297607,4020.949951,4047.350098,3982.100098,3999.850098,2518001,4011.800049
05-07-2024,3789.654053,4011.800049,4026.75,3988,4010,1668616,3993.199951
08-07-2024,3772.084229,3993.199951,4031.25,3978.050049,4022,1758882,3985.5
09-07-2024,3764.810303,3985.5,4006.949951,3975.100098,3985,1305801,3909.149902
10-07-2024,3692.688232,3909.149902,4003.300049,3902,3983.699951,2669716,3923.699951
11-07-2024,3706.432129,3923.699951,3980,3895.600098,3931,4872189,4183.950195
12-07-2024,3952.271973,4183.950195,4199.950195,3971.300049,3980,13509164,4169.200195
15-07-2024,3938.338379,4169.200195,4240,4157.049805,4235.700195,4848030,4178.450195
16-07-2024,3947.075928,4178.450195,4194.549805,4144.899902,4172,2029521,4315.549805
18-07-2024,4076.584473,4315.549805,4325,4160,4160,5613364,4302.399902
19-07-2024,4073.602051,4302.399902,4358.75,4285.25,4317.399902,3903354,4287.350098
22-07-2024,4059.352295,4287.350098,4319.950195,4265,4299.950195,1896386,4302.350098
23-07-2024,4073.554688,4302.350098,4361.700195,4266.299805,4283,2365208,4306.25
24-07-2024,4077.246826,4306.25,4339.100098,4268.100098,4287.5,1809793,4322.5
25-07-2024,4092.633057,4322.5,4343,4274.200195,4295,2810342,4387.850098
26-07-2024,4154.507813,4387.850098,4422.450195,4337.049805,4350,3552210,4381.100098
29-07-2024,4148.116699,4381.100098,4431,4371,4415,1746803,4365.350098
30-07-2024,4133.204102,4365.350098,4398,4327.299805,4391.100098,1797906,4385.350098
31-07-2024,4152.140625,4385.350098,4414,4345,4350,2330091,4397.100098
01-08-2024,4163.265625,4397.100098,4419.299805,4365.049805,4399.399902,2202244,4283.049805
02-08-2024,4055.281006,4283.049805,4398,4270,4365,2811282,4155.049805
05-08-2024,3934.087891,4155.049805,4239,4110.5,4239,2787771,4171.200195
06-08-2024,3949.37915,4171.200195,4258.25,4160.799805,4170.950195,2203067,4200.450195
07-08-2024,3977.073975,4200.450195,4244.950195,4180.299805,4228,1237666,4172.549805
08-08-2024,3950.657471,4172.549805,4232,4160,4181,2441283,4228.75
09-08-2024,4003.868652,4228.75,4253.649902,4205.549805,4217,1302536,4195.649902
12-08-2024,3972.528809,4195.649902,4239,4186.350098,4230,936912,4196.950195
13-08-2024,3973.760254,4196.950195,4234,4183,4213,1495593,4295.25
14-08-2024,4066.832031,4295.25,4306.200195,4188.149902,4209,3226545,4416.049805
16-08-2024,4181.208008,4416.049805,4427,4325.100098,4350,3457058,4490
19-08-2024,4251.225586,4490,4494.25,4390.350098,4421,2055210,4523.299805
20-08-2024,4282.754395,4523.299805,4565,4500,4505,2212298,4551.5
21-08-2024,4309.45459,4551.5,4560,4492.549805,4518,1896990,4502
22-08-2024,4262.587891,4502,4560.950195,4497.200195,4560,1829872,4463.899902
23-08-2024,4226.513184,4463.899902,4506,4455,4500,1809253,4502.450195
26-08-2024,4263.013672,4502.450195,4552.149902,4485,4489,1844164,4497.149902
27-08-2024,4257.995117,4497.149902,4510,4486.799805,4505,930697,4506.049805
28-08-2024,4266.421387,4506.049805,4562.5,4457.299805,4498.75,1848058,4511.799805
29-08-2024,4271.866699,4511.799805,4556,4460,4460,2133641,4553.75
30-08-2024,4311.585449,4553.75,4592.25,4487.799805,4500,3637222,4521.049805
02-09-2024,4280.625,4521.049805,4588,4512,4576,1216500,4512.350098
03-09-2024,4272.387207,4512.350098,4555.899902,4495.899902,4521.049805,1717263,4479.25
04-09-2024,4241.047363,4479.25,4487,4436.700195,4476.950195,1265505,4475.950195
05-09-2024,4237.92334,4475.950195,4499,4454.149902,4481,1688793,4456.75
06-09-2024,4219.743652,4456.75,4518.950195,4440,4473.950195,1649179,4449.549805
09-09-2024,4212.926758,4449.549805,4490.25,4430.5,4455,1184938,4507.850098
10-09-2024,4268.126465,4507.850098,4539.950195,4440.450195,4442.450195,1385591,4479.350098
11-09-2024,4241.14209,4479.350098,4549.350098,4471.25,4521.450195,1325919,4517.700195
12-09-2024,4277.452637,4517.700195,4532.600098,4431.299805,4510.25,2742216,4522.600098
13-09-2024,4282.091797,4522.600098,4547,4505,4530,1458786,4513.25
16-09-2024,4273.239746,4513.25,4546.049805,4494.450195,4527,1155120,4505.649902
17-09-2024,4266.043457,4505.649902,4535.799805,4466,4513.25,1699364,4346.149902
18-09-2024,4115.025879,4346.149902,4497.049805,4321,4497.049805,2961779,4296.149902
19-09-2024,4067.684326,4296.149902,4422.200195,4281.799805,4390.049805,2927551,4284.899902
20-09-2024,4057.033203,4284.899902,4330.700195,4227.5,4316.899902,5447908,4268.5
23-09-2024,4041.504883,4268.5,4309.399902,4253,4300,1702319,4271.299805
24-09-2024,4044.155518,4271.299805,4291,4240,4251.649902,3012026,4274.75
25-09-2024,4047.422363,4274.75,4289.600098,4240,4252.350098,2713073,4292.5
26-09-2024,4064.229004,4292.5,4316.799805,4260,4260,3964251,4308.700195
27-09-2024,4079.566895,4308.700195,4378,4300.049805,4335,3012477,4268.5
30-09-2024,4041.504883,4268.5,4298.75,4260.049805,4286.899902,2503416,4287.899902
01-10-2024,4059.873291,4287.899902,4295.75,4242.950195,4255.549805,1823365,4232.75
03-10-2024,4007.656006,4232.75,4279,4210,4262.600098,3350119,4252.25
04-10-2024,4026.118652,4252.25,4298,4224.049805,4225,2965463,4272.850098
07-10-2024,4045.623535,4272.850098,4297.25,4229.399902,4273.899902,1472619,4253.25
08-10-2024,4027.066162,4253.25,4279.399902,4203.950195,4272.600098,1541867,4252.950195
09-10-2024,4026.781982,4252.950195,4295,4246.700195,4260,1082504,4227.399902
10-10-2024,4002.590576,4227.399902,4293.850098,4198.600098,4253.25,2378875,4149.200195
11-10-2024,3928.549316,4149.200195,4241.950195,4112.450195,4143,5759183,4136.649902
14-10-2024,3916.666504,4136.649902,4165.399902,4122.200195,4140,2137590,4116.799805
15-10-2024,3897.871826,4116.799805,4169.950195,4095,4131.049805,2759474,4094.949951
16-10-2024,3877.184326,4094.949951,4115,4067.199951,4085,2359151,4109
17-10-2024,3890.487061,4109,4129.950195,4092.949951,4112.799805,2522659,4123.049805
18-10-2024,3913.313232,4123.049805,4146.149902,4080,4090,2361000,4079.850098
21-10-2024,3872.311035,4079.850098,4139.950195,4070,4132.600098,1595450,4015.5
22-10-2024,3811.234375,4015.5,4089.800049,4006.350098,4066,1928049,4066.25
23-10-2024,3859.402832,4066.25,4113.549805,3995.149902,3999.600098,1966476,4047.899902
24-10-2024,3841.986328,4047.899902,4079,4004,4004,2676744,4057.550049
25-10-2024,3851.145752,4057.550049,4092,4032.699951,4057.050049,1759676,4090.850098
28-10-2024,3882.751465,4090.850098,4134,4051,4068.949951,1532534,4075.25
29-10-2024,3867.945068,4075.25,4103.5,4060.100098,4095.850098,1445885,4084.649902
30-10-2024,3876.866455,4084.649902,4107,4060.050049,4075,1935002,3968.449951
31-10-2024,3766.577881,3968.449951,4078.300049,3960,4070,3740372,3984.199951
01-11-2024,3781.526611,3984.199951,3998.949951,3976.050049,3989.850098,154895,3964.149902
04-11-2024,3762.496338,3964.149902,3991.899902,3913.25,3966.300049,2269192,3971.350098
05-11-2024,3769.330322,3971.350098,3986,3941.100098,3941.100098,967590,4139.649902
06-11-2024,3929.068604,4139.649902,4149.799805,3975.25,4003.600098,3792017,4150.899902
07-11-2024,3939.746094,4150.899902,4205.799805,4085.050049,4169.700195,3724349,4147
08-11-2024,3936.044922,4147,4169.75,4117.649902,4155,1648039,4198.700195
11-11-2024,3985.115234,4198.700195,4234.299805,4117.649902,4128.200195,1406487,4197.399902
12-11-2024,3983.880859,4197.399902,4218,4164.350098,4216,1587640,4150.350098
13-11-2024,3939.224609,4150.350098,4196.75,4131.049805,4178.100098,1098813,4145.899902
14-11-2024,3935.000977,4145.899902,4160,4116.450195,4135,1825432,4019.5
18-11-2024,3815.031006,4019.5,4213,3990.199951,4213,3313944,4039.550049
19-11-2024,3834.061035,4039.550049,4132.149902,4014.100098,4019.899902,1776233,4072.850098
21-11-2024,3865.666992,4072.850098,4092.449951,4024,4044.899902,2384347,4244.600098
22-11-2024,4028.68042,4244.600098,4254.950195,4054,4071,3096553,4315.100098
25-11-2024,4095.594482,4315.100098,4328.100098,4252.200195,4280,4052167,4352.700195
26-11-2024,4131.28125,4352.700195,4366.600098,4310,4321.049805,2060669,4332.549805
27-11-2024,4112.15625,4332.549805,4377.399902,4324.049805,4358.950195,1558993,4244.899902
28-11-2024,4028.964844,4244.899902,4339.950195,4233,4319,2558544,4270.850098
29-11-2024,4053.594727,4270.850098,4298.700195,4195.649902,4220,2017425,4276.649902
02-12-2024,4059.099609,4276.649902,4288.200195,4230.049805,4270,1670944,4302.75
03-12-2024,4083.872559,4302.75,4325,4265.450195,4314.350098,2010905,4354.399902
04-12-2024,4132.89502,4354.399902,4386.950195,4289.049805,4313.549805,3302642,4464.049805
05-12-2024,4236.966797,4464.049805,4489,4360,4400.799805,3746747,4445.5
06-12-2024,4219.36084,4445.5,4465,4412.75,4453,1842087,4452.149902
09-12-2024,4225.672363,4452.149902,4469.399902,4415.549805,4430.450195,2066639,4432.549805
10-12-2024,4207.069336,4432.549805,4493.799805,4412.100098,4426.149902,2087828,4427.450195
11-12-2024,4202.229004,4427.450195,4448.649902,4407,4431.850098,1635256,4454.950195
12-12-2024,4228.32959,4454.950195,4485,4426,4430.049805,1914642,4473.899902
13-12-2024,4246.31543,4473.899902,4494.899902,4394.399902,4434.950195,1967048,4415.200195
16-12-2024,4190.602051,4415.200195,4475,4397,4459,1646224,4328.5
17-12-2024,4108.3125,4328.5,4432.950195,4318,4410,3225027,4347.850098
18-12-2024,4126.678223,4347.850098,4362,4289.600098,4311.700195,1575404,4271.899902
19-12-2024,4054.591309,4271.899902,4364,4262,4282,3015763,4170.299805
20-12-2024,3958.15918,4170.299805,4382,4152.5,4329,4116989,4158.299805
23-12-2024,3946.77002,4158.299805,4217,4114.899902,4200.049805,2195338,4179.5
24-12-2024,3966.891357,4179.5,4218,4158.299805,4158.299805,1181886,4169.100098
26-12-2024,3957.020996,4169.100098,4199.950195,4143.149902,4179.5,1208464,4164.850098
27-12-2024,3952.987061,4164.850098,4180.950195,4147.25,4163,858100,4158.799805
30-12-2024,3947.244629,4158.799805,4199.299805,4112,4151,1527169,4094.800049
31-12-2024,3886.500488,4094.800049,4139.950195,4032.050049,4135,1555429,4112.450195
01-01-2025,3903.252686,4112.450195,4134,4085.449951,4094.399902,763161,4175.75
02-01-2025,3963.332764,4175.75,4183,4096.950195,4120,1720835,4099.899902
03-01-2025,3891.341064,4099.899902,4179.950195,4092.300049,4179.950195,1791953,4095
06-01-2025,3886.69043,4095,4149.649902,4066.399902,4105.5,2085593,4028.300049
07-01-2025,3823.383301,4028.300049,4140.350098,4011.550049,4114.950195,2669054,4108.399902
08-01-2025,3899.408691,4108.399902,4126,4017.75,4034.899902,2181277,4038.850098
09-01-2025,3833.396729,4038.850098,4137.75,4025.300049,4101,2392472,4265.649902
10-01-2025,4048.65918,4265.649902,4297,4170,4200,7894300,4291.100098
13-01-2025,4072.815186,4291.100098,4322.950195,4227.399902,4245,4003771,4233.049805
14-01-2025,4017.717529,4233.049805,4313.899902,4219.049805,4302,3441709,4249.600098
15-01-2025,4033.42627,4249.600098,4256.450195,4207.450195,4218,1653474,4206.299805
16-01-2025,3992.328613,4206.299805,4294,4191.850098,4260,2637705,4124.299805
17-01-2025,3986.528809,4124.299805,4160.600098,4100.049805,4159.899902,1761466,4077.800049
20-01-2025,3941.58252,4077.800049,4145.799805,4068.100098,4145.799805,1287799,4035.850098
21-01-2025,3901.033936,4035.850098,4111,4030,4095.300049,1971591,4156.600098
22-01-2025,4017.750244,4156.600098,4163.149902,4044.199951,4050,2409223,4145.450195
23-01-2025,4006.9729,4145.450195,4191.350098,4140.049805,4168,1822998,4152.350098
24-01-2025,4013.641846,4152.350098,4178,4104,4104,1910099,4065.149902
27-01-2025,3929.354736,4065.149902,4156.350098,4041.050049,4102,1551782,4040.300049
28-01-2025,3905.335205,4040.300049,4102,4028.300049,4070.800049,2468272,4099.799805
29-01-2025,3962.847168,4099.799805,4107.850098,4054,4054,1217089,4100.049805
30-01-2025,3963.088623,4100.049805,4129.899902,4058.5,4099.899902,1531251,4112.399902
31-01-2025,3975.026367,4112.399902,4128.450195,4085.25,4110,1492943,4073.149902
01-02-2025,3937.087646,4073.149902,4135.899902,4056,4113,437172,4068.649902
03-02-2025,3932.737549,4068.649902,4077,3998.699951,4030.899902,1265713,4107.049805
04-02-2025,3969.854736,4107.049805,4118.850098,4066.050049,4083.699951,2547132,4091.100098
05-02-2025,3954.437988,4091.100098,4150,4076,4150,1693912,4082.75
06-02-2025,3946.366699,4082.75,4139.5,4051.550049,4105.399902,2284536,4029.399902
07-02-2025,3894.798828,4029.399902,4090,4008,4090,1548940,4036.949951
10-02-2025,3902.096924,4036.949951,4052,4014.350098,4040,1339511,3963.550049
11-02-2025,3831.14917,3963.550049,4040,3955,4018.399902,1810908,3950.149902
12-02-2025,3818.196289,3950.149902,4021.75,3940.149902,3971.100098,1678002,3910.149902
13-02-2025,3779.532471,3910.149902,3984.449951,3902.25,3968,2277310,3934.850098
14-02-2025,3803.407471,3934.850098,3948,3900,3925,1681975,3904.5
17-02-2025,3774.071045,3904.5,3934,3856.199951,3856.5,1799806,3873.199951
18-02-2025,3743.81665,3873.199951,3924.399902,3864.5,3898.399902,2149879,3784.100098
19-02-2025,3657.693359,3784.100098,3874.949951,3768.149902,3872.199951,4366672,3779.399902
20-02-2025,3653.150146,3779.399902,3788,3751.300049,3761.5,2888572,3786
21-02-2025,3659.529785,3786,3817,3775,3776.100098,1833931,3675.600098
24-02-2025,3552.817871,3675.600098,3763.199951,3670,3743.149902,2508516,3629.550049
25-02-2025,3508.305908,3629.550049,3658,3621.25,3625,4101954,3612.550049
27-02-2025,3491.873779,3612.550049,3638,3600.699951,3611.699951,3823856,3483.25
28-02-2025,3366.893066,3483.25,3600,3457,3584.949951,7085018,3493.050049
03-03-2025,3376.365479,3493.050049,3523.25,3476.149902,3485,4990439,3532.050049
04-03-2025,3414.062988,3532.050049,3551,3464.300049,3474,2797737,3547.050049
05-03-2025,3428.562012,3547.050049,3600.350098,3520.850098,3520.850098,2501894,3601.600098
06-03-2025,3481.289551,3601.600098,3609.449951,3536.100098,3557,2786513,3611.199951
07-03-2025,3490.568604,3611.199951,3625,3574.399902,3600,2051315,3589.649902
10-03-2025,3469.73877,3589.649902,3622.100098,3582.600098,3606.5,1004626,3575.300049
11-03-2025,3455.868164,3575.300049,3588.75,3537.649902,3558,1995450,3506.199951
12-03-2025,3389.076416,3506.199951,3569.25,3486.850098,3565,3174167,3511.050049
13-03-2025,3393.764404,3511.050049,3524.300049,3484.100098,3502.300049,1693004,3497.699951
17-03-2025,3380.860107,3497.699951,3530.449951,3477.350098,3489,2690906,3497.699951
18-03-2025,3380.860107,3497.699951,3497.699951,3497.699951,3497.699951,0,3497.100098
19-03-2025,3380.280762,3497.100098,3547,3462.75,3547,3051244,3563.149902
20-03-2025,3444.124023,3563.149902,3578.949951,3512,3512,2845192,3578.100098
21-03-2025,3458.574707,3578.100098,3616.25,3465,3475,4161925,3628.949951
24-03-2025,3507.72583,3628.949951,3649.75,3566.600098,3600,1834751,3657.75
25-03-2025,3535.563965,3657.75,3710,3638,3645,3135390,3635.800049
26-03-2025,3514.347168,3635.800049,3680.5,3625.850098,3647.75,1734499,3651.199951
27-03-2025,3529.23291,3651.199951,3663,3610.5,3614.850098,2528474,3606.149902
28-03-2025,3485.6875,3606.149902,3660.949951,3591.899902,3651,2051919,3550.800049
01-04-2025,3432.186523,3550.800049,3584,3525,3572.699951,2618493,3543.949951
02-04-2025,3425.565186,3543.949951,3564.100098,3530.050049,3544,1764313,3403.149902
03-04-2025,3289.46875,3403.149902,3502,3396.149902,3491,4537821,3299.399902
04-04-2025,3189.184326,3299.399902,3399.649902,3295.5,3362.600098,5317367,3274.050049
07-04-2025,3164.681152,3274.050049,3291.399902,3056.050049,3100,6623955,3292.949951
08-04-2025,3182.949951,3292.949951,3349,3255.300049,3302.050049,5557558,3246.600098
09-04-2025,3138.148193,3246.600098,3270,3212.050049,3260.550049,2990265,3231.5
11-04-2025,3123.552734,3231.5,3298.949951,3206,3289.550049,7108961,3248.199951
15-04-2025,3139.694824,3248.199951,3314.399902,3238.600098,3314.399902,3512160,3273.800049
16-04-2025,3164.439697,3273.800049,3278.100098,3229,3248.199951,2384391,3298.899902
17-04-2025,3188.701172,3298.899902,3303.600098,3218,3245.5,2932346,3321.600098
21-04-2025,3210.643066,3321.600098,3354,3284.100098,3290.100098,2432946,3314.399902
22-04-2025,3203.683105,3314.399902,3333.899902,3295,3322.600098,2710498,3413
23-04-2025,3298.98999,3413,3420.899902,3337.300049,3365,3543923,3401.600098
24-04-2025,3287.970459,3401.600098,3412.5,3387.699951,3401.100098,2252175,3448
25-04-2025,3332.820801,3448,3477.800049,3405,3420,2742991,3443.5
28-04-2025,3328.470703,3443.5,3457.800049,3405,3435,1593296,3472.5
29-04-2025,3356.501953,3472.5,3495,3430.399902,3455,1578332,3453.699951
30-04-2025,3338.330078,3453.699951,3509.899902,3366,3472,2809332,3431
02-05-2025,3316.388184,3431,3491.5,3420,3472,1721761,3454.300049
05-05-2025,3338.909912,3454.300049,3504.5,3446.399902,3450,1284443,3460
06-05-2025,3344.419678,3460,3473,3437,3460,1324763,3445.100098
07-05-2025,3330.017334,3445.100098,3459.5,3420.600098,3420.600098,1477128,3448.899902
08-05-2025,3333.69043,3448.899902,3477,3428.699951,3448,2543591,3440.300049
09-05-2025,3325.378174,3440.300049,3446.199951,3398.100098,3399,2531757,3620.399902
12-05-2025,3499.461426,3620.399902,3630.5,3502.199951,3505,2228678,3515
13-05-2025,3397.582275,3515,3623,3510.5,3620.399902,3062887,3548.699951
14-05-2025,3430.156738,3548.699951,3561,3508.600098,3521,2119499,3579.899902
15-05-2025,3460.314453,3579.899902,3600,3514.100098,3564,3548330,3561.300049
16-05-2025,3442.335693,3561.300049,3593.899902,3546.100098,3593.899902,1666727,3518.800049
19-05-2025,3401.255615,3518.800049,3550,3503.699951,3550,2537377,3498.300049
20-05-2025,3381.44043,3498.300049,3558,3494,3531.800049,2038374,3525.800049
21-05-2025,3408.021729,3525.800049,3537,3498.300049,3508,1440153,3477
22-05-2025,3360.851807,3477,3497.800049,3451.300049,3495,2034383,3514.600098
23-05-2025,3397.195557,3514.600098,3535,3465.600098,3477,1274331,3537.300049
26-05-2025,3419.137451,3537.300049,3545,3510.100098,3521,967470,3498.699951
27-05-2025,3381.826904,3498.699951,3540,3483.100098,3532,2467680,3497.699951
28-05-2025,3380.860107,3497.699951,3529,3493,3520,1222933,3498.100098
29-05-2025,3381.247314,3498.100098,3532.5,3486.5,3504.699951,3188072,3463.399902
30-05-2025,3347.705811,3463.399902,3506.699951,3453.100098,3490,3404365,3449.800049
02-06-2025,3334.560547,3449.800049,3460,3418.600098,3450,1877585,3405.199951
03-06-2025,3291.450195,3405.199951,3473.5,3400.5,3446,2848125,3380.899902
04-06-2025,3297.008789,3380.899902,3394.800049,3370,3389,2544807,3371.100098
05-06-2025,3287.451904,3371.100098,3409,3363.699951,3409,3584683,3384.199951
06-06-2025,3300.226807,3384.199951,3390.899902,3358.699951,3371.100098,2070390,3421.899902
09-06-2025,3336.991455,3421.899902,3434,3390.899902,3400,1718678,3462.899902
10-06-2025,3376.974121,3462.899902,3485.800049,3423.199951,3440,2419874,3471.899902
11-06-2025,3385.750732,3471.899902,3489,3449.100098,3470,2847013,3434.199951
12-06-2025,3348.986084,3434.199951,3474.699951,3423.199951,3471.899902,4060134,3445.699951
13-06-2025,3360.200928,3445.699951,3450.5,3393.199951,3393.199951,2178493,3496.300049
16-06-2025,3409.54541,3496.300049,3509,3426.199951,3440,1934088,3515.300049
17-06-2025,3428.073975,3515.300049,3520,3488.100098,3510,2111940,3451.399902
18-06-2025,3365.759277,3451.399902,3538,3443.100098,3519.100098,2696327,3424
19-06-2025,3339.039307,3424,3451,3413,3450,2672768,3435.699951
20-06-2025,3350.448975,3435.699951,3446.300049,3410.899902,3425,2351248,3393.600098
23-06-2025,3309.393799,3393.600098,3425,3370,3415,3123421,3390.399902
24-06-2025,3306.272949,3390.399902,3442.100098,3382,3434.600098,3403048,3444.800049
25-06-2025,3359.323242,3444.800049,3450,3400,3407.300049,1757699,3441.800049
26-06-2025,3356.397705,3441.800049,3451.399902,3415.300049,3444.800049,2879106,3441.100098
27-06-2025,3355.715332,3441.100098,3466.399902,3431,3455,1778433,3462
30-06-2025,3376.096436,3462,3464.899902,3430,3439.899902,1468351,3429.699951
01-07-2025,3344.598145,3429.699951,3485,3413.5,3455,2375183,3423.300049
02-07-2025,3338.356689,3423.300049,3489.899902,3420,3487.199951,3090585,3400.800049
03-07-2025,3316.415039,3400.800049,3435.300049,3397.600098,3430,2531870,3419.800049
04-07-2025,3334.943604,3419.800049,3427,3390.100098,3408,1109320,3411.699951
07-07-2025,3327.044678,3411.699951,3426.100098,3408.399902,3418.300049,1639174,3406.199951
08-07-2025,3321.680908,3406.199951,3425,3393.399902,3405,2325242,3383.800049
09-07-2025,3299.836914,3383.800049,3414,3367,3410,2034938,3382
10-07-2025,3298.081299,3382,3399,3356,3380,3035012,3266
11-07-2025,3184.959717,3266,3335,3261.100098,3299.899902,7635550,3222.699951
14-07-2025,3142.734131,3222.699951,3272,3200,3266,3924009,3252.300049
15-07-2025,3171.599854,3252.300049,3259.399902,3206,3206,2590889,3233.100098
16-07-2025,3163.576172,3233.100098,3244.899902,3220.600098,3227,2540733,3209.199951
17-07-2025,3140.189941,3209.199951,3242,3204.100098,3224.100098,2947640,3189.899902
18-07-2025,3121.304932,3189.899902,3228.800049,3187,3225,3432645,3158.199951
21-07-2025,3090.286621,3158.199951,3197.600098,3152,3190,3844346,3159.600098
22-07-2025,3091.656738,3159.600098,3180.100098,3154.600098,3159.600098,3198036,3179.100098
23-07-2025,3110.737305,3179.100098,3182,3157.600098,3159.600098,1922875,3148
24-07-2025,3080.306152,3148,3173.699951,3140,3165.100098,2934778,3135.800049
25-07-2025,3068.368408,3135.800049,3156.899902,3125.600098,3140,2568917,3079.300049
28-07-2025,3013.083252,3079.300049,3118,3069.899902,3110,3374473,3056
29-07-2025,2990.284424,3056,3074,3041.199951,3060,4785312,3053.600098
30-07-2025,2987.936035,3053.600098,3069,3047.199951,3060,2880121,3036.800049
31-07-2025,2971.497314,3036.800049,3059.800049,3015,3041.699951,2968371,3003
01-08-2025,2938.424072,3003,3036.800049,3000,3029.899902,2053847,3074.399902
04-08-2025,3008.288574,3074.399902,3079.399902,2991.600098,3009.100098,2519252,3063.899902
05-08-2025,2998.014404,3063.899902,3077.5,3042,3074.399902,1927996,3032.300049
06-08-2025,2967.093994,3032.300049,3066.800049,3026,3063,1487081,3047
07-08-2025,2981.478027,3047,3051.600098,3010.899902,3016,2543076,3036.399902
08-08-2025,2971.105713,3036.399902,3059.800049,3025,3048.100098,2762140,3040.800049
11-08-2025,2975.411377,3040.800049,3049.899902,3021.300049,3036.399902,1884215,3035.399902
12-08-2025,2970.127197,3035.399902,3096.399902,3026.899902,3041,3358232,3036.199951
13-08-2025,2970.910156,3036.199951,3044.399902,3028.600098,3036.100098,2148166,3022.300049
14-08-2025,2957.309082,3022.300049,3055.899902,3019.100098,3034,3342174,3011.199951
18-08-2025,2946.447754,3011.199951,3049,3003.399902,3046.5,2945609,3016.199951
19-08-2025,2951.340332,3016.199951,3025,3011.100098,3011.199951,2650784,3098.600098
20-08-2025,3031.968262,3098.600098,3103.399902,3010.899902,3010.899902,4952358,3102.600098
21-08-2025,3035.882568,3102.600098,3130,3083.100098,3130,3230726,3054
22-08-2025,2988.327393,3054,3095.699951,3050,3086,1593791,3140.600098
25-08-2025,3073.065186,3140.600098,3152,3077.100098,3087.300049,3448370,3157.199951
26-08-2025,3089.30835,3157.199951,3162,3120,3129,5522097,3093.699951
28-08-2025,3027.173584,3093.699951,3146.5,3086.5,3145,3116051,3084.699951
29-08-2025,3018.367188,3084.699951,3115,3077.199951,3093,2271789,3112.600098
01-09-2025,3045.667236,3112.600098,3131.100098,3090,3090,1246862,3111.5
02-09-2025,3044.59082,3111.5,3155,3103.100098,3121.100098,2185229,3097.5
03-09-2025,3030.891846,3097.5,3141.899902,3088,3129.899902,1799774,3095.699951
04-09-2025,3029.130859,3095.699951,3118,3090.800049,3116,1481391,3048.300049
05-09-2025,2982.75,3048.300049,3103.399902,3028.600098,3097.100098,2802055,3019
08-09-2025,2954.080078,3019,3064.899902,3016,3050,2626187,3049.399902
09-09-2025,2983.826172,3049.399902,3060,3030.800049,3032.100098,2489301,3110
10-09-2025,3043.123291,3110,3122.699951,3053.399902,3056.399902,2079428,3124.199951
11-09-2025,3057.017822,3124.199951,3139,3110.100098,3139,2263446,3133.399902
12-09-2025,3066.02002,3133.399902,3148.699951,3121,3144,1447167,3111.899902
15-09-2025,3044.982178,3111.899902,3134,3096,3134,1732539,3145.699951
16-09-2025,3078.055664,3145.699951,3150,3109.100098,3128,2573429,3172.800049
17-09-2025,3104.572754,3172.800049,3182.399902,3142.399902,3152,2418271,3176.699951
18-09-2025,3108.388916,3176.699951,3203,3161.399902,3185,2633138,3169.199951
19-09-2025,3101.050049,3169.199951,3180.5,3144,3170,4901694,3073.800049
22-09-2025,3007.70166,3073.800049,3106.899902,3065,3095,3634901,3062.399902
23-09-2025,2996.546631,3062.399902,3080.699951,3052,3070,3177741,3035.399902
24-09-2025,2970.127197,3035.399902,3057,3033,3050,1625714,2957.399902
25-09-2025,2893.804443,2957.399902,3029.600098,2951,3022,4974361,2899.100098
26-09-2025,2836.758545,2899.100098,2954.800049,2891.300049,2941,3934636,2896.100098
29-09-2025,2833.822754,2896.100098,2929.300049,2894,2916,3110035,2888.399902
30-09-2025,2826.28833,2888.399902,2915.300049,2885.100098,2911,2253458,2914.199951
01-10-2025,2851.533691,2914.199951,2924.800049,2866.600098,2891,1952902,2901.899902
03-10-2025,2839.498047,2901.899902,2924,2891.100098,2924,2899519,2988.399902
06-10-2025,2924.137939,2988.399902,2993.600098,2895.600098,2902,2112774,2973.699951
07-10-2025,2909.753906,2973.699951,3004.5,2955.5,2995,3062943,3027.199951
08-10-2025,2962.103516,3027.199951,3043,2968,2975,4121889,3061.699951
09-10-2025,2995.861816,3061.699951,3066,3020,3034,3211304,3028.300049
10-10-2025,2963.179932,3028.300049,3070,3006.899902,3050,8817365,3007.199951
13-10-2025,2942.533936,3007.199951,3035.5,2998.199951,3027,2866865,2960.300049
14-10-2025,2896.642334,2960.300049,3027.199951,2955.5,3021,3611416,2969.800049
15-10-2025,2916.776367,2969.800049,2979.699951,2951,2971,4282226,2970.699951
16-10-2025,2917.660156,2970.699951,2975,2943.100098,2969.899902,3251495,2962.199951
17-10-2025,2909.311768,2962.199951,2988.800049,2955.399902,2970,4374683,3015.199951
20-10-2025,2961.365479,3015.199951,3023,2978.5,2985.5,3133039,3006.699951
21-10-2025,2953.017334,3006.699951,3031.800049,2996,3031.100098,310644,3073.199951
23-10-2025,3018.330078,3073.199951,3098,3036.100098,3055,5564758,3063.199951
24-10-2025,3008.508545,3063.199951,3090,3058.300049,3080,2684318,3084.899902
27-10-2025,3029.821045,3084.899902,3094.199951,3060.199951,3066.5,1946312,3057.899902
28-10-2025,3003.303223,3057.899902,3090.199951,3040.199951,3076,3470737,3057.600098
29-10-2025,3003.008789,3057.600098,3076,3046.100098,3057.899902,2895420,3035.300049
30-10-2025,2981.106689,3035.300049,3063.800049,3032.800049,3049.100098,2241536,3058
31-10-2025,3003.401367,3058,3067.399902,3025.100098,3035,1868085,3016.800049
03-11-2025,2962.937012,3016.800049,3058,3010,3046.899902,2194877,2990.199951
04-11-2025,2936.812012,2990.199951,3029.300049,2976,3019.600098,2670720,3010.899902
06-11-2025,2957.142334,3010.899902,3024,2990,2990.100098,2542721,2991.800049
07-11-2025,2938.383545,2991.800049,3004,2960.5,3001,1830520,3025.199951
10-11-2025,2971.187012,3025.199951,3047.899902,2992,2993,1556656,3047
11-11-2025,2992.5979,3047,3055.699951,3018,3045,2806868,3131.800049
12-11-2025,3075.883789,3131.800049,3136.399902,3057.100098,3060,4460315,3105.699951
13-11-2025,3050.249756,3105.699951,3131.899902,3102,3131.800049,1740435,3106
14-11-2025,3050.544434,3106,3113.100098,3077.300049,3090,2210794,3102.199951
17-11-2025,3046.812256,3102.199951,3123.5,3086.600098,3106,2232853,3087.100098
18-11-2025,3031.981934,3087.100098,3105,3078,3102,2548350,3147.699951
19-11-2025,3091.499756,3147.699951,3155,3083.5,3097,3151053,3144.800049
20-11-2025,3088.651855,3144.800049,3164.5,3138.100098,3148,2700767,3150.600098
21-11-2025,3094.348145,3150.600098,3170,3135.199951,3144.800049,4177037,3141.199951
24-11-2025,3085.115967,3141.199951,3178.899902,3131,3158,6703764,3119.199951
25-11-2025,3063.508789,3119.199951,3149.800049,3115,3145.300049,2737920,3162.899902
26-11-2025,3106.428467,3162.899902,3178,3117,3118.800049,2508527,3136.600098
27-11-2025,3080.598145,3136.600098,3180,3125,3180,2836233,3137.5
28-11-2025,3081.481934,3137.5,3147.300049,3125,3140,1616690,3133.399902
01-12-2025,3077.455078,3133.399902,3154,3122.199951,3137.899902,1747647,3135.699951
02-12-2025,3079.714111,3135.699951,3144,3120.399902,3131,2512003,3180
03-12-2025,3123.223145,3180,3211.899902,3139,3140,3952112,3229.199951
04-12-2025,3171.544678,3229.199951,3250,3187.399902,3194,5025905,3238.199951
05-12-2025,3180.384033,3238.199951,3271.600098,3222.399902,3230,5244013,3236.5
08-12-2025,3178.714355,3236.5,3259.899902,3208.600098,3243,2544725,3208.300049
09-12-2025,3151.018066,3208.300049,3233.699951,3181.199951,3230,2734893,3189.199951
10-12-2025,3132.259033,3189.199951,3225,3178.100098,3225,1386849,3191.899902
11-12-2025,3134.910645,3191.899902,3208.399902,3153.100098,3205,1914362,3220.5
12-12-2025,3163,3220.5,3223,3185.699951,3197.699951,1146554,3230.199951
15-12-2025,3172.526855,3230.199951,3238.199951,3197.300049,3211.100098,1562190,3205.100098
16-12-2025,3147.875244,3205.100098,3220,3191.100098,3220,1734623,3217.800049
17-12-2025,3160.348389,3217.800049,3236.899902,3200.5,3200.5,1376350,3280.800049
18-12-2025,3222.223633,3280.800049,3287.800049,3221,3228,2307422,3282
19-12-2025,3223.4021,3282,3317.899902,3278.800049,3299,3902511,3324.899902
22-12-2025,3265.536133,3324.899902,3328.600098,3291,3310,2632816,3310
23-12-2025,3250.9021,3310,3319.899902,3293.5,3319.899902,2365420,3319
24-12-2025,3259.741455,3319,3327.100098,3296.100098,3304.100098,1367708,3280
26-12-2025,3221.437744,3280,3320,3271.800049,3313.100098,1176664,3251.5
29-12-2025,3193.446533,3251.5,3288,3242.899902,3280,2079473,3246.800049
30-12-2025,3188.830566,3246.800049,3267.5,3239.5,3250,2807593,3206.199951
31-12-2025,3148.955322,3206.199951,3246,3198.5,3240,3362634,3227.399902
01-01-2026,3169.776855,3227.399902,3234.100098,3198.199951,3215,1255735,3250.699951
02-01-2026,3192.660889,3250.699951,3254.300049,3219.5,3234,1184324,3216.100098
05-01-2026,3158.678711,3216.100098,3247,3191,3240.5,2341703,3255.800049
06-01-2026,3197.669922,3255.800049,3263.199951,3205,3210,2912325,3295.600098
07-01-2026,3236.759277,3295.600098,3300.600098,3223.199951,3242.899902,1989442,3203.899902
08-01-2026,3146.696289,3203.899902,3286.899902,3182,3286.899902,4159336,3207.800049
09-01-2026,3150.526855,3207.800049,3229.699951,3191,3191,1938673,3239.600098
12-01-2026,3181.759277,3239.600098,3252,3174.300049,3203,2228342,3268
13-01-2026,3209.6521,3268,3280,3210.5,3245,5645341,3192.5
14-01-2026,3135.5,3192.5,3260,3183,3260,3539511,3192.5
15-01-2026,3135.5,3192.5,3192.5,3192.5,3192.5,0,3206.699951
16-01-2026,3206.699951,3206.699951,3221.899902,3171,3219.399902,4293470,3163.600098
19-01-2026,3163.600098,3163.600098,3220,3152.100098,3188,3387562,3102.300049
20-01-2026,3102.300049,3102.300049,3160,3091.100098,3151.600098,4499273,3122.600098
21-01-2026,3122.600098,3122.600098,3138.5,3082,3100,2015150,3150.399902
22-01-2026,3150.399902,3150.399902,3160,3122.300049,3150,2269827,3162.5
23-01-2026,3162.5,3162.5,3194.5,3152,3190.300049,2068857,3158
27-01-2026,3158,3158,3175,3130,3175,4279874,3200.100098
28-01-2026,3200.100098,3200.100098,3205.199951,3170.600098,3176,2751234,3144.399902
29-01-2026,3144.399902,3144.399902,3200.100098,3125.600098,3200.100098,2457641,3123.899902
30-01-2026,3123.899902,3123.899902,3141,3092,3141,3022068,3169.600098
02-02-2026,3169.600098,3169.600098,3198,3134,3198,2636272,3225.300049
03-02-2026,3225.300049,3225.300049,3350,3186.300049,3350,4366060,2999.100098
04-02-2026,2999.100098,2999.100098,3120,2986,3120,10852595,2991.5
05-02-2026,2991.5,2991.5,3029.699951,2972.300049,2990,3521545,2941.600098
06-02-2026,2941.600098,2941.600098,2985,2916,2976.600098,4687389,2948.199951
09-02-2026,2948.199951,2948.199951,2977,2937.5,2959.100098,2380318,2984.600098
10-02-2026,2984.600098,2984.600098,3011.600098,2943.5,2949.800049,3547763,2909.800049
11-02-2026,2909.800049,2909.800049,2998,2904.199951,2980,3363513,2750.100098
12-02-2026,2750.100098,2750.100098,2880,2740,2869.800049,10612156,2692.199951
13-02-2026,2692.199951,2692.199951,2713,2585,2585,11168735,2706.600098
16-02-2026,2706.600098,2706.600098,2719.800049,2671,2700,2918730,2717.399902
17-02-2026,2717.399902,2717.399902,2760,2695.199951,2716,4209118,2694.899902
18-02-2026,2694.899902,2694.899902,2730,2657.300049,2730,2950820,2677.899902
19-02-2026,2677.899902,2677.899902,2748.699951,2666.600098,2708,3238849,2686.199951
20-02-2026,2686.199951,2686.199951,2702.600098,2647.5,2667,2293482,2676.300049
23-02-2026,2676.300049,2676.300049,2704,2660.199951,2686,4699596,2573.699951
24-02-2026,2573.699951,2573.699951,2647.5,2561.300049,2641,7798833,2629.300049
25-02-2026,2629.300049,2629.300049,2654.199951,2595,2596,3621285,2647.699951
26-02-2026,2647.699951,2647.699951,2671,2635,2650,3464267,2637.399902
27-02-2026,2637.399902,2637.399902,2688.600098,2626.100098,2681.600098,5083717,2613.5
02-03-2026,2613.5,2613.5,2623.800049,2580.300049,2592,3374385,2587.800049
04-03-2026,2587.800049,2587.800049,2635,2580.399902,2625,3446434,2578.800049
05-03-2026,2578.800049,2578.800049,2609.5,2546.399902,2600,2960636,2557.600098
06-03-2026,2557.600098,2557.600098,2619.199951,2553.600098,2572,3998643,2527.399902
09-03-2026,2527.399902,2527.399902,2560,2505,2530,3653428,2513.100098
10-03-2026,2513.100098,2513.100098,2545.199951,2490.100098,2541,4323710,2464.899902
11-03-2026,2464.899902,2464.899902,2521,2460.100098,2508.100098,2720664,2442.399902
12-03-2026,2442.399902,2442.399902,2472.899902,2436,2459.800049,2752075,2410.5
13-03-2026,2410.5,2410.5,2445.899902,2397,2437,2466488,2409.199951
16-03-2026,2409.199951,2409.199951,2425,2366.100098,2410,3807907,2391.699951
17-03-2026,2391.699951,2391.699951,2420,2360,2420,2993367,2440.800049
18-03-2026,2440.800049,2440.800049,2482.899902,2410,2410,3082388,2356
19-03-2026,2356,2356,2424,2350.199951,2417,2757060,2390.600098
20-03-2026,2390.600098,2390.600098,2407.800049,2364.199951,2386,4206320,2383.800049
23-03-2026,2383.800049,2383.800049,2406.800049,2348,2365,3860515,2398.800049
24-03-2026,2398.800049,2398.800049,2435.399902,2379.100098,2404.100098,3420182,2377.399902
25-03-2026,2377.399902,2377.399902,2421.600098,2369.800049,2400.899902,5843778,2389.800049
27-03-2026,2389.800049,2389.800049,2422.100098,2385,2403.899902,4979411,2358.899902
30-03-2026,2358.899902,2358.899902,2398,2346.199951,2375.100098,6804756,2408.199951
01-04-2026,2408.199951,2408.199951,2472,2397.899902,2429,4132661,2450.699951
02-04-2026,2450.699951,2450.699951,2469.899902,2375.699951,2386,5378361,2473.899902
06-04-2026,2473.899902,2473.899902,2482,2448.199951,2474,2572417,2539.800049
07-04-2026,2539.800049,2539.800049,2543.899902,2448,2461,4516550,2559.199951
08-04-2026,2559.199951,2559.199951,2580.300049,2540.100098,2572,4769337,2589
09-04-2026,2589,2589,2605,2531.100098,2554,5628261,2524.300049
10-04-2026,2524.300049,2524.300049,2565.800049,2501.100098,2565.800049,10480239,2472.600098
13-04-2026,2472.600098,2472.600098,2504.899902,2470,2489.899902,3736379,
